spec_id,fold,cell_id,batch,charging_policy,cycle_life,prediction
S000,1,b1c3,1,4C(80%)-4C,1226.0,870.0
S000,1,b1c4,1,4C(80%)-4C,1227.0,870.0
S000,1,b1c20,1,5.4C(80%)-5.4C,534.0,870.0
S000,1,b1c21,1,5.4C(80%)-5.4C,559.0,870.0
S000,1,b1c32,1,6C(60%)-3C,731.0,870.0
S000,1,b1c33,1,6C(60%)-3C,757.0,870.0
S000,1,b1c44,1,8C(35%)-3.6C,616.0,870.0
S000,1,b1c45,1,8C(35%)-3.6C,599.0,870.0
S000,2,b1c6,1,4.8C(80%)-4.8C,636.0,870.0
S000,2,b1c7,1,4.8C(80%)-4.8C,870.0,870.0
S000,2,b1c16,1,5.4C(60%)-3.6C,862.0,870.0
S000,2,b1c17,1,5.4C(60%)-3.6C,857.0,870.0
S000,2,b1c30,1,6C(50%)-3.6C,709.0,870.0
S000,2,b1c31,1,6C(50%)-3.6C,876.0,870.0
S000,2,b1c42,1,8C(25%)-3.6C,702.0,870.0
S000,2,b1c43,1,8C(25%)-3.6C,651.0,870.0
S000,3,b1c5,1,4.4C(80%)-4.4C,1074.0,799.5
S000,3,b1c10,1,5.4C(50%)-3C,906.0,799.5
S000,3,b1c11,1,5.4C(50%)-3C,788.0,799.5
S000,3,b1c24,1,6C(40%)-3C,1017.0,799.5
S000,3,b1c25,1,6C(40%)-3C,854.0,799.5
S000,3,b1c40,1,8C(15%)-3.6C,966.0,799.5
S000,3,b1c41,1,8C(15%)-3.6C,1051.0,799.5
S000,4,b1c12,1,5.4C(50%)-3.6C,902.0,857.0
S000,4,b1c13,1,5.4C(50%)-3.6C,897.0,857.0
S000,4,b1c26,1,6C(40%)-3.6C,870.0,857.0
S000,4,b1c27,1,6C(40%)-3.6C,842.0,857.0
S000,4,b1c36,1,7C(40%)-3C,704.0,857.0
S000,4,b1c37,1,7C(40%)-3C,648.0,857.0
S000,5,b1c8,1,5.4C(40%)-3.6C,879.0,854.0
S000,5,b1c9,1,5.4C(40%)-3.6C,1054.0,854.0
S000,5,b1c22,1,6C(30%)-3.6C,891.0,854.0
S000,5,b1c23,1,6C(30%)-3.6C,1014.0,854.0
S000,5,b1c38,1,7C(40%)-3.6C,617.0,854.0
S000,5,b1c39,1,7C(40%)-3.6C,625.0,854.0
S001,1,b1c3,1,4C(80%)-4C,1226.0,1150.8421527436958
S001,1,b1c4,1,4C(80%)-4C,1227.0,1265.6869188752246
S001,1,b1c20,1,5.4C(80%)-5.4C,534.0,548.7794699059126
S001,1,b1c21,1,5.4C(80%)-5.4C,559.0,539.3181524810834
S001,1,b1c32,1,6C(60%)-3C,731.0,705.10768898438
S001,1,b1c33,1,6C(60%)-3C,757.0,716.6375538829145
S001,1,b1c44,1,8C(35%)-3.6C,616.0,578.7111725273194
S001,1,b1c45,1,8C(35%)-3.6C,599.0,581.2821904618266
S001,2,b1c6,1,4.8C(80%)-4.8C,636.0,789.0720733253703
S001,2,b1c7,1,4.8C(80%)-4.8C,870.0,813.6022126430527
S001,2,b1c16,1,5.4C(60%)-3.6C,862.0,970.8344573269587
S001,2,b1c17,1,5.4C(60%)-3.6C,857.0,899.7572617274857
S001,2,b1c30,1,6C(50%)-3.6C,709.0,775.7761602299134
S001,2,b1c31,1,6C(50%)-3.6C,876.0,793.941306368225
S001,2,b1c42,1,8C(25%)-3.6C,702.0,732.4199750538744
S001,2,b1c43,1,8C(25%)-3.6C,651.0,733.4775946556839
S001,3,b1c5,1,4.4C(80%)-4.4C,1074.0,1003.3863456405643
S001,3,b1c10,1,5.4C(50%)-3C,906.0,916.9250680984937
S001,3,b1c11,1,5.4C(50%)-3C,788.0,985.6955566168009
S001,3,b1c24,1,6C(40%)-3C,1017.0,870.5092263029676
S001,3,b1c25,1,6C(40%)-3C,854.0,919.8654763277136
S001,3,b1c40,1,8C(15%)-3.6C,966.0,934.979904784124
S001,3,b1c41,1,8C(15%)-3.6C,1051.0,943.9970812335084
S001,4,b1c12,1,5.4C(50%)-3.6C,902.0,980.5949319691231
S001,4,b1c13,1,5.4C(50%)-3.6C,897.0,937.7241298190279
S001,4,b1c26,1,6C(40%)-3.6C,870.0,797.3176792152676
S001,4,b1c27,1,6C(40%)-3.6C,842.0,829.8012978525662
S001,4,b1c36,1,7C(40%)-3C,704.0,727.4891371741019
S001,4,b1c37,1,7C(40%)-3C,648.0,729.9539082054005
S001,5,b1c8,1,5.4C(40%)-3.6C,879.0,898.8452542154264
S001,5,b1c9,1,5.4C(40%)-3.6C,1054.0,930.288379309372
S001,5,b1c22,1,6C(30%)-3.6C,891.0,872.3535324308386
S001,5,b1c23,1,6C(30%)-3.6C,1014.0,920.2430428138582
S001,5,b1c38,1,7C(40%)-3.6C,617.0,591.8408676195523
S001,5,b1c39,1,7C(40%)-3.6C,625.0,630.4688957436717
S002,1,b1c3,1,4C(80%)-4C,1226.0,1149.819921732124
S002,1,b1c4,1,4C(80%)-4C,1227.0,1264.283284581297
S002,1,b1c20,1,5.4C(80%)-5.4C,534.0,549.7567090587465
S002,1,b1c21,1,5.4C(80%)-5.4C,559.0,540.3268129832989
S002,1,b1c32,1,6C(60%)-3C,731.0,705.5657569299424
S002,1,b1c33,1,6C(60%)-3C,757.0,717.0573307642383
S002,1,b1c44,1,8C(35%)-3.6C,616.0,579.5890075017059
S002,1,b1c45,1,8C(35%)-3.6C,599.0,582.1514870002684
S002,2,b1c6,1,4.8C(80%)-4.8C,636.0,789.2618708678322
S002,2,b1c7,1,4.8C(80%)-4.8C,870.0,813.7105447781864
S002,2,b1c16,1,5.4C(60%)-3.6C,862.0,970.4206159557622
S002,2,b1c17,1,5.4C(60%)-3.6C,857.0,899.5794700833723
S002,2,b1c30,1,6C(50%)-3.6C,709.0,776.0101139413271
S002,2,b1c31,1,6C(50%)-3.6C,876.0,794.1149330260428
S002,2,b1c42,1,8C(25%)-3.6C,702.0,732.797916096131
S002,2,b1c43,1,8C(25%)-3.6C,651.0,733.8520233081189
S002,3,b1c5,1,4.4C(80%)-4.4C,1074.0,1002.7297828660164
S002,3,b1c10,1,5.4C(50%)-3C,906.0,916.5454275651839
S002,3,b1c11,1,5.4C(50%)-3C,788.0,985.0956547323648
S002,3,b1c24,1,6C(40%)-3C,1017.0,870.2782486081487
S002,3,b1c25,1,6C(40%)-3C,854.0,919.4764181168013
S002,3,b1c40,1,8C(15%)-3.6C,966.0,934.5424373717498
S002,3,b1c41,1,8C(15%)-3.6C,1051.0,943.5307331848195
S002,4,b1c12,1,5.4C(50%)-3.6C,902.0,980.137492968721
S002,4,b1c13,1,5.4C(50%)-3.6C,897.0,937.3992809283683
S002,4,b1c26,1,6C(40%)-3.6C,870.0,797.4270770790525
S002,4,b1c27,1,6C(40%)-3.6C,842.0,829.810230916442
S002,4,b1c36,1,7C(40%)-3C,704.0,727.8144996009007
S002,4,b1c37,1,7C(40%)-3C,648.0,730.2716476290099
S002,5,b1c8,1,5.4C(40%)-3.6C,879.0,898.6175067174975
S002,5,b1c9,1,5.4C(40%)-3.6C,1054.0,929.963385032802
S002,5,b1c22,1,6C(30%)-3.6C,891.0,872.2077180930681
S002,5,b1c23,1,6C(30%)-3.6C,1014.0,919.9491165883052
S002,5,b1c38,1,7C(40%)-3.6C,617.0,592.5626182244972
S002,5,b1c39,1,7C(40%)-3.6C,625.0,631.0711782203978
S003,1,b1c3,1,4C(80%)-4C,1226.0,1139.959043295496
S003,1,b1c4,1,4C(80%)-4C,1227.0,1250.743226624517
S003,1,b1c20,1,5.4C(80%)-5.4C,534.0,559.183576743763
S003,1,b1c21,1,5.4C(80%)-5.4C,559.0,550.0567844707402
S003,1,b1c32,1,6C(60%)-3C,731.0,709.9844766476702
S003,1,b1c33,1,6C(60%)-3C,757.0,721.1066784658638
S003,1,b1c44,1,8C(35%)-3.6C,616.0,588.0569798796271
S003,1,b1c45,1,8C(35%)-3.6C,599.0,590.5370939657357
S003,2,b1c6,1,4.8C(80%)-4.8C,636.0,791.0927393042233
S003,2,b1c7,1,4.8C(80%)-4.8C,870.0,814.7555629817447
S003,2,b1c16,1,5.4C(60%)-3.6C,862.0,966.4285247286127
S003,2,b1c17,1,5.4C(60%)-3.6C,857.0,897.8644156878353
S003,2,b1c30,1,6C(50%)-3.6C,709.0,778.2669317074987
S003,2,b1c31,1,6C(50%)-3.6C,876.0,795.7898101787771
S003,2,b1c42,1,8C(25%)-3.6C,702.0,736.4436973644696
S003,2,b1c43,1,8C(25%)-3.6C,651.0,737.4639225589294
S003,3,b1c5,1,4.4C(80%)-4.4C,1074.0,996.3882920677115
S003,3,b1c10,1,5.4C(50%)-3C,906.0,912.8786236555254
S003,3,b1c11,1,5.4C(50%)-3C,788.0,979.3014299795869
S003,3,b1c24,1,6C(40%)-3C,1017.0,868.0473226661225
S003,3,b1c25,1,6C(40%)-3C,854.0,915.718652431403
S003,3,b1c40,1,8C(15%)-3.6C,966.0,930.3171055715428
S003,3,b1c41,1,8C(15%)-3.6C,1051.0,939.0264542731724
S003,4,b1c12,1,5.4C(50%)-3.6C,902.0,975.7140578348317
S003,4,b1c13,1,5.4C(50%)-3.6C,897.0,934.2579921556896
S003,4,b1c26,1,6C(40%)-3.6C,870.0,798.4849544218534
S003,4,b1c27,1,6C(40%)-3.6C,842.0,829.8966136441212
S003,4,b1c36,1,7C(40%)-3C,704.0,730.9607542680461
S003,4,b1c37,1,7C(40%)-3C,648.0,733.3441878553119
S003,5,b1c8,1,5.4C(40%)-3.6C,879.0,896.4151884125242
S003,5,b1c9,1,5.4C(40%)-3.6C,1054.0,926.8206903783696
S003,5,b1c22,1,6C(30%)-3.6C,891.0,870.7976934468278
S003,5,b1c23,1,6C(30%)-3.6C,1014.0,917.1068499872077
S003,5,b1c38,1,7C(40%)-3.6C,617.0,599.5419465743139
S003,5,b1c39,1,7C(40%)-3.6C,625.0,636.8952497703375
S004,1,b1c3,1,4C(80%)-4C,1226.0,1067.734771502898
S004,1,b1c4,1,4C(80%)-4C,1227.0,1151.571450778914
S004,1,b1c20,1,5.4C(80%)-5.4C,534.0,628.2290130313161
S004,1,b1c21,1,5.4C(80%)-5.4C,559.0,621.3222513111908
S004,1,b1c32,1,6C(60%)-3C,731.0,742.3486129585973
S004,1,b1c33,1,6C(60%)-3C,757.0,750.7654143345276
S004,1,b1c44,1,8C(35%)-3.6C,616.0,650.0791559449431
S004,1,b1c45,1,8C(35%)-3.6C,599.0,651.9559990371333
S004,2,b1c6,1,4.8C(80%)-4.8C,636.0,804.5026135275203
S004,2,b1c7,1,4.8C(80%)-4.8C,870.0,822.4096152294284
S004,2,b1c16,1,5.4C(60%)-3.6C,862.0,937.1891538486798
S004,2,b1c17,1,5.4C(60%)-3.6C,857.0,885.3028010610645
S004,2,b1c30,1,6C(50%)-3.6C,709.0,794.7965969678368
S004,2,b1c31,1,6C(50%)-3.6C,876.0,808.0571536488042
S004,2,b1c42,1,8C(25%)-3.6C,702.0,763.1465817893284
S004,2,b1c43,1,8C(25%)-3.6C,651.0,763.9186440986492
S004,3,b1c5,1,4.4C(80%)-4.4C,1074.0,949.4946364276144
S004,3,b1c10,1,5.4C(50%)-3C,906.0,885.7635736919988
S004,3,b1c11,1,5.4C(50%)-3C,788.0,936.4546627287825
S004,3,b1c24,1,6C(40%)-3C,1017.0,851.5502124106123
S004,3,b1c25,1,6C(40%)-3C,854.0,887.9309640735896
S004,3,b1c40,1,8C(15%)-3.6C,966.0,899.0718888384331
S004,3,b1c41,1,8C(15%)-3.6C,1051.0,905.7184970580978
S004,4,b1c12,1,5.4C(50%)-3.6C,902.0,942.7084264511968
S004,4,b1c13,1,5.4C(50%)-3.6C,897.0,910.8191451595491
S004,4,b1c26,1,6C(40%)-3.6C,870.0,806.3783469027519
S004,4,b1c27,1,6C(40%)-3.6C,842.0,830.5411616891118
S004,4,b1c36,1,7C(40%)-3C,704.0,754.4366544767463
S004,4,b1c37,1,7C(40%)-3C,648.0,756.2700649284893
S004,5,b1c8,1,5.4C(40%)-3.6C,879.0,879.9825056754166
S004,5,b1c9,1,5.4C(40%)-3.6C,1054.0,903.3713533414515
S004,5,b1c22,1,6C(30%)-3.6C,891.0,860.2767403171886
S004,5,b1c23,1,6C(30%)-3.6C,1014.0,895.8991684251731
S004,5,b1c38,1,7C(40%)-3.6C,617.0,651.6184734921779
S004,5,b1c39,1,7C(40%)-3.6C,625.0,680.3517836429653
S005,1,b1c3,1,4C(80%)-4C,1226.0,908.500156527091
S005,1,b1c4,1,4C(80%)-4C,1227.0,932.9250158437255
S005,1,b1c20,1,5.4C(80%)-5.4C,534.0,780.4551717755278
S005,1,b1c21,1,5.4C(80%)-5.4C,559.0,778.4429656050976
S005,1,b1c32,1,6C(60%)-3C,731.0,813.702614274027
S005,1,b1c33,1,6C(60%)-3C,757.0,816.1547532575657
S005,1,b1c44,1,8C(35%)-3.6C,616.0,786.8209614432774
S005,1,b1c45,1,8C(35%)-3.6C,599.0,787.3677582496636
S005,2,b1c6,1,4.8C(80%)-4.8C,636.0,834.0676905552618
S005,2,b1c7,1,4.8C(80%)-4.8C,870.0,839.2846910510933
S005,2,b1c16,1,5.4C(60%)-3.6C,862.0,872.724399152765
S005,2,b1c17,1,5.4C(60%)-3.6C,857.0,857.6079026713337
S005,2,b1c30,1,6C(50%)-3.6C,709.0,831.2399534473225
S005,2,b1c31,1,6C(50%)-3.6C,876.0,835.1032652362658
S005,2,b1c42,1,8C(25%)-3.6C,702.0,822.0190828835051
S005,2,b1c43,1,8C(25%)-3.6C,651.0,822.2440144224411
S005,3,b1c5,1,4.4C(80%)-4.4C,1074.0,843.2511978680195
S005,3,b1c10,1,5.4C(50%)-3C,906.0,824.3310386183836
S005,3,b1c11,1,5.4C(50%)-3C,788.0,839.3799556761787
S005,3,b1c24,1,6C(40%)-3C,1017.0,814.1739469879719
S005,3,b1c25,1,6C(40%)-3C,854.0,824.9744826379183
S005,3,b1c40,1,8C(15%)-3.6C,966.0,828.2819446774813
S005,3,b1c41,1,8C(15%)-3.6C,1051.0,830.2551564926943
S005,4,b1c12,1,5.4C(50%)-3.6C,902.0,865.9511441636738
S005,4,b1c13,1,5.4C(50%)-3.6C,897.0,856.3101986568965
S005,4,b1c26,1,6C(40%)-3.6C,870.0,824.7350736025161
S005,4,b1c27,1,6C(40%)-3.6C,842.0,832.0401106309505
S005,4,b1c36,1,7C(40%)-3C,704.0,809.0317712411655
S005,4,b1c37,1,7C(40%)-3C,648.0,809.586058121925
S005,5,b1c8,1,5.4C(40%)-3.6C,879.0,841.7669644263289
S005,5,b1c9,1,5.4C(40%)-3.6C,1054.0,848.8380113951301
S005,5,b1c22,1,6C(30%)-3.6C,891.0,835.8094074575623
S005,5,b1c23,1,6C(30%)-3.6C,1014.0,846.5789787460227
S005,5,b1c38,1,7C(40%)-3.6C,617.0,772.7266756267451
S005,5,b1c39,1,7C(40%)-3.6C,625.0,781.4134903234948
S006,1,b1c3,1,4C(80%)-4C,1226.0,1221.7406544898356
S006,1,b1c4,1,4C(80%)-4C,1227.0,1410.4035297276987
S006,1,b1c20,1,5.4C(80%)-5.4C,534.0,575.4927289151518
S006,1,b1c21,1,5.4C(80%)-5.4C,559.0,568.7246401954534
S006,1,b1c32,1,6C(60%)-3C,731.0,699.7308726068123
S006,1,b1c33,1,6C(60%)-3C,757.0,709.8917336321603
S006,1,b1c44,1,8C(35%)-3.6C,616.0,597.4391898644708
S006,1,b1c45,1,8C(35%)-3.6C,599.0,599.3628928867213
S006,2,b1c6,1,4.8C(80%)-4.8C,636.0,769.1024514285972
S006,2,b1c7,1,4.8C(80%)-4.8C,870.0,792.2950951754705
S006,2,b1c16,1,5.4C(60%)-3.6C,862.0,958.4966634985973
S006,2,b1c17,1,5.4C(60%)-3.6C,857.0,879.4359942947681
S006,2,b1c30,1,6C(50%)-3.6C,709.0,756.8164958321689
S006,2,b1c31,1,6C(50%)-3.6C,876.0,773.651542947973
S006,2,b1c42,1,8C(25%)-3.6C,702.0,718.1007498729384
S006,2,b1c43,1,8C(25%)-3.6C,651.0,719.0211819426735
S006,3,b1c5,1,4.4C(80%)-4.4C,1074.0,997.5990548009427
S006,3,b1c10,1,5.4C(50%)-3C,906.0,898.9178393287982
S006,3,b1c11,1,5.4C(50%)-3C,788.0,976.5631055432066
S006,3,b1c24,1,6C(40%)-3C,1017.0,850.0324494495278
S006,3,b1c25,1,6C(40%)-3C,854.0,902.1077283902939
S006,3,b1c40,1,8C(15%)-3.6C,966.0,918.6840644730754
S006,3,b1c41,1,8C(15%)-3.6C,1051.0,928.7181147955512
S006,4,b1c12,1,5.4C(50%)-3.6C,902.0,970.0371994099476
S006,4,b1c13,1,5.4C(50%)-3.6C,897.0,921.0619773204971
S006,4,b1c26,1,6C(40%)-3.6C,870.0,777.3211383559986
S006,4,b1c27,1,6C(40%)-3.6C,842.0,808.4414858246087
S006,4,b1c36,1,7C(40%)-3C,704.0,714.4188941621512
S006,4,b1c37,1,7C(40%)-3C,648.0,716.5499953535249
S006,5,b1c8,1,5.4C(40%)-3.6C,879.0,880.9764002097206
S006,5,b1c9,1,5.4C(40%)-3.6C,1054.0,914.920416231642
S006,5,b1c22,1,6C(30%)-3.6C,891.0,853.3570202427204
S006,5,b1c23,1,6C(30%)-3.6C,1014.0,903.9362888974449
S006,5,b1c38,1,7C(40%)-3.6C,617.0,609.0486838359935
S006,5,b1c39,1,7C(40%)-3.6C,625.0,638.003237763526
S007,1,b1c3,1,4C(80%)-4C,1226.0,1220.1800548230954
S007,1,b1c4,1,4C(80%)-4C,1227.0,1407.9303410030402
S007,1,b1c20,1,5.4C(80%)-5.4C,534.0,576.1963632396752
S007,1,b1c21,1,5.4C(80%)-5.4C,559.0,569.4423715351256
S007,1,b1c32,1,6C(60%)-3C,731.0,700.1317635740043
S007,1,b1c33,1,6C(60%)-3C,757.0,710.2644389344997
S007,1,b1c44,1,8C(35%)-3.6C,616.0,598.0953138430723
S007,1,b1c45,1,8C(35%)-3.6C,599.0,600.0147235789208
S007,2,b1c6,1,4.8C(80%)-4.8C,636.0,769.2792681714961
S007,2,b1c7,1,4.8C(80%)-4.8C,870.0,792.3990564152779
S007,2,b1c16,1,5.4C(60%)-3.6C,862.0,958.0163615338066
S007,2,b1c17,1,5.4C(60%)-3.6C,857.0,879.2466433339187
S007,2,b1c30,1,6C(50%)-3.6C,709.0,757.0309728429039
S007,2,b1c31,1,6C(50%)-3.6C,876.0,773.8142499167557
S007,2,b1c42,1,8C(25%)-3.6C,702.0,718.4295314897048
S007,2,b1c43,1,8C(25%)-3.6C,651.0,719.3473248406241
S007,3,b1c5,1,4.4C(80%)-4.4C,1074.0,996.8103053634336
S007,3,b1c10,1,5.4C(50%)-3C,906.0,898.5068109705089
S007,3,b1c11,1,5.4C(50%)-3C,788.0,975.8575972274106
S007,3,b1c24,1,6C(40%)-3C,1017.0,849.795953532428
S007,3,b1c25,1,6C(40%)-3C,854.0,901.6850113669892
S007,3,b1c40,1,8C(15%)-3.6C,966.0,918.200030352875
S007,3,b1c41,1,8C(15%)-3.6C,1051.0,928.196499146322
S007,4,b1c12,1,5.4C(50%)-3.6C,902.0,969.5011199563448
S007,4,b1c13,1,5.4C(50%)-3.6C,897.0,920.7004737284637
S007,4,b1c26,1,6C(40%)-3.6C,870.0,777.4239081870974
S007,4,b1c27,1,6C(40%)-3.6C,842.0,808.4502131062362
S007,4,b1c36,1,7C(40%)-3C,704.0,714.6998469381606
S007,4,b1c37,1,7C(40%)-3C,648.0,716.8251827868132
S007,5,b1c8,1,5.4C(40%)-3.6C,879.0,880.7351896663102
S007,5,b1c9,1,5.4C(40%)-3.6C,1054.0,914.5629689153026
S007,5,b1c22,1,6C(30%)-3.6C,891.0,853.2074205213434
S007,5,b1c23,1,6C(30%)-3.6C,1014.0,903.6168871560236
S007,5,b1c38,1,7C(40%)-3.6C,617.0,609.5774522217408
S007,5,b1c39,1,7C(40%)-3.6C,625.0,638.4654253000731
S008,1,b1c3,1,4C(80%)-4C,1226.0,1205.2278290257937
S008,1,b1c4,1,4C(80%)-4C,1227.0,1384.294476500012
S008,1,b1c20,1,5.4C(80%)-5.4C,534.0,583.0282543753445
S008,1,b1c21,1,5.4C(80%)-5.4C,559.0,576.4125969280007
S008,1,b1c32,1,6C(60%)-3C,731.0,704.0107431741087
S008,1,b1c33,1,6C(60%)-3C,757.0,713.8697772290175
S008,1,b1c44,1,8C(35%)-3.6C,616.0,604.4616857405764
S008,1,b1c45,1,8C(35%)-3.6C,599.0,606.3390777104248
S008,2,b1c6,1,4.8C(80%)-4.8C,636.0,770.987007023327
S008,2,b1c7,1,4.8C(80%)-4.8C,870.0,793.402611835375
S008,2,b1c16,1,5.4C(60%)-3.6C,862.0,953.3955039716429
S008,2,b1c17,1,5.4C(60%)-3.6C,857.0,877.4221750084922
S008,2,b1c30,1,6C(50%)-3.6C,709.0,759.103033684603
S008,2,b1c31,1,6C(50%)-3.6C,876.0,775.3855492789521
S008,2,b1c42,1,8C(25%)-3.6C,702.0,721.6088399146957
S008,2,b1c43,1,8C(25%)-3.6C,651.0,722.5010454691845
S008,3,b1c5,1,4.4C(80%)-4.4C,1074.0,989.2241008217522
S008,3,b1c10,1,5.4C(50%)-3C,906.0,894.5465052897489
S008,3,b1c11,1,5.4C(50%)-3C,788.0,969.0695409279155
S008,3,b1c24,1,6C(40%)-3C,1017.0,847.5151133215031
S008,3,b1c25,1,6C(40%)-3C,854.0,897.6123301409642
S008,3,b1c40,1,8C(15%)-3.6C,966.0,913.5380356365695
S008,3,b1c41,1,8C(15%)-3.6C,1051.0,923.1734670980065
S008,4,b1c12,1,5.4C(50%)-3.6C,902.0,964.332491037716
S008,4,b1c13,1,5.4C(50%)-3.6C,897.0,917.2120454644037
S008,4,b1c26,1,6C(40%)-3.6C,870.0,778.4183936792425
S008,4,b1c27,1,6C(40%)-3.6C,842.0,808.5346107801082
S008,4,b1c36,1,7C(40%)-3C,704.0,717.4223667621583
S008,4,b1c37,1,7C(40%)-3C,648.0,719.491703520215
S008,5,b1c8,1,5.4C(40%)-3.6C,879.0,878.4060881508138
S008,5,b1c9,1,5.4C(40%)-3.6C,1054.0,911.1136497016964
S008,5,b1c22,1,6C(30%)-3.6C,891.0,851.762143511392
S008,5,b1c23,1,6C(30%)-3.6C,1014.0,900.5340887158899
S008,5,b1c38,1,7C(40%)-3.6C,617.0,614.7143852045458
S008,5,b1c39,1,7C(40%)-3.6C,625.0,642.9520882585974
S009,1,b1c3,1,4C(80%)-4C,1226.0,1101.1565703965161
S009,1,b1c4,1,4C(80%)-4C,1227.0,1222.8552647969448
S009,1,b1c20,1,5.4C(80%)-5.4C,534.0,635.5993869038911
S009,1,b1c21,1,5.4C(80%)-5.4C,559.0,630.1339491631625
S009,1,b1c32,1,6C(60%)-3C,731.0,733.0845080200071
S009,1,b1c33,1,6C(60%)-3C,757.0,740.8403575462984
S009,1,b1c44,1,8C(35%)-3.6C,616.0,653.2039347167124
S009,1,b1c45,1,8C(35%)-3.6C,599.0,654.7386485416602
S009,2,b1c6,1,4.8C(80%)-4.8C,636.0,783.6111527756586
S009,2,b1c7,1,4.8C(80%)-4.8C,870.0,800.7918266933726
S009,2,b1c16,1,5.4C(60%)-3.6C,862.0,920.2234319520976
S009,2,b1c17,1,5.4C(60%)-3.6C,857.0,864.1740851546978
S009,2,b1c30,1,6C(50%)-3.6C,709.0,774.4533737632711
S009,2,b1c31,1,6C(50%)-3.6C,876.0,786.991940408887
S009,2,b1c42,1,8C(25%)-3.6C,702.0,745.3280624987411
S009,2,b1c43,1,8C(25%)-3.6C,651.0,746.0253334620954
S009,3,b1c5,1,4.4C(80%)-4.4C,1074.0,934.8893340171501
S009,3,b1c10,1,5.4C(50%)-3C,906.0,865.7978228736972
S009,3,b1c11,1,5.4C(50%)-3C,788.0,920.3176854387195
S009,3,b1c24,1,6C(40%)-3C,1017.0,830.8378263494711
S009,3,b1c25,1,6C(40%)-3C,854.0,868.0614206511823
S009,3,b1c40,1,8C(15%)-3.6C,966.0,879.7906076626734
S009,3,b1c41,1,8C(15%)-3.6C,1051.0,886.8635125227546
S009,4,b1c12,1,5.4C(50%)-3.6C,902.0,926.6265131258037
S009,4,b1c13,1,5.4C(50%)-3.6C,897.0,891.5968592643236
S009,4,b1c26,1,6C(40%)-3.6C,870.0,785.8790556245434
S009,4,b1c27,1,6C(40%)-3.6C,842.0,809.1646254671548
S009,4,b1c36,1,7C(40%)-3C,704.0,738.0666438409907
S009,4,b1c37,1,7C(40%)-3C,648.0,739.7037019391382
S009,5,b1c8,1,5.4C(40%)-3.6C,879.0,861.220741250706
S009,5,b1c9,1,5.4C(40%)-3.6C,1054.0,885.7837802472212
S009,5,b1c22,1,6C(30%)-3.6C,891.0,841.0551572058997
S009,5,b1c23,1,6C(30%)-3.6C,1014.0,877.8612531502182
S009,5,b1c38,1,7C(40%)-3.6C,617.0,654.4354529273489
S009,5,b1c39,1,7C(40%)-3.6C,625.0,677.4400139416172
S010,1,b1c3,1,4C(80%)-4C,1226.0,902.3595401833226
S010,1,b1c4,1,4C(80%)-4C,1227.0,930.3429901086162
S010,1,b1c20,1,5.4C(80%)-5.4C,534.0,768.8597307650954
S010,1,b1c21,1,5.4C(80%)-5.4C,559.0,766.9276987675753
S010,1,b1c32,1,6C(60%)-3C,731.0,801.4963222452039
S010,1,b1c33,1,6C(60%)-3C,757.0,803.9575598102535
S010,1,b1c44,1,8C(35%)-3.6C,616.0,775.0039954242868
S010,1,b1c45,1,8C(35%)-3.6C,599.0,775.5340484742819
S010,2,b1c6,1,4.8C(80%)-4.8C,636.0,812.1789713952161
S010,2,b1c7,1,4.8C(80%)-4.8C,870.0,817.3270372295457
S010,2,b1c16,1,5.4C(60%)-3.6C,862.0,851.1087217084116
S010,2,b1c17,1,5.4C(60%)-3.6C,857.0,835.6680805930648
S010,2,b1c30,1,6C(50%)-3.6C,709.0,809.4021625611053
S010,2,b1c31,1,6C(50%)-3.6C,876.0,813.1982765858805
S010,2,b1c42,1,8C(25%)-3.6C,702.0,800.4131464694652
S010,2,b1c43,1,8C(25%)-3.6C,651.0,800.6312297714555
S010,3,b1c5,1,4.4C(80%)-4.4C,1074.0,822.5726501017156
S010,3,b1c10,1,5.4C(50%)-3C,906.0,804.0357325757917
S010,3,b1c11,1,5.4C(50%)-3C,788.0,818.745364977998
S010,3,b1c24,1,6C(40%)-3C,1017.0,794.2573080983481
S010,3,b1c25,1,6C(40%)-3C,854.0,804.6592275741428
S010,3,b1c40,1,8C(15%)-3.6C,966.0,807.8717849689328
S010,3,b1c41,1,8C(15%)-3.6C,1051.0,809.7944824526484
S010,4,b1c12,1,5.4C(50%)-3.6C,902.0,844.5411623611092
S010,4,b1c13,1,5.4C(50%)-3.6C,897.0,834.7588701407994
S010,4,b1c26,1,6C(40%)-3.6C,870.0,803.5071141134371
S010,4,b1c27,1,6C(40%)-3.6C,842.0,810.6316748864476
S010,4,b1c36,1,7C(40%)-3C,704.0,788.4030391289396
S010,4,b1c37,1,7C(40%)-3C,648.0,788.931309148149
S010,5,b1c8,1,5.4C(40%)-3.6C,879.0,822.5437377296564
S010,5,b1c9,1,5.4C(40%)-3.6C,1054.0,829.5668252051283
S010,5,b1c22,1,6C(30%)-3.6C,891.0,816.6727587314492
S010,5,b1c23,1,6C(30%)-3.6C,1014.0,827.3166203192072
S010,5,b1c38,1,7C(40%)-3.6C,617.0,757.0200489157828
S010,5,b1c39,1,7C(40%)-3.6C,625.0,764.968377693792
S011,1,b1c3,1,4C(80%)-4C,1226.0,1293.2756920320978
S011,1,b1c4,1,4C(80%)-4C,1227.0,1351.9838113622036
S011,1,b1c20,1,5.4C(80%)-5.4C,534.0,527.550178219868
S011,1,b1c21,1,5.4C(80%)-5.4C,559.0,524.6241528844523
S011,1,b1c32,1,6C(60%)-3C,731.0,692.8030180383033
S011,1,b1c33,1,6C(60%)-3C,757.0,679.1441801014595
S011,1,b1c44,1,8C(35%)-3.6C,616.0,632.3648284355068
S011,1,b1c45,1,8C(35%)-3.6C,599.0,593.7786895687927
S011,2,b1c6,1,4.8C(80%)-4.8C,636.0,672.1893065177351
S011,2,b1c7,1,4.8C(80%)-4.8C,870.0,801.3173312525333
S011,2,b1c16,1,5.4C(60%)-3.6C,862.0,952.0235844182358
S011,2,b1c17,1,5.4C(60%)-3.6C,857.0,885.4346902516261
S011,2,b1c30,1,6C(50%)-3.6C,709.0,787.311901809766
S011,2,b1c31,1,6C(50%)-3.6C,876.0,834.0334128178495
S011,2,b1c42,1,8C(25%)-3.6C,702.0,739.0394987312645
S011,2,b1c43,1,8C(25%)-3.6C,651.0,781.6046085239057
S011,3,b1c5,1,4.4C(80%)-4.4C,1074.0,1008.586075259723
S011,3,b1c10,1,5.4C(50%)-3C,906.0,897.030518074682
S011,3,b1c11,1,5.4C(50%)-3C,788.0,898.4883684629033
S011,3,b1c24,1,6C(40%)-3C,1017.0,848.3544266241028
S011,3,b1c25,1,6C(40%)-3C,854.0,886.4254574943599
S011,3,b1c40,1,8C(15%)-3.6C,966.0,935.3970797472635
S011,3,b1c41,1,8C(15%)-3.6C,1051.0,933.1332944540925
S011,4,b1c12,1,5.4C(50%)-3.6C,902.0,906.5193000751508
S011,4,b1c13,1,5.4C(50%)-3.6C,897.0,926.1873606351805
S011,4,b1c26,1,6C(40%)-3.6C,870.0,794.828744577114
S011,4,b1c27,1,6C(40%)-3.6C,842.0,801.3979619726799
S011,4,b1c36,1,7C(40%)-3C,704.0,808.4828630454375
S011,4,b1c37,1,7C(40%)-3C,648.0,772.7048501276477
S011,5,b1c8,1,5.4C(40%)-3.6C,879.0,907.7792303759448
S011,5,b1c9,1,5.4C(40%)-3.6C,1054.0,886.3570165656573
S011,5,b1c22,1,6C(30%)-3.6C,891.0,869.6743480027048
S011,5,b1c23,1,6C(30%)-3.6C,1014.0,951.9742032955838
S011,5,b1c38,1,7C(40%)-3.6C,617.0,566.7377643235928
S011,5,b1c39,1,7C(40%)-3.6C,625.0,605.4447900941439
S012,1,b1c3,1,4C(80%)-4C,1226.0,1291.604011625694
S012,1,b1c4,1,4C(80%)-4C,1227.0,1349.2148590439715
S012,1,b1c20,1,5.4C(80%)-5.4C,534.0,525.5679610467006
S012,1,b1c21,1,5.4C(80%)-5.4C,559.0,523.5487239807646
S012,1,b1c32,1,6C(60%)-3C,731.0,692.9607501205733
S012,1,b1c33,1,6C(60%)-3C,757.0,678.9563471970682
S012,1,b1c44,1,8C(35%)-3.6C,616.0,632.6578257571941
S012,1,b1c45,1,8C(35%)-3.6C,599.0,594.8558662730002
S012,2,b1c6,1,4.8C(80%)-4.8C,636.0,678.3008036366989
S012,2,b1c7,1,4.8C(80%)-4.8C,870.0,801.9343760196268
S012,2,b1c16,1,5.4C(60%)-3.6C,862.0,950.2597209103432
S012,2,b1c17,1,5.4C(60%)-3.6C,857.0,885.2312082409202
S012,2,b1c30,1,6C(50%)-3.6C,709.0,784.6458679310778
S012,2,b1c31,1,6C(50%)-3.6C,876.0,834.6465823876638
S012,2,b1c42,1,8C(25%)-3.6C,702.0,740.0669970380131
S012,2,b1c43,1,8C(25%)-3.6C,651.0,780.1121279775937
S012,3,b1c5,1,4.4C(80%)-4.4C,1074.0,1009.2901483659502
S012,3,b1c10,1,5.4C(50%)-3C,906.0,897.6118732670985
S012,3,b1c11,1,5.4C(50%)-3C,788.0,902.9599573753043
S012,3,b1c24,1,6C(40%)-3C,1017.0,849.6429400595497
S012,3,b1c25,1,6C(40%)-3C,854.0,886.6502577257703
S012,3,b1c40,1,8C(15%)-3.6C,966.0,933.7553764861423
S012,3,b1c41,1,8C(15%)-3.6C,1051.0,933.0128913420401
S012,4,b1c12,1,5.4C(50%)-3.6C,902.0,903.8849467572854
S012,4,b1c13,1,5.4C(50%)-3.6C,897.0,925.2065628556401
S012,4,b1c26,1,6C(40%)-3.6C,870.0,794.2567103737537
S012,4,b1c27,1,6C(40%)-3.6C,842.0,799.4627004982935
S012,4,b1c36,1,7C(40%)-3C,704.0,811.4526167760961
S012,4,b1c37,1,7C(40%)-3C,648.0,774.8758677105677
S012,5,b1c8,1,5.4C(40%)-3.6C,879.0,908.0743951951603
S012,5,b1c9,1,5.4C(40%)-3.6C,1054.0,887.3507188011888
S012,5,b1c22,1,6C(30%)-3.6C,891.0,869.7614301570301
S012,5,b1c23,1,6C(30%)-3.6C,1014.0,951.3902224658132
S012,5,b1c38,1,7C(40%)-3.6C,617.0,568.7457868772574
S012,5,b1c39,1,7C(40%)-3.6C,625.0,607.2751028412026
S013,1,b1c3,1,4C(80%)-4C,1226.0,1275.7082963844769
S013,1,b1c4,1,4C(80%)-4C,1227.0,1324.2621991718918
S013,1,b1c20,1,5.4C(80%)-5.4C,534.0,510.34936016338304
S013,1,b1c21,1,5.4C(80%)-5.4C,559.0,515.7013069641386
S013,1,b1c32,1,6C(60%)-3C,731.0,694.7616009382505
S013,1,b1c33,1,6C(60%)-3C,757.0,678.0570494141424
S013,1,b1c44,1,8C(35%)-3.6C,616.0,635.4968154734455
S013,1,b1c45,1,8C(35%)-3.6C,599.0,604.4848975185662
S013,2,b1c6,1,4.8C(80%)-4.8C,636.0,720.78509469738
S013,2,b1c7,1,4.8C(80%)-4.8C,870.0,806.1891558778224
S013,2,b1c16,1,5.4C(60%)-3.6C,862.0,937.1753759261096
S013,2,b1c17,1,5.4C(60%)-3.6C,857.0,883.3862077170007
S013,2,b1c30,1,6C(50%)-3.6C,709.0,766.268886739725
S013,2,b1c31,1,6C(50%)-3.6C,876.0,839.0365580886106
S013,2,b1c42,1,8C(25%)-3.6C,702.0,747.8873078343437
S013,2,b1c43,1,8C(25%)-3.6C,651.0,770.3878736483828
S013,3,b1c5,1,4.4C(80%)-4.4C,1074.0,1013.3427292717126
S013,3,b1c10,1,5.4C(50%)-3C,906.0,901.4210220315749
S013,3,b1c11,1,5.4C(50%)-3C,788.0,933.7939494967444
S013,3,b1c24,1,6C(40%)-3C,1017.0,858.791801555391
S013,3,b1c25,1,6C(40%)-3C,854.0,887.8770910333001
S013,3,b1c40,1,8C(15%)-3.6C,966.0,921.6983950549752
S013,3,b1c41,1,8C(15%)-3.6C,1051.0,931.7308750445497
S013,4,b1c12,1,5.4C(50%)-3.6C,902.0,886.4352744194941
S013,4,b1c13,1,5.4C(50%)-3.6C,897.0,918.362553216376
S013,4,b1c26,1,6C(40%)-3.6C,870.0,790.4769024486803
S013,4,b1c27,1,6C(40%)-3.6C,842.0,786.6063555909685
S013,4,b1c36,1,7C(40%)-3C,704.0,831.1186908475142
S013,4,b1c37,1,7C(40%)-3C,648.0,789.5069931632853
S013,5,b1c8,1,5.4C(40%)-3.6C,879.0,910.0312111470939
S013,5,b1c9,1,5.4C(40%)-3.6C,1054.0,894.760034322072
S013,5,b1c22,1,6C(30%)-3.6C,891.0,870.2389414177217
S013,5,b1c23,1,6C(30%)-3.6C,1014.0,946.4340159777861
S013,5,b1c38,1,7C(40%)-3.6C,617.0,585.0519884248156
S013,5,b1c39,1,7C(40%)-3.6C,625.0,622.1122332022186
S014,1,b1c3,1,4C(80%)-4C,1226.0,1169.2350643801358
S014,1,b1c4,1,4C(80%)-4C,1227.0,1191.9861700242411
S014,1,b1c20,1,5.4C(80%)-5.4C,534.0,506.8601024211589
S014,1,b1c21,1,5.4C(80%)-5.4C,559.0,529.6545573998151
S014,1,b1c32,1,6C(60%)-3C,731.0,716.4050889058872
S014,1,b1c33,1,6C(60%)-3C,757.0,696.538699664842
S014,1,b1c44,1,8C(35%)-3.6C,616.0,659.7984820687197
S014,1,b1c45,1,8C(35%)-3.6C,599.0,655.6586576934894
S014,2,b1c6,1,4.8C(80%)-4.8C,636.0,797.3545984741844
S014,2,b1c7,1,4.8C(80%)-4.8C,870.0,815.3141596657656
S014,2,b1c16,1,5.4C(60%)-3.6C,862.0,902.5700917533026
S014,2,b1c17,1,5.4C(60%)-3.6C,857.0,874.8000520062899
S014,2,b1c30,1,6C(50%)-3.6C,709.0,742.0522825970265
S014,2,b1c31,1,6C(50%)-3.6C,876.0,847.8534703021181
S014,2,b1c42,1,8C(25%)-3.6C,702.0,775.0982523886637
S014,2,b1c43,1,8C(25%)-3.6C,651.0,765.8529900705323
S014,3,b1c5,1,4.4C(80%)-4.4C,1074.0,997.1876273020416
S014,3,b1c10,1,5.4C(50%)-3C,906.0,900.0526374398474
S014,3,b1c11,1,5.4C(50%)-3C,788.0,966.8356697991867
S014,3,b1c24,1,6C(40%)-3C,1017.0,872.1429324064203
S014,3,b1c25,1,6C(40%)-3C,854.0,881.1178455984659
S014,3,b1c40,1,8C(15%)-3.6C,966.0,890.4675358088223
S014,3,b1c41,1,8C(15%)-3.6C,1051.0,917.9165708051737
S014,4,b1c12,1,5.4C(50%)-3.6C,902.0,862.5479251632848
S014,4,b1c13,1,5.4C(50%)-3.6C,897.0,901.2624683398094
S014,4,b1c26,1,6C(40%)-3.6C,870.0,788.4111765011609
S014,4,b1c27,1,6C(40%)-3.6C,842.0,773.5167655171019
S014,4,b1c36,1,7C(40%)-3C,704.0,855.9918720489175
S014,4,b1c37,1,7C(40%)-3C,648.0,813.5087179554835
S014,5,b1c8,1,5.4C(40%)-3.6C,879.0,906.2751146883977
S014,5,b1c9,1,5.4C(40%)-3.6C,1054.0,905.6526267048826
S014,5,b1c22,1,6C(30%)-3.6C,891.0,866.6772956345021
S014,5,b1c23,1,6C(30%)-3.6C,1014.0,922.4549246181807
S014,5,b1c38,1,7C(40%)-3.6C,617.0,647.5879635548996
S014,5,b1c39,1,7C(40%)-3.6C,625.0,678.0057784265762
S015,1,b1c3,1,4C(80%)-4C,1226.0,951.4173991457666
S015,1,b1c4,1,4C(80%)-4C,1227.0,962.2066833982029
S015,1,b1c20,1,5.4C(80%)-5.4C,534.0,702.0414908303261
S015,1,b1c21,1,5.4C(80%)-5.4C,559.0,712.3706085179758
S015,1,b1c32,1,6C(60%)-3C,731.0,793.2145054018033
S015,1,b1c33,1,6C(60%)-3C,757.0,786.718192423712
S015,1,b1c44,1,8C(35%)-3.6C,616.0,762.3125591411494
S015,1,b1c45,1,8C(35%)-3.6C,599.0,769.1861320254892
S015,2,b1c6,1,4.8C(80%)-4.8C,636.0,823.6118949526109
S015,2,b1c7,1,4.8C(80%)-4.8C,870.0,830.7680151624259
S015,2,b1c16,1,5.4C(60%)-3.6C,862.0,868.123498329001
S015,2,b1c17,1,5.4C(60%)-3.6C,857.0,858.8771359067291
S015,2,b1c30,1,6C(50%)-3.6C,709.0,795.0440363920311
S015,2,b1c31,1,6C(50%)-3.6C,876.0,845.5352518016365
S015,2,b1c42,1,8C(25%)-3.6C,702.0,822.017685214463
S015,2,b1c43,1,8C(25%)-3.6C,651.0,812.3492705956264
S015,3,b1c5,1,4.4C(80%)-4.4C,1074.0,885.8041061818587
S015,3,b1c10,1,5.4C(50%)-3C,906.0,851.2792961290003
S015,3,b1c11,1,5.4C(50%)-3C,788.0,872.8793327367671
S015,3,b1c24,1,6C(40%)-3C,1017.0,838.8363194059547
S015,3,b1c25,1,6C(40%)-3C,854.0,838.637122084264
S015,3,b1c40,1,8C(15%)-3.6C,966.0,842.2181383857892
S015,3,b1c41,1,8C(15%)-3.6C,1051.0,855.591672343891
S015,4,b1c12,1,5.4C(50%)-3.6C,902.0,850.1423576077555
S015,4,b1c13,1,5.4C(50%)-3.6C,897.0,863.6473240879063
S015,4,b1c26,1,6C(40%)-3.6C,870.0,812.3646218828355
S015,4,b1c27,1,6C(40%)-3.6C,842.0,807.1811300487988
S015,4,b1c36,1,7C(40%)-3C,704.0,844.6768977010684
S015,4,b1c37,1,7C(40%)-3C,648.0,826.8251652700949
S015,5,b1c8,1,5.4C(40%)-3.6C,879.0,862.8872730856872
S015,5,b1c9,1,5.4C(40%)-3.6C,1054.0,865.8549973358465
S015,5,b1c22,1,6C(30%)-3.6C,891.0,844.5423451610658
S015,5,b1c23,1,6C(30%)-3.6C,1014.0,865.7871071675338
S015,5,b1c38,1,7C(40%)-3.6C,617.0,756.8463966097119
S015,5,b1c39,1,7C(40%)-3.6C,625.0,770.0324078784776
S016,1,b1c3,1,4C(80%)-4C,1226.0,1449.4809488475025
S016,1,b1c4,1,4C(80%)-4C,1227.0,1572.7031005757794
S016,1,b1c20,1,5.4C(80%)-5.4C,534.0,566.6178109000688
S016,1,b1c21,1,5.4C(80%)-5.4C,559.0,565.2675786828711
S016,1,b1c32,1,6C(60%)-3C,731.0,692.0881486221659
S016,1,b1c33,1,6C(60%)-3C,757.0,682.1602105287543
S016,1,b1c44,1,8C(35%)-3.6C,616.0,639.27989778791
S016,1,b1c45,1,8C(35%)-3.6C,599.0,608.8608657725257
S016,2,b1c6,1,4.8C(80%)-4.8C,636.0,675.7011187426552
S016,2,b1c7,1,4.8C(80%)-4.8C,870.0,772.1475687355678
S016,2,b1c16,1,5.4C(60%)-3.6C,862.0,940.096099563831
S016,2,b1c17,1,5.4C(60%)-3.6C,857.0,862.5621651282147
S016,2,b1c30,1,6C(50%)-3.6C,709.0,771.425140970826
S016,2,b1c31,1,6C(50%)-3.6C,876.0,772.9140957670074
S016,2,b1c42,1,8C(25%)-3.6C,702.0,737.8117746802645
S016,2,b1c43,1,8C(25%)-3.6C,651.0,761.1984502849347
S016,3,b1c5,1,4.4C(80%)-4.4C,1074.0,998.6669709546617
S016,3,b1c10,1,5.4C(50%)-3C,906.0,888.6785902010855
S016,3,b1c11,1,5.4C(50%)-3C,788.0,884.9405044657814
S016,3,b1c24,1,6C(40%)-3C,1017.0,825.1379282400326
S016,3,b1c25,1,6C(40%)-3C,854.0,864.3045345691065
S016,3,b1c40,1,8C(15%)-3.6C,966.0,909.7494556094557
S016,3,b1c41,1,8C(15%)-3.6C,1051.0,909.3682702932646
S016,4,b1c12,1,5.4C(50%)-3.6C,902.0,900.3188702687092
S016,4,b1c13,1,5.4C(50%)-3.6C,897.0,908.3616229352061
S016,4,b1c26,1,6C(40%)-3.6C,870.0,776.0564245986694
S016,4,b1c27,1,6C(40%)-3.6C,842.0,787.6397893754605
S016,4,b1c36,1,7C(40%)-3C,704.0,783.9387378126867
S016,4,b1c37,1,7C(40%)-3C,648.0,755.9090708214172
S016,5,b1c8,1,5.4C(40%)-3.6C,879.0,888.5325000913177
S016,5,b1c9,1,5.4C(40%)-3.6C,1054.0,879.2401988840658
S016,5,b1c22,1,6C(30%)-3.6C,891.0,848.2125912458274
S016,5,b1c23,1,6C(30%)-3.6C,1014.0,924.863007095843
S016,5,b1c38,1,7C(40%)-3.6C,617.0,607.433440646454
S016,5,b1c39,1,7C(40%)-3.6C,625.0,636.5682726258417
S017,1,b1c3,1,4C(80%)-4C,1226.0,1446.4985254121345
S017,1,b1c4,1,4C(80%)-4C,1227.0,1567.1366935295628
S017,1,b1c20,1,5.4C(80%)-5.4C,534.0,565.0935574039876
S017,1,b1c21,1,5.4C(80%)-5.4C,559.0,564.4185211720974
S017,1,b1c32,1,6C(60%)-3C,731.0,692.2049486230552
S017,1,b1c33,1,6C(60%)-3C,757.0,681.9509329866585
S017,1,b1c44,1,8C(35%)-3.6C,616.0,639.5201665623167
S017,1,b1c45,1,8C(35%)-3.6C,599.0,609.7069271491187
S017,2,b1c6,1,4.8C(80%)-4.8C,636.0,680.1759570123689
S017,2,b1c7,1,4.8C(80%)-4.8C,870.0,772.6489851323623
S017,2,b1c16,1,5.4C(60%)-3.6C,862.0,938.0693872377891
S017,2,b1c17,1,5.4C(60%)-3.6C,857.0,862.2621595876451
S017,2,b1c30,1,6C(50%)-3.6C,709.0,769.0849229728569
S017,2,b1c31,1,6C(50%)-3.6C,876.0,773.5987164198001
S017,2,b1c42,1,8C(25%)-3.6C,702.0,738.6550524976973
S017,2,b1c43,1,8C(25%)-3.6C,651.0,760.0262802992942
S017,3,b1c5,1,4.4C(80%)-4.4C,1074.0,999.4048930540766
S017,3,b1c10,1,5.4C(50%)-3C,906.0,889.2481578473893
S017,3,b1c11,1,5.4C(50%)-3C,788.0,889.3524955607867
S017,3,b1c24,1,6C(40%)-3C,1017.0,826.4308552436547
S017,3,b1c25,1,6C(40%)-3C,854.0,864.6076984404457
S017,3,b1c40,1,8C(15%)-3.6C,966.0,908.1938935690315
S017,3,b1c41,1,8C(15%)-3.6C,1051.0,909.3439410354027
S017,4,b1c12,1,5.4C(50%)-3.6C,902.0,897.5300489418767
S017,4,b1c13,1,5.4C(50%)-3.6C,897.0,907.3190983662932
S017,4,b1c26,1,6C(40%)-3.6C,870.0,775.5629049791976
S017,4,b1c27,1,6C(40%)-3.6C,842.0,785.8999359091933
S017,4,b1c36,1,7C(40%)-3C,704.0,786.6545944361341
S017,4,b1c37,1,7C(40%)-3C,648.0,757.81519959753
S017,5,b1c8,1,5.4C(40%)-3.6C,879.0,888.8302921061851
S017,5,b1c9,1,5.4C(40%)-3.6C,1054.0,880.1283578151986
S017,5,b1c22,1,6C(30%)-3.6C,891.0,848.3245445822166
S017,5,b1c23,1,6C(30%)-3.6C,1014.0,924.3407145459352
S017,5,b1c38,1,7C(40%)-3.6C,617.0,608.7373122833372
S017,5,b1c39,1,7C(40%)-3.6C,625.0,637.7987559838508
S018,1,b1c3,1,4C(80%)-4C,1226.0,1418.4429701699337
S018,1,b1c4,1,4C(80%)-4C,1227.0,1517.9397377080354
S018,1,b1c20,1,5.4C(80%)-5.4C,534.0,553.4424216186458
S018,1,b1c21,1,5.4C(80%)-5.4C,559.0,558.1507016548422
S018,1,b1c32,1,6C(60%)-3C,731.0,693.5884380710779
S018,1,b1c33,1,6C(60%)-3C,757.0,680.7576215970996
S018,1,b1c44,1,8C(35%)-3.6C,616.0,641.8473913030218
S018,1,b1c45,1,8C(35%)-3.6C,599.0,617.3063286888085
S018,2,b1c6,1,4.8C(80%)-4.8C,636.0,711.9266137335542
S018,2,b1c7,1,4.8C(80%)-4.8C,870.0,776.1317308297992
S018,2,b1c16,1,5.4C(60%)-3.6C,862.0,922.9690150726782
S018,2,b1c17,1,5.4C(60%)-3.6C,857.0,859.6444902099622
S018,2,b1c30,1,6C(50%)-3.6C,709.0,753.0397056105876
S018,2,b1c31,1,6C(50%)-3.6C,876.0,778.9023371868877
S018,2,b1c42,1,8C(25%)-3.6C,702.0,745.0876032842223
S018,2,b1c43,1,8C(25%)-3.6C,651.0,752.6111497245473
S018,3,b1c5,1,4.4C(80%)-4.4C,1074.0,1003.4911544845904
S018,3,b1c10,1,5.4C(50%)-3C,906.0,892.9374442553628
S018,3,b1c11,1,5.4C(50%)-3C,788.0,920.2734767154396
S018,3,b1c24,1,6C(40%)-3C,1017.0,835.8523387826768
S018,3,b1c25,1,6C(40%)-3C,854.0,866.5496327151732
S018,3,b1c40,1,8C(15%)-3.6C,966.0,897.0338735924581
S018,3,b1c41,1,8C(15%)-3.6C,1051.0,908.9123730885536
S018,4,b1c12,1,5.4C(50%)-3.6C,902.0,878.975162412738
S018,4,b1c13,1,5.4C(50%)-3.6C,897.0,899.9947460338757
S018,4,b1c26,1,6C(40%)-3.6C,870.0,772.3224239849022
S018,4,b1c27,1,6C(40%)-3.6C,842.0,774.3700889637572
S018,4,b1c36,1,7C(40%)-3C,704.0,805.098004548926
S018,4,b1c37,1,7C(40%)-3C,648.0,770.912707210866
S018,5,b1c8,1,5.4C(40%)-3.6C,879.0,890.8270244452324
S018,5,b1c9,1,5.4C(40%)-3.6C,1054.0,886.6521325084312
S018,5,b1c22,1,6C(30%)-3.6C,891.0,849.0451607588103
S018,5,b1c23,1,6C(30%)-3.6C,1014.0,919.9586958799476
S018,5,b1c38,1,7C(40%)-3.6C,617.0,619.3971624622925
S018,5,b1c39,1,7C(40%)-3.6C,625.0,647.8139038998389
S019,1,b1c3,1,4C(80%)-4C,1226.0,1244.0047420696135
S019,1,b1c4,1,4C(80%)-4C,1227.0,1283.9426127400359
S019,1,b1c20,1,5.4C(80%)-5.4C,534.0,547.8800274661164
S019,1,b1c21,1,5.4C(80%)-5.4C,559.0,565.1029924353624
S019,1,b1c32,1,6C(60%)-3C,731.0,711.6882301220732
S019,1,b1c33,1,6C(60%)-3C,757.0,694.8169325088038
S019,1,b1c44,1,8C(35%)-3.6C,616.0,661.8595926380511
S019,1,b1c45,1,8C(35%)-3.6C,599.0,658.7293698843927
S019,2,b1c6,1,4.8C(80%)-4.8C,636.0,771.4601221971611
S019,2,b1c7,1,4.8C(80%)-4.8C,870.0,785.2706221998903
S019,2,b1c16,1,5.4C(60%)-3.6C,862.0,882.8700718511252
S019,2,b1c17,1,5.4C(60%)-3.6C,857.0,849.5828653260874
S019,2,b1c30,1,6C(50%)-3.6C,709.0,731.2308612270698
S019,2,b1c31,1,6C(50%)-3.6C,876.0,797.0919037460243
S019,2,b1c42,1,8C(25%)-3.6C,702.0,767.1830309247996
S019,2,b1c43,1,8C(25%)-3.6C,651.0,751.6152269129861
S019,3,b1c5,1,4.4C(80%)-4.4C,1074.0,983.0535857292385
S019,3,b1c10,1,5.4C(50%)-3C,906.0,889.8315532431526
S019,3,b1c11,1,5.4C(50%)-3C,788.0,952.2257845175582
S019,3,b1c24,1,6C(40%)-3C,1017.0,852.2348505955678
S019,3,b1c25,1,6C(40%)-3C,854.0,862.7320509402533
S019,3,b1c40,1,8C(15%)-3.6C,966.0,870.3272216782345
S019,3,b1c41,1,8C(15%)-3.6C,1051.0,898.4164777168146
S019,4,b1c12,1,5.4C(50%)-3.6C,902.0,850.1700908834413
S019,4,b1c13,1,5.4C(50%)-3.6C,897.0,881.0659613525019
S019,4,b1c26,1,6C(40%)-3.6C,870.0,770.7510728047483
S019,4,b1c27,1,6C(40%)-3.6C,842.0,761.6751910085878
S019,4,b1c36,1,7C(40%)-3C,704.0,831.8466377355096
S019,4,b1c37,1,7C(40%)-3C,648.0,794.2595727024916
S019,5,b1c8,1,5.4C(40%)-3.6C,879.0,887.3070110873737
S019,5,b1c9,1,5.4C(40%)-3.6C,1054.0,893.4440862790574
S019,5,b1c22,1,6C(30%)-3.6C,891.0,846.8450388297356
S019,5,b1c23,1,6C(30%)-3.6C,1014.0,898.9594945876308
S019,5,b1c38,1,7C(40%)-3.6C,617.0,661.7379272539217
S019,5,b1c39,1,7C(40%)-3.6C,625.0,686.4159719883269
S020,1,b1c3,1,4C(80%)-4C,1226.0,950.7414157113822
S020,1,b1c4,1,4C(80%)-4C,1227.0,964.0276412377724
S020,1,b1c20,1,5.4C(80%)-5.4C,534.0,697.7075481712192
S020,1,b1c21,1,5.4C(80%)-5.4C,559.0,707.2475608827137
S020,1,b1c32,1,6C(60%)-3C,731.0,781.8849159759535
S020,1,b1c33,1,6C(60%)-3C,757.0,775.6342313612251
S020,1,b1c44,1,8C(35%)-3.6C,616.0,752.0912065342743
S020,1,b1c45,1,8C(35%)-3.6C,599.0,758.6800995325797
S020,2,b1c6,1,4.8C(80%)-4.8C,636.0,798.1268677358803
S020,2,b1c7,1,4.8C(80%)-4.8C,870.0,805.9468617039573
S020,2,b1c16,1,5.4C(60%)-3.6C,862.0,846.3297566162419
S020,2,b1c17,1,5.4C(60%)-3.6C,857.0,835.8267726965335
S020,2,b1c30,1,6C(50%)-3.6C,709.0,776.1754190109564
S020,2,b1c31,1,6C(50%)-3.6C,876.0,815.1480111092654
S020,2,b1c42,1,8C(25%)-3.6C,702.0,804.4609024893309
S020,2,b1c43,1,8C(25%)-3.6C,651.0,793.1330082362954
S020,3,b1c5,1,4.4C(80%)-4.4C,1074.0,863.397907441493
S020,3,b1c10,1,5.4C(50%)-3C,906.0,834.0869755163668
S020,3,b1c11,1,5.4C(50%)-3C,788.0,851.1671369290816
S020,3,b1c24,1,6C(40%)-3C,1017.0,819.6515046649541
S020,3,b1c25,1,6C(40%)-3C,854.0,819.8166331292726
S020,3,b1c40,1,8C(15%)-3.6C,966.0,823.0847652838299
S020,3,b1c41,1,8C(15%)-3.6C,1051.0,835.7339431353254
S020,4,b1c12,1,5.4C(50%)-3.6C,902.0,830.9512914792934
S020,4,b1c13,1,5.4C(50%)-3.6C,897.0,841.9137273202343
S020,4,b1c26,1,6C(40%)-3.6C,870.0,792.2863975947976
S020,4,b1c27,1,6C(40%)-3.6C,842.0,788.9150616661674
S020,4,b1c36,1,7C(40%)-3C,704.0,823.21559751848
S020,4,b1c37,1,7C(40%)-3C,648.0,806.7602454692594
S020,5,b1c8,1,5.4C(40%)-3.6C,879.0,843.5580123697873
S020,5,b1c9,1,5.4C(40%)-3.6C,1054.0,847.9787192321186
S020,5,b1c22,1,6C(30%)-3.6C,891.0,825.579593021825
S020,5,b1c23,1,6C(30%)-3.6C,1014.0,845.2841262644549
S020,5,b1c38,1,7C(40%)-3.6C,617.0,745.8675147227448
S020,5,b1c39,1,7C(40%)-3.6C,625.0,757.7707210749696
S021,1,b1c3,1,4C(80%)-4C,1226.0,1319.012691321414
S021,1,b1c4,1,4C(80%)-4C,1227.0,1320.9040280615673
S021,1,b1c20,1,5.4C(80%)-5.4C,534.0,392.76175785249234
S021,1,b1c21,1,5.4C(80%)-5.4C,559.0,528.546594947368
S021,1,b1c32,1,6C(60%)-3C,731.0,577.8806267846326
S021,1,b1c33,1,6C(60%)-3C,757.0,535.1561286093827
S021,1,b1c44,1,8C(35%)-3.6C,616.0,575.1433679446184
S021,1,b1c45,1,8C(35%)-3.6C,599.0,566.3475015395421
S021,2,b1c6,1,4.8C(80%)-4.8C,636.0,687.890742411573
S021,2,b1c7,1,4.8C(80%)-4.8C,870.0,820.0879065731156
S021,2,b1c16,1,5.4C(60%)-3.6C,862.0,929.4515342531458
S021,2,b1c17,1,5.4C(60%)-3.6C,857.0,873.8209533201152
S021,2,b1c30,1,6C(50%)-3.6C,709.0,782.7471513381718
S021,2,b1c31,1,6C(50%)-3.6C,876.0,827.979699577139
S021,2,b1c42,1,8C(25%)-3.6C,702.0,743.4437226642627
S021,2,b1c43,1,8C(25%)-3.6C,651.0,777.802036494597
S021,3,b1c5,1,4.4C(80%)-4.4C,1074.0,986.3751186770837
S021,3,b1c10,1,5.4C(50%)-3C,906.0,930.704068246694
S021,3,b1c11,1,5.4C(50%)-3C,788.0,833.9675049523335
S021,3,b1c24,1,6C(40%)-3C,1017.0,868.4138878080803
S021,3,b1c25,1,6C(40%)-3C,854.0,883.4477799248609
S021,3,b1c40,1,8C(15%)-3.6C,966.0,839.7547129264266
S021,3,b1c41,1,8C(15%)-3.6C,1051.0,821.6360810421386
S021,4,b1c12,1,5.4C(50%)-3.6C,902.0,914.2125662423382
S021,4,b1c13,1,5.4C(50%)-3.6C,897.0,935.7910542860254
S021,4,b1c26,1,6C(40%)-3.6C,870.0,823.5849255028834
S021,4,b1c27,1,6C(40%)-3.6C,842.0,830.8980892449192
S021,4,b1c36,1,7C(40%)-3C,704.0,794.2358742932137
S021,4,b1c37,1,7C(40%)-3C,648.0,758.9372099039292
S021,5,b1c8,1,5.4C(40%)-3.6C,879.0,969.887253224309
S021,5,b1c9,1,5.4C(40%)-3.6C,1054.0,936.6027290801279
S021,5,b1c22,1,6C(30%)-3.6C,891.0,927.1840879553422
S021,5,b1c23,1,6C(30%)-3.6C,1014.0,1002.2018834761773
S021,5,b1c38,1,7C(40%)-3.6C,617.0,589.1422707979707
S021,5,b1c39,1,7C(40%)-3.6C,625.0,620.5190617907275
S022,1,b1c3,1,4C(80%)-4C,1226.0,1317.4129666601912
S022,1,b1c4,1,4C(80%)-4C,1227.0,1320.6303201864307
S022,1,b1c20,1,5.4C(80%)-5.4C,534.0,396.5608138237926
S022,1,b1c21,1,5.4C(80%)-5.4C,559.0,529.280071524021
S022,1,b1c32,1,6C(60%)-3C,731.0,580.7001684273549
S022,1,b1c33,1,6C(60%)-3C,757.0,538.7064934480088
S022,1,b1c44,1,8C(35%)-3.6C,616.0,576.9046729222379
S022,1,b1c45,1,8C(35%)-3.6C,599.0,567.8989234154022
S022,2,b1c6,1,4.8C(80%)-4.8C,636.0,697.4146818824615
S022,2,b1c7,1,4.8C(80%)-4.8C,870.0,824.1038769734782
S022,2,b1c16,1,5.4C(60%)-3.6C,862.0,926.6849203230598
S022,2,b1c17,1,5.4C(60%)-3.6C,857.0,872.5807888301578
S022,2,b1c30,1,6C(50%)-3.6C,709.0,779.7628164512244
S022,2,b1c31,1,6C(50%)-3.6C,876.0,823.9149505097226
S022,2,b1c42,1,8C(25%)-3.6C,702.0,745.843587311436
S022,2,b1c43,1,8C(25%)-3.6C,651.0,776.4230681386389
S022,3,b1c5,1,4.4C(80%)-4.4C,1074.0,987.9129209403889
S022,3,b1c10,1,5.4C(50%)-3C,906.0,930.999052463133
S022,3,b1c11,1,5.4C(50%)-3C,788.0,840.0705692443
S022,3,b1c24,1,6C(40%)-3C,1017.0,869.5029895207961
S022,3,b1c25,1,6C(40%)-3C,854.0,884.3395572153603
S022,3,b1c40,1,8C(15%)-3.6C,966.0,840.2018670664305
S022,3,b1c41,1,8C(15%)-3.6C,1051.0,823.7093898150786
S022,4,b1c12,1,5.4C(50%)-3.6C,902.0,911.2165582293206
S022,4,b1c13,1,5.4C(50%)-3.6C,897.0,934.0606344325062
S022,4,b1c26,1,6C(40%)-3.6C,870.0,822.0328830541415
S022,4,b1c27,1,6C(40%)-3.6C,842.0,828.1981600983364
S022,4,b1c36,1,7C(40%)-3C,704.0,797.6751083545896
S022,4,b1c37,1,7C(40%)-3C,648.0,761.787850438981
S022,5,b1c8,1,5.4C(40%)-3.6C,879.0,966.8017779139834
S022,5,b1c9,1,5.4C(40%)-3.6C,1054.0,934.7597381850265
S022,5,b1c22,1,6C(30%)-3.6C,891.0,924.0643778882011
S022,5,b1c23,1,6C(30%)-3.6C,1014.0,998.2613206717893
S022,5,b1c38,1,7C(40%)-3.6C,617.0,590.3760443270801
S022,5,b1c39,1,7C(40%)-3.6C,625.0,621.7585813838125
S023,1,b1c3,1,4C(80%)-4C,1226.0,1300.1062054942263
S023,1,b1c4,1,4C(80%)-4C,1227.0,1310.929355120727
S023,1,b1c20,1,5.4C(80%)-5.4C,534.0,421.7952946605767
S023,1,b1c21,1,5.4C(80%)-5.4C,559.0,532.9339844800231
S023,1,b1c32,1,6C(60%)-3C,731.0,601.428375831744
S023,1,b1c33,1,6C(60%)-3C,757.0,564.2784972663752
S023,1,b1c44,1,8C(35%)-3.6C,616.0,590.1505172885721
S023,1,b1c45,1,8C(35%)-3.6C,599.0,580.946547654873
S023,2,b1c6,1,4.8C(80%)-4.8C,636.0,752.089723720308
S023,2,b1c7,1,4.8C(80%)-4.8C,870.0,844.8373549024585
S023,2,b1c16,1,5.4C(60%)-3.6C,862.0,912.3767466564511
S023,2,b1c17,1,5.4C(60%)-3.6C,857.0,867.4467124332623
S023,2,b1c30,1,6C(50%)-3.6C,709.0,762.843240624905
S023,2,b1c31,1,6C(50%)-3.6C,876.0,805.5557051168131
S023,2,b1c42,1,8C(25%)-3.6C,702.0,758.3168039699402
S023,2,b1c43,1,8C(25%)-3.6C,651.0,767.5363155202458
S023,3,b1c5,1,4.4C(80%)-4.4C,1074.0,998.4232840656144
S023,3,b1c10,1,5.4C(50%)-3C,906.0,933.8048435890321
S023,3,b1c11,1,5.4C(50%)-3C,788.0,882.5268590449293
S023,3,b1c24,1,6C(40%)-3C,1017.0,877.8173237857754
S023,3,b1c25,1,6C(40%)-3C,854.0,890.5024811398573
S023,3,b1c40,1,8C(15%)-3.6C,966.0,840.6580724135877
S023,3,b1c41,1,8C(15%)-3.6C,1051.0,835.6288237372158
S023,4,b1c12,1,5.4C(50%)-3.6C,902.0,892.6195410008783
S023,4,b1c13,1,5.4C(50%)-3.6C,897.0,923.1873497586031
S023,4,b1c26,1,6C(40%)-3.6C,870.0,811.8730035992533
S023,4,b1c27,1,6C(40%)-3.6C,842.0,810.5625915646065
S023,4,b1c36,1,7C(40%)-3C,704.0,819.2267311235692
S023,4,b1c37,1,7C(40%)-3C,648.0,779.7806037070055
S023,5,b1c8,1,5.4C(40%)-3.6C,879.0,949.8950177386505
S023,5,b1c9,1,5.4C(40%)-3.6C,1054.0,926.3137009375239
S023,5,b1c22,1,6C(30%)-3.6C,891.0,906.4516238725084
S023,5,b1c23,1,6C(30%)-3.6C,1014.0,974.2067698468397
S023,5,b1c38,1,7C(40%)-3.6C,617.0,602.1776890338218
S023,5,b1c39,1,7C(40%)-3.6C,625.0,633.064883677185
S024,1,b1c3,1,4C(80%)-4C,1226.0,1177.8029697951288
S024,1,b1c4,1,4C(80%)-4C,1227.0,1194.1526299060938
S024,1,b1c20,1,5.4C(80%)-5.4C,534.0,502.89960042009307
S024,1,b1c21,1,5.4C(80%)-5.4C,559.0,555.6663714434575
S024,1,b1c32,1,6C(60%)-3C,731.0,675.9797441635385
S024,1,b1c33,1,6C(60%)-3C,757.0,651.9290550171668
S024,1,b1c44,1,8C(35%)-3.6C,616.0,640.0319494728575
S024,1,b1c45,1,8C(35%)-3.6C,599.0,641.2067523750593
S024,2,b1c6,1,4.8C(80%)-4.8C,636.0,819.8541075853669
S024,2,b1c7,1,4.8C(80%)-4.8C,870.0,853.44034464251
S024,2,b1c16,1,5.4C(60%)-3.6C,862.0,897.8684185376444
S024,2,b1c17,1,5.4C(60%)-3.6C,857.0,872.1015588985541
S024,2,b1c30,1,6C(50%)-3.6C,709.0,749.5387886897613
S024,2,b1c31,1,6C(50%)-3.6C,876.0,819.6024770465409
S024,2,b1c42,1,8C(25%)-3.6C,702.0,765.2533496281465
S024,2,b1c43,1,8C(25%)-3.6C,651.0,751.2067230942669
S024,3,b1c5,1,4.4C(80%)-4.4C,1074.0,1004.5290537676971
S024,3,b1c10,1,5.4C(50%)-3C,906.0,931.8918543326038
S024,3,b1c11,1,5.4C(50%)-3C,788.0,948.0014302459947
S024,3,b1c24,1,6C(40%)-3C,1017.0,886.8986098179257
S024,3,b1c25,1,6C(40%)-3C,854.0,891.1830409063436
S024,3,b1c40,1,8C(15%)-3.6C,966.0,824.087831891089
S024,3,b1c41,1,8C(15%)-3.6C,1051.0,840.2006910389669
S024,4,b1c12,1,5.4C(50%)-3.6C,902.0,870.9965081210651
S024,4,b1c13,1,5.4C(50%)-3.6C,897.0,905.1481705224561
S024,4,b1c26,1,6C(40%)-3.6C,870.0,798.5478708773794
S024,4,b1c27,1,6C(40%)-3.6C,842.0,787.3671246198257
S024,4,b1c36,1,7C(40%)-3C,704.0,845.8758633216135
S024,4,b1c37,1,7C(40%)-3C,648.0,806.918510220872
S024,5,b1c8,1,5.4C(40%)-3.6C,879.0,918.3621454053704
S024,5,b1c9,1,5.4C(40%)-3.6C,1054.0,914.398151107876
S024,5,b1c22,1,6C(30%)-3.6C,891.0,873.3474921609135
S024,5,b1c23,1,6C(30%)-3.6C,1014.0,921.6142118209318
S024,5,b1c38,1,7C(40%)-3.6C,617.0,651.7917931038862
S024,5,b1c39,1,7C(40%)-3.6C,625.0,678.3685515239416
S025,1,b1c3,1,4C(80%)-4C,1226.0,957.6578506146589
S025,1,b1c4,1,4C(80%)-4C,1227.0,968.149178866075
S025,1,b1c20,1,5.4C(80%)-5.4C,534.0,707.0212403345913
S025,1,b1c21,1,5.4C(80%)-5.4C,559.0,718.5966360851558
S025,1,b1c32,1,6C(60%)-3C,731.0,789.6630541822207
S025,1,b1c33,1,6C(60%)-3C,757.0,783.2036405062594
S025,1,b1c44,1,8C(35%)-3.6C,616.0,754.1392965564779
S025,1,b1c45,1,8C(35%)-3.6C,599.0,760.8579046488295
S025,2,b1c6,1,4.8C(80%)-4.8C,636.0,836.1859975228706
S025,2,b1c7,1,4.8C(80%)-4.8C,870.0,845.4839620088986
S025,2,b1c16,1,5.4C(60%)-3.6C,862.0,875.0967974296881
S025,2,b1c17,1,5.4C(60%)-3.6C,857.0,866.1738205622815
S025,2,b1c30,1,6C(50%)-3.6C,709.0,798.420016168328
S025,2,b1c31,1,6C(50%)-3.6C,876.0,843.3392162663977
S025,2,b1c42,1,8C(25%)-3.6C,702.0,800.1876724138773
S025,2,b1c43,1,8C(25%)-3.6C,651.0,790.4304457292072
S025,3,b1c5,1,4.4C(80%)-4.4C,1074.0,906.7127390019878
S025,3,b1c10,1,5.4C(50%)-3C,906.0,866.7454624973261
S025,3,b1c11,1,5.4C(50%)-3C,788.0,880.2104623253333
S025,3,b1c24,1,6C(40%)-3C,1017.0,842.4519694598695
S025,3,b1c25,1,6C(40%)-3C,854.0,842.0699399637328
S025,3,b1c40,1,8C(15%)-3.6C,966.0,803.0841965171754
S025,3,b1c41,1,8C(15%)-3.6C,1051.0,814.3948048618581
S025,4,b1c12,1,5.4C(50%)-3.6C,902.0,857.2009914494176
S025,4,b1c13,1,5.4C(50%)-3.6C,897.0,869.6482867838557
S025,4,b1c26,1,6C(40%)-3.6C,870.0,814.8792339251254
S025,4,b1c27,1,6C(40%)-3.6C,842.0,810.4136673939757
S025,4,b1c36,1,7C(40%)-3C,704.0,840.1984952873673
S025,4,b1c37,1,7C(40%)-3C,648.0,823.2867343377471
S025,5,b1c8,1,5.4C(40%)-3.6C,879.0,867.1669846521019
S025,5,b1c9,1,5.4C(40%)-3.6C,1054.0,869.7423804809536
S025,5,b1c22,1,6C(30%)-3.6C,891.0,842.4481591607056
S025,5,b1c23,1,6C(30%)-3.6C,1014.0,862.2433472497314
S025,5,b1c38,1,7C(40%)-3.6C,617.0,750.1090213769544
S025,5,b1c39,1,7C(40%)-3.6C,625.0,762.5668249952291
S026,1,b1c3,1,4C(80%)-4C,1226.0,1488.3892963199585
S026,1,b1c4,1,4C(80%)-4C,1227.0,1509.89495182727
S026,1,b1c20,1,5.4C(80%)-5.4C,534.0,489.42769106895986
S026,1,b1c21,1,5.4C(80%)-5.4C,559.0,568.2333048463003
S026,1,b1c32,1,6C(60%)-3C,731.0,612.1212766628676
S026,1,b1c33,1,6C(60%)-3C,757.0,584.2333322893292
S026,1,b1c44,1,8C(35%)-3.6C,616.0,596.9496009463893
S026,1,b1c45,1,8C(35%)-3.6C,599.0,586.4466093117596
S026,2,b1c6,1,4.8C(80%)-4.8C,636.0,654.2064443827104
S026,2,b1c7,1,4.8C(80%)-4.8C,870.0,761.6294411322596
S026,2,b1c16,1,5.4C(60%)-3.6C,862.0,919.7515290969094
S026,2,b1c17,1,5.4C(60%)-3.6C,857.0,856.8771588472464
S026,2,b1c30,1,6C(50%)-3.6C,709.0,774.5932305431534
S026,2,b1c31,1,6C(50%)-3.6C,876.0,806.382904073135
S026,2,b1c42,1,8C(25%)-3.6C,702.0,723.9648277203075
S026,2,b1c43,1,8C(25%)-3.6C,651.0,754.216251757182
S026,3,b1c5,1,4.4C(80%)-4.4C,1074.0,952.4992032039368
S026,3,b1c10,1,5.4C(50%)-3C,906.0,924.0256924943203
S026,3,b1c11,1,5.4C(50%)-3C,788.0,828.5501332837933
S026,3,b1c24,1,6C(40%)-3C,1017.0,845.7762928368983
S026,3,b1c25,1,6C(40%)-3C,854.0,858.9947058817088
S026,3,b1c40,1,8C(15%)-3.6C,966.0,798.1063268658176
S026,3,b1c41,1,8C(15%)-3.6C,1051.0,784.7432183747438
S026,4,b1c12,1,5.4C(50%)-3.6C,902.0,919.0598184539305
S026,4,b1c13,1,5.4C(50%)-3.6C,897.0,934.8635047479692
S026,4,b1c26,1,6C(40%)-3.6C,870.0,813.1476747760191
S026,4,b1c27,1,6C(40%)-3.6C,842.0,823.1910563016274
S026,4,b1c36,1,7C(40%)-3C,704.0,767.0259648748637
S026,4,b1c37,1,7C(40%)-3C,648.0,737.8122740384815
S026,5,b1c8,1,5.4C(40%)-3.6C,879.0,995.9245690625183
S026,5,b1c9,1,5.4C(40%)-3.6C,1054.0,964.7152184179176
S026,5,b1c22,1,6C(30%)-3.6C,891.0,943.937628881445
S026,5,b1c23,1,6C(30%)-3.6C,1014.0,1026.6672819785795
S026,5,b1c38,1,7C(40%)-3.6C,617.0,624.086768699493
S026,5,b1c39,1,7C(40%)-3.6C,625.0,647.9411518424535
S027,1,b1c3,1,4C(80%)-4C,1226.0,1485.5730876716912
S027,1,b1c4,1,4C(80%)-4C,1227.0,1508.9945975294474
S027,1,b1c20,1,5.4C(80%)-5.4C,534.0,491.2593457349956
S027,1,b1c21,1,5.4C(80%)-5.4C,559.0,568.5382188386498
S027,1,b1c32,1,6C(60%)-3C,731.0,614.0102277192301
S027,1,b1c33,1,6C(60%)-3C,757.0,586.4652003817826
S027,1,b1c44,1,8C(35%)-3.6C,616.0,598.1732287943022
S027,1,b1c45,1,8C(35%)-3.6C,599.0,587.6039798809308
S027,2,b1c6,1,4.8C(80%)-4.8C,636.0,662.6253499198106
S027,2,b1c7,1,4.8C(80%)-4.8C,870.0,765.9219074380588
S027,2,b1c16,1,5.4C(60%)-3.6C,862.0,916.3974535365601
S027,2,b1c17,1,5.4C(60%)-3.6C,857.0,855.3147657787454
S027,2,b1c30,1,6C(50%)-3.6C,709.0,771.4761573212413
S027,2,b1c31,1,6C(50%)-3.6C,876.0,801.4459561977307
S027,2,b1c42,1,8C(25%)-3.6C,702.0,726.5893588291874
S027,2,b1c43,1,8C(25%)-3.6C,651.0,753.1348681304604
S027,3,b1c5,1,4.4C(80%)-4.4C,1074.0,954.4728852831986
S027,3,b1c10,1,5.4C(50%)-3C,906.0,924.1682182345628
S027,3,b1c11,1,5.4C(50%)-3C,788.0,834.8552669072832
S027,3,b1c24,1,6C(40%)-3C,1017.0,846.9066731447377
S027,3,b1c25,1,6C(40%)-3C,854.0,860.1932838781107
S027,3,b1c40,1,8C(15%)-3.6C,966.0,799.541644799456
S027,3,b1c41,1,8C(15%)-3.6C,1051.0,787.669898545725
S027,4,b1c12,1,5.4C(50%)-3.6C,902.0,915.1370405271811
S027,4,b1c13,1,5.4C(50%)-3.6C,897.0,932.4024395470498
S027,4,b1c26,1,6C(40%)-3.6C,870.0,811.251448117292
S027,4,b1c27,1,6C(40%)-3.6C,842.0,820.0783763664751
S027,4,b1c36,1,7C(40%)-3C,704.0,770.7856448233323
S027,4,b1c37,1,7C(40%)-3C,648.0,740.8754654360895
S027,5,b1c8,1,5.4C(40%)-3.6C,879.0,988.8983064487892
S027,5,b1c9,1,5.4C(40%)-3.6C,1054.0,959.7226987878674
S027,5,b1c22,1,6C(30%)-3.6C,891.0,937.4544015827568
S027,5,b1c23,1,6C(30%)-3.6C,1014.0,1018.6816812433332
S027,5,b1c38,1,7C(40%)-3.6C,617.0,624.389811300284
S027,5,b1c39,1,7C(40%)-3.6C,625.0,648.3923723408636
S028,1,b1c3,1,4C(80%)-4C,1226.0,1455.4389725431895
S028,1,b1c4,1,4C(80%)-4C,1227.0,1488.6643894792708
S028,1,b1c20,1,5.4C(80%)-5.4C,534.0,503.2041680030671
S028,1,b1c21,1,5.4C(80%)-5.4C,559.0,569.5395002393345
S028,1,b1c32,1,6C(60%)-3C,731.0,628.050178707933
S028,1,b1c33,1,6C(60%)-3C,757.0,602.7070562372217
S028,1,b1c44,1,8C(35%)-3.6C,616.0,607.5373809439637
S028,1,b1c45,1,8C(35%)-3.6C,599.0,597.4880995468293
S028,2,b1c6,1,4.8C(80%)-4.8C,636.0,713.0032145321189
S028,2,b1c7,1,4.8C(80%)-4.8C,870.0,789.1734073028143
S028,2,b1c16,1,5.4C(60%)-3.6C,862.0,898.7032553807346
S028,2,b1c17,1,5.4C(60%)-3.6C,857.0,847.9773137740111
S028,2,b1c30,1,6C(50%)-3.6C,709.0,753.842597573571
S028,2,b1c31,1,6C(50%)-3.6C,876.0,777.6859564192611
S028,2,b1c42,1,8C(25%)-3.6C,702.0,741.1033289304048
S028,2,b1c43,1,8C(25%)-3.6C,651.0,746.6287088918417
S028,3,b1c5,1,4.4C(80%)-4.4C,1074.0,968.2246243920978
S028,3,b1c10,1,5.4C(50%)-3C,906.0,926.7618196507424
S028,3,b1c11,1,5.4C(50%)-3C,788.0,879.0092002157734
S028,3,b1c24,1,6C(40%)-3C,1017.0,856.3451946928742
S028,3,b1c25,1,6C(40%)-3C,854.0,869.0062264225973
S028,3,b1c40,1,8C(15%)-3.6C,966.0,806.3323786686982
S028,3,b1c41,1,8C(15%)-3.6C,1051.0,804.917092469634
S028,4,b1c12,1,5.4C(50%)-3.6C,902.0,890.7451151267319
S028,4,b1c13,1,5.4C(50%)-3.6C,897.0,916.7201864626559
S028,4,b1c26,1,6C(40%)-3.6C,870.0,799.0101438278166
S028,4,b1c27,1,6C(40%)-3.6C,842.0,800.1733249233803
S028,4,b1c36,1,7C(40%)-3C,704.0,794.9930793333791
S028,4,b1c37,1,7C(40%)-3C,648.0,760.7134789030863
S028,5,b1c8,1,5.4C(40%)-3.6C,879.0,953.6575616697418
S028,5,b1c9,1,5.4C(40%)-3.6C,1054.0,936.1566390334558
S028,5,b1c22,1,6C(30%)-3.6C,891.0,904.3469264990832
S028,5,b1c23,1,6C(30%)-3.6C,1014.0,975.3362524466946
S028,5,b1c38,1,7C(40%)-3.6C,617.0,630.2611436145237
S028,5,b1c39,1,7C(40%)-3.6C,625.0,654.5707199255628
S029,1,b1c3,1,4C(80%)-4C,1226.0,1256.4387564304395
S029,1,b1c4,1,4C(80%)-4C,1227.0,1286.1287110712801
S029,1,b1c20,1,5.4C(80%)-5.4C,534.0,546.1657159948494
S029,1,b1c21,1,5.4C(80%)-5.4C,559.0,581.7595197139267
S029,1,b1c32,1,6C(60%)-3C,731.0,682.3110985164766
S029,1,b1c33,1,6C(60%)-3C,757.0,663.2120508883905
S029,1,b1c44,1,8C(35%)-3.6C,616.0,645.3982314374056
S029,1,b1c45,1,8C(35%)-3.6C,599.0,645.474266899562
S029,2,b1c6,1,4.8C(80%)-4.8C,636.0,779.6480959412039
S029,2,b1c7,1,4.8C(80%)-4.8C,870.0,806.2698496847414
S029,2,b1c16,1,5.4C(60%)-3.6C,862.0,877.4253496967463
S029,2,b1c17,1,5.4C(60%)-3.6C,857.0,847.5481899899962
S029,2,b1c30,1,6C(50%)-3.6C,709.0,737.6705325133411
S029,2,b1c31,1,6C(50%)-3.6C,876.0,783.0115229176627
S029,2,b1c42,1,8C(25%)-3.6C,702.0,754.047688648041
S029,2,b1c43,1,8C(25%)-3.6C,651.0,737.684494879673
S029,3,b1c5,1,4.4C(80%)-4.4C,1074.0,981.1460415260005
S029,3,b1c10,1,5.4C(50%)-3C,906.0,925.6235980640739
S029,3,b1c11,1,5.4C(50%)-3C,788.0,943.4480750918169
S029,3,b1c24,1,6C(40%)-3C,1017.0,871.3930512603788
S029,3,b1c25,1,6C(40%)-3C,854.0,876.9551883166389
S029,3,b1c40,1,8C(15%)-3.6C,966.0,803.6095838697574
S029,3,b1c41,1,8C(15%)-3.6C,1051.0,819.9863471205066
S029,4,b1c12,1,5.4C(50%)-3.6C,902.0,858.7935750855228
S029,4,b1c13,1,5.4C(50%)-3.6C,897.0,889.1978614918448
S029,4,b1c26,1,6C(40%)-3.6C,870.0,782.4971298205138
S029,4,b1c27,1,6C(40%)-3.6C,842.0,774.3393603473146
S029,4,b1c36,1,7C(40%)-3C,704.0,827.7687499399739
S029,4,b1c37,1,7C(40%)-3C,648.0,792.1311658907009
S029,5,b1c8,1,5.4C(40%)-3.6C,879.0,904.746974511393
S029,5,b1c9,1,5.4C(40%)-3.6C,1054.0,906.3556707463038
S029,5,b1c22,1,6C(30%)-3.6C,891.0,858.0113055717746
S029,5,b1c23,1,6C(30%)-3.6C,1014.0,904.6974594425387
S029,5,b1c38,1,7C(40%)-3.6C,617.0,664.0124817042977
S029,5,b1c39,1,7C(40%)-3.6C,625.0,685.751232220309
S030,1,b1c3,1,4C(80%)-4C,1226.0,958.7506650935137
S030,1,b1c4,1,4C(80%)-4C,1227.0,971.7363266364705
S030,1,b1c20,1,5.4C(80%)-5.4C,534.0,701.1990638290284
S030,1,b1c21,1,5.4C(80%)-5.4C,559.0,711.7486313641172
S030,1,b1c32,1,6C(60%)-3C,731.0,779.5182353406441
S030,1,b1c33,1,6C(60%)-3C,757.0,773.3513044440693
S030,1,b1c44,1,8C(35%)-3.6C,616.0,743.9269637952556
S030,1,b1c45,1,8C(35%)-3.6C,599.0,750.220741515239
S030,2,b1c6,1,4.8C(80%)-4.8C,636.0,803.1442258394017
S030,2,b1c7,1,4.8C(80%)-4.8C,870.0,812.3557435608816
S030,2,b1c16,1,5.4C(60%)-3.6C,862.0,852.0454990303305
S030,2,b1c17,1,5.4C(60%)-3.6C,857.0,841.9404953469478
S030,2,b1c30,1,6C(50%)-3.6C,709.0,778.9704680724369
S030,2,b1c31,1,6C(50%)-3.6C,876.0,814.4445892426959
S030,2,b1c42,1,8C(25%)-3.6C,702.0,785.5011842932929
S030,2,b1c43,1,8C(25%)-3.6C,651.0,774.758086046749
S030,3,b1c5,1,4.4C(80%)-4.4C,1074.0,880.6727796728784
S030,3,b1c10,1,5.4C(50%)-3C,906.0,851.1208680244495
S030,3,b1c11,1,5.4C(50%)-3C,788.0,861.7307109151317
S030,3,b1c24,1,6C(40%)-3C,1017.0,825.7740099558312
S030,3,b1c25,1,6C(40%)-3C,854.0,825.7497750636009
S030,3,b1c40,1,8C(15%)-3.6C,966.0,788.1667706599657
S030,3,b1c41,1,8C(15%)-3.6C,1051.0,798.5467143698319
S030,4,b1c12,1,5.4C(50%)-3.6C,902.0,837.9856944791521
S030,4,b1c13,1,5.4C(50%)-3.6C,897.0,848.5254734354718
S030,4,b1c26,1,6C(40%)-3.6C,870.0,795.579782944233
S030,4,b1c27,1,6C(40%)-3.6C,842.0,792.5051127634919
S030,4,b1c36,1,7C(40%)-3C,704.0,821.9116298778341
S030,4,b1c37,1,7C(40%)-3C,648.0,806.1741953127034
S030,5,b1c8,1,5.4C(40%)-3.6C,879.0,848.8239762867718
S030,5,b1c9,1,5.4C(40%)-3.6C,1054.0,852.776386942848
S030,5,b1c22,1,6C(30%)-3.6C,891.0,825.0918369548
S030,5,b1c23,1,6C(30%)-3.6C,1014.0,843.5807729458222
S030,5,b1c38,1,7C(40%)-3.6C,617.0,740.572370588126
S030,5,b1c39,1,7C(40%)-3.6C,625.0,751.7562391093496
S031,1,b1c3,1,4C(80%)-4C,1226.0,1380.180379033368
S031,1,b1c4,1,4C(80%)-4C,1227.0,1388.6076087593713
S031,1,b1c20,1,5.4C(80%)-5.4C,534.0,429.2199190996398
S031,1,b1c21,1,5.4C(80%)-5.4C,559.0,536.6579454466121
S031,1,b1c32,1,6C(60%)-3C,731.0,653.2840761057724
S031,1,b1c33,1,6C(60%)-3C,757.0,621.1930720355986
S031,1,b1c44,1,8C(35%)-3.6C,616.0,581.3726901120251
S031,1,b1c45,1,8C(35%)-3.6C,599.0,558.475480045995
S031,2,b1c6,1,4.8C(80%)-4.8C,636.0,756.7529482966586
S031,2,b1c7,1,4.8C(80%)-4.8C,870.0,869.1974034484354
S031,2,b1c16,1,5.4C(60%)-3.6C,862.0,879.8840691176388
S031,2,b1c17,1,5.4C(60%)-3.6C,857.0,845.203037810678
S031,2,b1c30,1,6C(50%)-3.6C,709.0,767.645131657684
S031,2,b1c31,1,6C(50%)-3.6C,876.0,754.5228983829968
S031,2,b1c42,1,8C(25%)-3.6C,702.0,762.4136896995133
S031,2,b1c43,1,8C(25%)-3.6C,651.0,782.4226924882107
S031,3,b1c5,1,4.4C(80%)-4.4C,1074.0,1020.5909903481058
S031,3,b1c10,1,5.4C(50%)-3C,906.0,905.8665106772045
S031,3,b1c11,1,5.4C(50%)-3C,788.0,868.7352518690693
S031,3,b1c24,1,6C(40%)-3C,1017.0,854.5598277296289
S031,3,b1c25,1,6C(40%)-3C,854.0,884.6580968483461
S031,3,b1c40,1,8C(15%)-3.6C,966.0,942.5986566868461
S031,3,b1c41,1,8C(15%)-3.6C,1051.0,933.7343294302366
S031,4,b1c12,1,5.4C(50%)-3.6C,902.0,896.7867425851147
S031,4,b1c13,1,5.4C(50%)-3.6C,897.0,917.3654032616596
S031,4,b1c26,1,6C(40%)-3.6C,870.0,806.4956706954478
S031,4,b1c27,1,6C(40%)-3.6C,842.0,812.5295066232295
S031,4,b1c36,1,7C(40%)-3C,704.0,794.881724135042
S031,4,b1c37,1,7C(40%)-3C,648.0,761.313348124684
S031,5,b1c8,1,5.4C(40%)-3.6C,879.0,923.4829356409351
S031,5,b1c9,1,5.4C(40%)-3.6C,1054.0,895.4926587757435
S031,5,b1c22,1,6C(30%)-3.6C,891.0,884.8775195910084
S031,5,b1c23,1,6C(30%)-3.6C,1014.0,950.1456822161709
S031,5,b1c38,1,7C(40%)-3.6C,617.0,586.6988987953274
S031,5,b1c39,1,7C(40%)-3.6C,625.0,614.8654039897564
S032,1,b1c3,1,4C(80%)-4C,1226.0,1377.9751000475721
S032,1,b1c4,1,4C(80%)-4C,1227.0,1386.1627823821623
S032,1,b1c20,1,5.4C(80%)-5.4C,534.0,429.3730815268366
S032,1,b1c21,1,5.4C(80%)-5.4C,559.0,536.2019464139285
S032,1,b1c32,1,6C(60%)-3C,731.0,653.7009399831752
S032,1,b1c33,1,6C(60%)-3C,757.0,621.6391948736152
S032,1,b1c44,1,8C(35%)-3.6C,616.0,581.7830384492333
S032,1,b1c45,1,8C(35%)-3.6C,599.0,559.2959564449101
S032,2,b1c6,1,4.8C(80%)-4.8C,636.0,761.5845696234225
S032,2,b1c7,1,4.8C(80%)-4.8C,870.0,870.9681506637968
S032,2,b1c16,1,5.4C(60%)-3.6C,862.0,879.5376982574899
S032,2,b1c17,1,5.4C(60%)-3.6C,857.0,845.7572815274123
S032,2,b1c30,1,6C(50%)-3.6C,709.0,766.6390128402126
S032,2,b1c31,1,6C(50%)-3.6C,876.0,754.3796656582924
S032,2,b1c42,1,8C(25%)-3.6C,702.0,762.921571361921
S032,2,b1c43,1,8C(25%)-3.6C,651.0,781.1428990944987
S032,3,b1c5,1,4.4C(80%)-4.4C,1074.0,1021.8897550277346
S032,3,b1c10,1,5.4C(50%)-3C,906.0,906.5264471861628
S032,3,b1c11,1,5.4C(50%)-3C,788.0,870.7578306725109
S032,3,b1c24,1,6C(40%)-3C,1017.0,855.3138861337634
S032,3,b1c25,1,6C(40%)-3C,854.0,884.1263361221893
S032,3,b1c40,1,8C(15%)-3.6C,966.0,941.0237676170709
S032,3,b1c41,1,8C(15%)-3.6C,1051.0,933.1322287443993
S032,4,b1c12,1,5.4C(50%)-3.6C,902.0,895.0326057697575
S032,4,b1c13,1,5.4C(50%)-3.6C,897.0,916.5925338796686
S032,4,b1c26,1,6C(40%)-3.6C,870.0,806.3483080541165
S032,4,b1c27,1,6C(40%)-3.6C,842.0,811.4944946564513
S032,4,b1c36,1,7C(40%)-3C,704.0,796.232295964167
S032,4,b1c37,1,7C(40%)-3C,648.0,762.2437554997927
S032,5,b1c8,1,5.4C(40%)-3.6C,879.0,924.1300933702023
S032,5,b1c9,1,5.4C(40%)-3.6C,1054.0,896.6129463785483
S032,5,b1c22,1,6C(30%)-3.6C,891.0,885.2898488555709
S032,5,b1c23,1,6C(30%)-3.6C,1014.0,949.5529866750811
S032,5,b1c38,1,7C(40%)-3.6C,617.0,588.8255564398678
S032,5,b1c39,1,7C(40%)-3.6C,625.0,616.5927341889068
S033,1,b1c3,1,4C(80%)-4C,1226.0,1357.1509485646416
S033,1,b1c4,1,4C(80%)-4C,1227.0,1363.6453352929598
S033,1,b1c20,1,5.4C(80%)-5.4C,534.0,432.3182685625819
S033,1,b1c21,1,5.4C(80%)-5.4C,559.0,533.0889539968448
S033,1,b1c32,1,6C(60%)-3C,731.0,657.8391823915689
S033,1,b1c33,1,6C(60%)-3C,757.0,626.2768961338645
S033,1,b1c44,1,8C(35%)-3.6C,616.0,585.8254990906312
S033,1,b1c45,1,8C(35%)-3.6C,599.0,566.9530376771027
S033,2,b1c6,1,4.8C(80%)-4.8C,636.0,790.5663247950382
S033,2,b1c7,1,4.8C(80%)-4.8C,870.0,879.1149534552121
S033,2,b1c16,1,5.4C(60%)-3.6C,862.0,883.0060262246518
S033,2,b1c17,1,5.4C(60%)-3.6C,857.0,853.3046790434627
S033,2,b1c30,1,6C(50%)-3.6C,709.0,761.3486464365236
S033,2,b1c31,1,6C(50%)-3.6C,876.0,759.8255580954093
S033,2,b1c42,1,8C(25%)-3.6C,702.0,764.7886040552825
S033,2,b1c43,1,8C(25%)-3.6C,651.0,771.7687957056283
S033,3,b1c5,1,4.4C(80%)-4.4C,1074.0,1029.7917173475735
S033,3,b1c10,1,5.4C(50%)-3C,906.0,910.310699193315
S033,3,b1c11,1,5.4C(50%)-3C,788.0,886.5868832661265
S033,3,b1c24,1,6C(40%)-3C,1017.0,859.9770530053675
S033,3,b1c25,1,6C(40%)-3C,854.0,880.1410232919966
S033,3,b1c40,1,8C(15%)-3.6C,966.0,928.9799592455829
S033,3,b1c41,1,8C(15%)-3.6C,1051.0,928.3698598306387
S033,4,b1c12,1,5.4C(50%)-3.6C,902.0,884.9855158176555
S033,4,b1c13,1,5.4C(50%)-3.6C,897.0,912.1468407692166
S033,4,b1c26,1,6C(40%)-3.6C,870.0,804.8799283234001
S033,4,b1c27,1,6C(40%)-3.6C,842.0,804.4381956443659
S033,4,b1c36,1,7C(40%)-3C,704.0,804.5115176484043
S033,4,b1c37,1,7C(40%)-3C,648.0,768.1004911984883
S033,5,b1c8,1,5.4C(40%)-3.6C,879.0,927.6309006954002
S033,5,b1c9,1,5.4C(40%)-3.6C,1054.0,904.4183973422564
S033,5,b1c22,1,6C(30%)-3.6C,891.0,887.0927921221481
S033,5,b1c23,1,6C(30%)-3.6C,1014.0,944.7135053114868
S033,5,b1c38,1,7C(40%)-3.6C,617.0,603.9254948003916
S033,5,b1c39,1,7C(40%)-3.6C,625.0,629.393599370816
S034,1,b1c3,1,4C(80%)-4C,1226.0,1227.0943735390906
S034,1,b1c4,1,4C(80%)-4C,1227.0,1234.0473014758961
S034,1,b1c20,1,5.4C(80%)-5.4C,534.0,488.43170387181186
S034,1,b1c21,1,5.4C(80%)-5.4C,559.0,550.9608930598142
S034,1,b1c32,1,6C(60%)-3C,731.0,689.8324518489528
S034,1,b1c33,1,6C(60%)-3C,757.0,665.9620668634105
S034,1,b1c44,1,8C(35%)-3.6C,616.0,618.0086224672419
S034,1,b1c45,1,8C(35%)-3.6C,599.0,615.6596908685119
S034,2,b1c6,1,4.8C(80%)-4.8C,636.0,844.5229084262716
S034,2,b1c7,1,4.8C(80%)-4.8C,870.0,881.4357182514631
S034,2,b1c16,1,5.4C(60%)-3.6C,862.0,900.552754546288
S034,2,b1c17,1,5.4C(60%)-3.6C,857.0,878.0391483814138
S034,2,b1c30,1,6C(50%)-3.6C,709.0,756.6200357105763
S034,2,b1c31,1,6C(50%)-3.6C,876.0,802.5105464289499
S034,2,b1c42,1,8C(25%)-3.6C,702.0,770.129386821198
S034,2,b1c43,1,8C(25%)-3.6C,651.0,756.0056919261556
S034,3,b1c5,1,4.4C(80%)-4.4C,1074.0,1024.031554860529
S034,3,b1c10,1,5.4C(50%)-3C,906.0,905.0862093848282
S034,3,b1c11,1,5.4C(50%)-3C,788.0,917.771106976775
S034,3,b1c24,1,6C(40%)-3C,1017.0,859.9183886231333
S034,3,b1c25,1,6C(40%)-3C,854.0,864.0729260774895
S034,3,b1c40,1,8C(15%)-3.6C,966.0,891.1438159618446
S034,3,b1c41,1,8C(15%)-3.6C,1051.0,906.8818390563752
S034,4,b1c12,1,5.4C(50%)-3.6C,902.0,876.2456075601152
S034,4,b1c13,1,5.4C(50%)-3.6C,897.0,903.9134213787057
S034,4,b1c26,1,6C(40%)-3.6C,870.0,800.6810672542026
S034,4,b1c27,1,6C(40%)-3.6C,842.0,793.1674415153096
S034,4,b1c36,1,7C(40%)-3C,704.0,813.2744744514916
S034,4,b1c37,1,7C(40%)-3C,648.0,778.0706580220979
S034,5,b1c8,1,5.4C(40%)-3.6C,879.0,921.6644013044776
S034,5,b1c9,1,5.4C(40%)-3.6C,1054.0,916.0441252302905
S034,5,b1c22,1,6C(30%)-3.6C,891.0,879.5657202684038
S034,5,b1c23,1,6C(30%)-3.6C,1014.0,922.6584784891976
S034,5,b1c38,1,7C(40%)-3.6C,617.0,649.9006512776734
S034,5,b1c39,1,7C(40%)-3.6C,625.0,672.697889276757
S035,1,b1c3,1,4C(80%)-4C,1226.0,980.38631569955
S035,1,b1c4,1,4C(80%)-4C,1227.0,989.7202127047752
S035,1,b1c20,1,5.4C(80%)-5.4C,534.0,700.116792625927
S035,1,b1c21,1,5.4C(80%)-5.4C,559.0,714.0427067131417
S035,1,b1c32,1,6C(60%)-3C,731.0,779.8818274369949
S035,1,b1c33,1,6C(60%)-3C,757.0,773.3356205166758
S035,1,b1c44,1,8C(35%)-3.6C,616.0,738.5153342959826
S035,1,b1c45,1,8C(35%)-3.6C,599.0,744.9798196332916
S035,2,b1c6,1,4.8C(80%)-4.8C,636.0,852.5817679729935
S035,2,b1c7,1,4.8C(80%)-4.8C,870.0,862.7027262252396
S035,2,b1c16,1,5.4C(60%)-3.6C,862.0,877.2055629339526
S035,2,b1c17,1,5.4C(60%)-3.6C,857.0,868.0093286194945
S035,2,b1c30,1,6C(50%)-3.6C,709.0,798.0854071796301
S035,2,b1c31,1,6C(50%)-3.6C,876.0,839.5663364498001
S035,2,b1c42,1,8C(25%)-3.6C,702.0,808.4235622372147
S035,2,b1c43,1,8C(25%)-3.6C,651.0,798.1505098254264
S035,3,b1c5,1,4.4C(80%)-4.4C,1074.0,912.7410677954773
S035,3,b1c10,1,5.4C(50%)-3C,906.0,851.2636262860068
S035,3,b1c11,1,5.4C(50%)-3C,788.0,864.2453394882363
S035,3,b1c24,1,6C(40%)-3C,1017.0,828.299087587042
S035,3,b1c25,1,6C(40%)-3C,854.0,827.6325234417844
S035,3,b1c40,1,8C(15%)-3.6C,966.0,837.9582992632727
S035,3,b1c41,1,8C(15%)-3.6C,1051.0,849.1798167219997
S035,4,b1c12,1,5.4C(50%)-3.6C,902.0,858.1174983778967
S035,4,b1c13,1,5.4C(50%)-3.6C,897.0,869.2178964305061
S035,4,b1c26,1,6C(40%)-3.6C,870.0,814.6693805366779
S035,4,b1c27,1,6C(40%)-3.6C,842.0,810.9650754835263
S035,4,b1c36,1,7C(40%)-3C,704.0,819.9873417784297
S035,4,b1c37,1,7C(40%)-3C,648.0,803.5393729032578
S035,5,b1c8,1,5.4C(40%)-3.6C,879.0,871.9218741575211
S035,5,b1c9,1,5.4C(40%)-3.6C,1054.0,874.4727062843135
S035,5,b1c22,1,6C(30%)-3.6C,891.0,850.1457821462311
S035,5,b1c23,1,6C(30%)-3.6C,1014.0,869.4815382742361
S035,5,b1c38,1,7C(40%)-3.6C,617.0,746.0129297940828
S035,5,b1c39,1,7C(40%)-3.6C,625.0,757.9517244654753
S036,1,b1c3,1,4C(80%)-4C,1226.0,1597.1816918877523
S036,1,b1c4,1,4C(80%)-4C,1227.0,1639.287152469995
S036,1,b1c20,1,5.4C(80%)-5.4C,534.0,508.8307295119237
S036,1,b1c21,1,5.4C(80%)-5.4C,559.0,573.1226450433306
S036,1,b1c32,1,6C(60%)-3C,731.0,662.4295628297554
S036,1,b1c33,1,6C(60%)-3C,757.0,639.7585352797902
S036,1,b1c44,1,8C(35%)-3.6C,616.0,604.579145774692
S036,1,b1c45,1,8C(35%)-3.6C,599.0,585.8342770742424
S036,2,b1c6,1,4.8C(80%)-4.8C,636.0,735.8433361293154
S036,2,b1c7,1,4.8C(80%)-4.8C,870.0,824.8183014608826
S036,2,b1c16,1,5.4C(60%)-3.6C,862.0,863.9716887477722
S036,2,b1c17,1,5.4C(60%)-3.6C,857.0,821.3233046029868
S036,2,b1c30,1,6C(50%)-3.6C,709.0,752.5608301077352
S036,2,b1c31,1,6C(50%)-3.6C,876.0,711.7321119078006
S036,2,b1c42,1,8C(25%)-3.6C,702.0,756.8857870219066
S036,2,b1c43,1,8C(25%)-3.6C,651.0,764.1790669041071
S036,3,b1c5,1,4.4C(80%)-4.4C,1074.0,1004.0955261457475
S036,3,b1c10,1,5.4C(50%)-3C,906.0,897.9560796806481
S036,3,b1c11,1,5.4C(50%)-3C,788.0,884.9580714465301
S036,3,b1c24,1,6C(40%)-3C,1017.0,839.6226449697974
S036,3,b1c25,1,6C(40%)-3C,854.0,874.8788157988873
S036,3,b1c40,1,8C(15%)-3.6C,966.0,921.6153869272342
S036,3,b1c41,1,8C(15%)-3.6C,1051.0,919.8163362014495
S036,4,b1c12,1,5.4C(50%)-3.6C,902.0,889.4217202662363
S036,4,b1c13,1,5.4C(50%)-3.6C,897.0,902.3807045967505
S036,4,b1c26,1,6C(40%)-3.6C,870.0,784.2236118658134
S036,4,b1c27,1,6C(40%)-3.6C,842.0,792.9852907873154
S036,4,b1c36,1,7C(40%)-3C,704.0,781.9210489936114
S036,4,b1c37,1,7C(40%)-3C,648.0,753.6183366143706
S036,5,b1c8,1,5.4C(40%)-3.6C,879.0,901.3796111374534
S036,5,b1c9,1,5.4C(40%)-3.6C,1054.0,886.465744135909
S036,5,b1c22,1,6C(30%)-3.6C,891.0,860.9255035384404
S036,5,b1c23,1,6C(30%)-3.6C,1014.0,924.9428471243501
S036,5,b1c38,1,7C(40%)-3.6C,617.0,617.630418341272
S036,5,b1c39,1,7C(40%)-3.6C,625.0,641.1445021966628
S037,1,b1c3,1,4C(80%)-4C,1226.0,1593.3424727370327
S037,1,b1c4,1,4C(80%)-4C,1227.0,1634.1935800884726
S037,1,b1c20,1,5.4C(80%)-5.4C,534.0,508.4795179605925
S037,1,b1c21,1,5.4C(80%)-5.4C,559.0,572.6402657241553
S037,1,b1c32,1,6C(60%)-3C,731.0,662.6472773935745
S037,1,b1c33,1,6C(60%)-3C,757.0,639.8912161383356
S037,1,b1c44,1,8C(35%)-3.6C,616.0,604.7848458765619
S037,1,b1c45,1,8C(35%)-3.6C,599.0,586.4138601933333
S037,2,b1c6,1,4.8C(80%)-4.8C,636.0,740.0248420692512
S037,2,b1c7,1,4.8C(80%)-4.8C,870.0,826.698281110735
S037,2,b1c16,1,5.4C(60%)-3.6C,862.0,863.2469909589436
S037,2,b1c17,1,5.4C(60%)-3.6C,857.0,821.6378968857582
S037,2,b1c30,1,6C(50%)-3.6C,709.0,751.6047674441772
S037,2,b1c31,1,6C(50%)-3.6C,876.0,711.529341411853
S037,2,b1c42,1,8C(25%)-3.6C,702.0,757.3996406564016
S037,2,b1c43,1,8C(25%)-3.6C,651.0,763.1533439704438
S037,3,b1c5,1,4.4C(80%)-4.4C,1074.0,1005.7682211820471
S037,3,b1c10,1,5.4C(50%)-3C,906.0,898.7335979319315
S037,3,b1c11,1,5.4C(50%)-3C,788.0,886.0896114117545
S037,3,b1c24,1,6C(40%)-3C,1017.0,840.4230781389136
S037,3,b1c25,1,6C(40%)-3C,854.0,874.247521788556
S037,3,b1c40,1,8C(15%)-3.6C,966.0,920.1498459952053
S037,3,b1c41,1,8C(15%)-3.6C,1051.0,919.1744877949067
S037,4,b1c12,1,5.4C(50%)-3.6C,902.0,887.3050138739593
S037,4,b1c13,1,5.4C(50%)-3.6C,897.0,901.3778935733463
S037,4,b1c26,1,6C(40%)-3.6C,870.0,784.1695360119886
S037,4,b1c27,1,6C(40%)-3.6C,842.0,792.0642899149929
S037,4,b1c36,1,7C(40%)-3C,704.0,783.2011991348801
S037,4,b1c37,1,7C(40%)-3C,648.0,754.4607390336942
S037,5,b1c8,1,5.4C(40%)-3.6C,879.0,902.1777292026434
S037,5,b1c9,1,5.4C(40%)-3.6C,1054.0,887.5787859613819
S037,5,b1c22,1,6C(30%)-3.6C,891.0,861.4804042394449
S037,5,b1c23,1,6C(30%)-3.6C,1014.0,924.3932098116487
S037,5,b1c38,1,7C(40%)-3.6C,617.0,619.1961020010687
S037,5,b1c39,1,7C(40%)-3.6C,625.0,642.406924250358
S038,1,b1c3,1,4C(80%)-4C,1226.0,1556.6292899840796
S038,1,b1c4,1,4C(80%)-4C,1227.0,1588.2048859339982
S038,1,b1c20,1,5.4C(80%)-5.4C,534.0,506.97474433212426
S038,1,b1c21,1,5.4C(80%)-5.4C,559.0,569.2442263088215
S038,1,b1c32,1,6C(60%)-3C,731.0,665.0920404270698
S038,1,b1c33,1,6C(60%)-3C,757.0,641.8812147826934
S038,1,b1c44,1,8C(35%)-3.6C,616.0,607.0462191840411
S038,1,b1c45,1,8C(35%)-3.6C,599.0,591.8722827465945
S038,2,b1c6,1,4.8C(80%)-4.8C,636.0,764.7650541256799
S038,2,b1c7,1,4.8C(80%)-4.8C,870.0,835.522063718319
S038,2,b1c16,1,5.4C(60%)-3.6C,862.0,864.522226041103
S038,2,b1c17,1,5.4C(60%)-3.6C,857.0,827.6047996421651
S038,2,b1c30,1,6C(50%)-3.6C,709.0,746.6623101304335
S038,2,b1c31,1,6C(50%)-3.6C,876.0,716.1415369452882
S038,2,b1c42,1,8C(25%)-3.6C,702.0,759.3131557629761
S038,2,b1c43,1,8C(25%)-3.6C,651.0,755.7984881392656
S038,3,b1c5,1,4.4C(80%)-4.4C,1074.0,1016.0266480524813
S038,3,b1c10,1,5.4C(50%)-3C,906.0,903.1958657376605
S038,3,b1c11,1,5.4C(50%)-3C,788.0,895.0795095282805
S038,3,b1c24,1,6C(40%)-3C,1017.0,845.4015519725697
S038,3,b1c25,1,6C(40%)-3C,854.0,869.5742744657161
S038,3,b1c40,1,8C(15%)-3.6C,966.0,909.167896171052
S038,3,b1c41,1,8C(15%)-3.6C,1051.0,914.1928422463579
S038,4,b1c12,1,5.4C(50%)-3.6C,902.0,875.0482926934419
S038,4,b1c13,1,5.4C(50%)-3.6C,897.0,895.4267510354002
S038,4,b1c26,1,6C(40%)-3.6C,870.0,783.4653464351373
S038,4,b1c27,1,6C(40%)-3.6C,842.0,786.0176350765039
S038,4,b1c36,1,7C(40%)-3C,704.0,790.8954534525968
S038,4,b1c37,1,7C(40%)-3C,648.0,759.6278131453784
S038,5,b1c8,1,5.4C(40%)-3.6C,879.0,906.7180798932682
S038,5,b1c9,1,5.4C(40%)-3.6C,1054.0,895.136149891968
S038,5,b1c22,1,6C(30%)-3.6C,891.0,864.3642662845198
S038,5,b1c23,1,6C(30%)-3.6C,1014.0,920.0250648841999
S038,5,b1c38,1,7C(40%)-3.6C,617.0,630.2288759069589
S038,5,b1c39,1,7C(40%)-3.6C,625.0,651.6269479135796
S039,1,b1c3,1,4C(80%)-4C,1226.0,1333.3242269443294
S039,1,b1c4,1,4C(80%)-4C,1227.0,1350.2674842810968
S039,1,b1c20,1,5.4C(80%)-5.4C,534.0,535.9126910526196
S039,1,b1c21,1,5.4C(80%)-5.4C,559.0,579.333820363049
S039,1,b1c32,1,6C(60%)-3C,731.0,689.3702924211393
S039,1,b1c33,1,6C(60%)-3C,757.0,669.7984541689549
S039,1,b1c44,1,8C(35%)-3.6C,616.0,629.8482104246996
S039,1,b1c45,1,8C(35%)-3.6C,599.0,628.1813076874713
S039,2,b1c6,1,4.8C(80%)-4.8C,636.0,810.7209456647017
S039,2,b1c7,1,4.8C(80%)-4.8C,870.0,841.9258982636624
S039,2,b1c16,1,5.4C(60%)-3.6C,862.0,878.6876731354133
S039,2,b1c17,1,5.4C(60%)-3.6C,857.0,850.8352058681924
S039,2,b1c30,1,6C(50%)-3.6C,709.0,742.2467378533253
S039,2,b1c31,1,6C(50%)-3.6C,876.0,759.5420014156717
S039,2,b1c42,1,8C(25%)-3.6C,702.0,763.2647742817921
S039,2,b1c43,1,8C(25%)-3.6C,651.0,744.5799650327115
S039,3,b1c5,1,4.4C(80%)-4.4C,1074.0,1010.7914654570774
S039,3,b1c10,1,5.4C(50%)-3C,906.0,896.6422478394904
S039,3,b1c11,1,5.4C(50%)-3C,788.0,907.9205541784019
S039,3,b1c24,1,6C(40%)-3C,1017.0,845.5580275242501
S039,3,b1c25,1,6C(40%)-3C,854.0,851.5248249967714
S039,3,b1c40,1,8C(15%)-3.6C,966.0,874.8476747934495
S039,3,b1c41,1,8C(15%)-3.6C,1051.0,892.0323072154813
S039,4,b1c12,1,5.4C(50%)-3.6C,902.0,861.6717136673487
S039,4,b1c13,1,5.4C(50%)-3.6C,897.0,884.0068326142746
S039,4,b1c26,1,6C(40%)-3.6C,870.0,781.4936437070248
S039,4,b1c27,1,6C(40%)-3.6C,842.0,777.4943379724502
S039,4,b1c36,1,7C(40%)-3C,704.0,797.8905333103352
S039,4,b1c37,1,7C(40%)-3C,648.0,767.1839361222555
S039,5,b1c8,1,5.4C(40%)-3.6C,879.0,902.639217294663
S039,5,b1c9,1,5.4C(40%)-3.6C,1054.0,903.7121177508092
S039,5,b1c22,1,6C(30%)-3.6C,891.0,859.8315773506451
S039,5,b1c23,1,6C(30%)-3.6C,1014.0,900.661209597548
S039,5,b1c38,1,7C(40%)-3.6C,617.0,662.7835879457556
S039,5,b1c39,1,7C(40%)-3.6C,625.0,681.8130698505588
S040,1,b1c3,1,4C(80%)-4C,1226.0,985.0966911203163
S040,1,b1c4,1,4C(80%)-4C,1227.0,997.078466402256
S040,1,b1c20,1,5.4C(80%)-5.4C,534.0,696.0218951511725
S040,1,b1c21,1,5.4C(80%)-5.4C,559.0,708.6226424277667
S040,1,b1c32,1,6C(60%)-3C,731.0,769.2063913381993
S040,1,b1c33,1,6C(60%)-3C,757.0,763.0091028128442
S040,1,b1c44,1,8C(35%)-3.6C,616.0,730.5654619762198
S040,1,b1c45,1,8C(35%)-3.6C,599.0,736.5939794658052
S040,2,b1c6,1,4.8C(80%)-4.8C,636.0,823.6199244898509
S040,2,b1c7,1,4.8C(80%)-4.8C,870.0,834.3235662523219
S040,2,b1c16,1,5.4C(60%)-3.6C,862.0,854.8525021039059
S040,2,b1c17,1,5.4C(60%)-3.6C,857.0,844.2818920276478
S040,2,b1c30,1,6C(50%)-3.6C,709.0,778.9218921518847
S040,2,b1c31,1,6C(50%)-3.6C,876.0,810.1465350840208
S040,2,b1c42,1,8C(25%)-3.6C,702.0,792.6981362261026
S040,2,b1c43,1,8C(25%)-3.6C,651.0,781.0897720972634
S040,3,b1c5,1,4.4C(80%)-4.4C,1074.0,889.7625202210131
S040,3,b1c10,1,5.4C(50%)-3C,906.0,834.6451686754515
S040,3,b1c11,1,5.4C(50%)-3C,788.0,843.7298223904446
S040,3,b1c24,1,6C(40%)-3C,1017.0,810.8048206744301
S040,3,b1c25,1,6C(40%)-3C,854.0,810.5291969414476
S040,3,b1c40,1,8C(15%)-3.6C,966.0,819.9294372840556
S040,3,b1c41,1,8C(15%)-3.6C,1051.0,830.5270104851368
S040,4,b1c12,1,5.4C(50%)-3.6C,902.0,838.4585591350072
S040,4,b1c13,1,5.4C(50%)-3.6C,897.0,847.3682439473695
S040,4,b1c26,1,6C(40%)-3.6C,870.0,794.683591656675
S040,4,b1c27,1,6C(40%)-3.6C,842.0,792.5183252660836
S040,4,b1c36,1,7C(40%)-3C,704.0,801.5916108764039
S040,4,b1c37,1,7C(40%)-3C,648.0,786.7390453939477
S040,5,b1c8,1,5.4C(40%)-3.6C,879.0,852.3490059111723
S040,5,b1c9,1,5.4C(40%)-3.6C,1054.0,856.3884339131407
S040,5,b1c22,1,6C(30%)-3.6C,891.0,831.2241903262222
S040,5,b1c23,1,6C(30%)-3.6C,1014.0,849.3072678059676
S040,5,b1c38,1,7C(40%)-3.6C,617.0,736.9515223992728
S040,5,b1c39,1,7C(40%)-3.6C,625.0,747.6495487988327
S041,1,b1c3,1,4C(80%)-4C,1226.0,961.6086659521035
S041,1,b1c4,1,4C(80%)-4C,1227.0,964.9893058330558
S041,1,b1c20,1,5.4C(80%)-5.4C,534.0,672.0320995670996
S041,1,b1c21,1,5.4C(80%)-5.4C,559.0,672.0320995670996
S041,1,b1c32,1,6C(60%)-3C,731.0,665.2377007575758
S041,1,b1c33,1,6C(60%)-3C,757.0,674.0704567099569
S041,1,b1c44,1,8C(35%)-3.6C,616.0,659.2236352813853
S041,1,b1c45,1,8C(35%)-3.6C,599.0,659.2236352813853
S041,2,b1c6,1,4.8C(80%)-4.8C,636.0,891.4043251295703
S041,2,b1c7,1,4.8C(80%)-4.8C,870.0,949.34206750525
S041,2,b1c16,1,5.4C(60%)-3.6C,862.0,956.2221013215152
S041,2,b1c17,1,5.4C(60%)-3.6C,857.0,926.4010657182298
S041,2,b1c30,1,6C(50%)-3.6C,709.0,813.56309463784
S041,2,b1c31,1,6C(50%)-3.6C,876.0,933.3625411859382
S041,2,b1c42,1,8C(25%)-3.6C,702.0,705.8381421842048
S041,2,b1c43,1,8C(25%)-3.6C,651.0,694.8383018162396
S041,3,b1c5,1,4.4C(80%)-4.4C,1074.0,956.5860648934398
S041,3,b1c10,1,5.4C(50%)-3C,906.0,1007.6334518398262
S041,3,b1c11,1,5.4C(50%)-3C,788.0,1051.1742364718607
S041,3,b1c24,1,6C(40%)-3C,1017.0,970.6617229437226
S041,3,b1c25,1,6C(40%)-3C,854.0,998.868772546897
S041,3,b1c40,1,8C(15%)-3.6C,966.0,1006.0265355339097
S041,3,b1c41,1,8C(15%)-3.6C,1051.0,1006.1143764430007
S041,4,b1c12,1,5.4C(50%)-3.6C,902.0,952.0470575820162
S041,4,b1c13,1,5.4C(50%)-3.6C,897.0,945.9418531128744
S041,4,b1c26,1,6C(40%)-3.6C,870.0,887.4336175706387
S041,4,b1c27,1,6C(40%)-3.6C,842.0,896.1383123203335
S041,4,b1c36,1,7C(40%)-3C,704.0,686.9381492257738
S041,4,b1c37,1,7C(40%)-3C,648.0,683.8983258130753
S041,5,b1c8,1,5.4C(40%)-3.6C,879.0,906.977083925706
S041,5,b1c9,1,5.4C(40%)-3.6C,1054.0,905.6750353500126
S041,5,b1c22,1,6C(30%)-3.6C,891.0,903.4601807871778
S041,5,b1c23,1,6C(30%)-3.6C,1014.0,917.6975220570191
S041,5,b1c38,1,7C(40%)-3.6C,617.0,638.5017760989009
S041,5,b1c39,1,7C(40%)-3.6C,625.0,638.5017760989009
S042,1,b1c3,1,4C(80%)-4C,1226.0,924.9203978738415
S042,1,b1c4,1,4C(80%)-4C,1227.0,936.4478874312612
S042,1,b1c20,1,5.4C(80%)-5.4C,534.0,713.5919028128728
S042,1,b1c21,1,5.4C(80%)-5.4C,559.0,713.5919028128728
S042,1,b1c32,1,6C(60%)-3C,731.0,698.6775087481958
S042,1,b1c33,1,6C(60%)-3C,757.0,713.5919028128728
S042,1,b1c44,1,8C(35%)-3.6C,616.0,698.6775087481958
S042,1,b1c45,1,8C(35%)-3.6C,599.0,698.6775087481958
S042,2,b1c6,1,4.8C(80%)-4.8C,636.0,869.785087973043
S042,2,b1c7,1,4.8C(80%)-4.8C,870.0,894.6617709930458
S042,2,b1c16,1,5.4C(60%)-3.6C,862.0,965.1901611002723
S042,2,b1c17,1,5.4C(60%)-3.6C,857.0,940.6105805400948
S042,2,b1c30,1,6C(50%)-3.6C,709.0,792.8594935148913
S042,2,b1c31,1,6C(50%)-3.6C,876.0,855.6243226681726
S042,2,b1c42,1,8C(25%)-3.6C,702.0,688.631683449763
S042,2,b1c43,1,8C(25%)-3.6C,651.0,669.8979756845749
S042,3,b1c5,1,4.4C(80%)-4.4C,1074.0,945.1511726146226
S042,3,b1c10,1,5.4C(50%)-3C,906.0,944.5745059479559
S042,3,b1c11,1,5.4C(50%)-3C,788.0,945.9624226146226
S042,3,b1c24,1,6C(40%)-3C,1017.0,941.721369807136
S042,3,b1c25,1,6C(40%)-3C,854.0,945.9624226146226
S042,3,b1c40,1,8C(15%)-3.6C,966.0,944.5745059479559
S042,3,b1c41,1,8C(15%)-3.6C,1051.0,945.9624226146226
S042,4,b1c12,1,5.4C(50%)-3.6C,902.0,975.0026188494817
S042,4,b1c13,1,5.4C(50%)-3.6C,897.0,972.8659738417117
S042,4,b1c26,1,6C(40%)-3.6C,870.0,889.4050417942483
S042,4,b1c27,1,6C(40%)-3.6C,842.0,904.5769488008767
S042,4,b1c36,1,7C(40%)-3C,704.0,656.7683615871573
S042,4,b1c37,1,7C(40%)-3C,648.0,652.0040016304215
S042,5,b1c8,1,5.4C(40%)-3.6C,879.0,942.0143752893346
S042,5,b1c9,1,5.4C(40%)-3.6C,1054.0,945.8503726628758
S042,5,b1c22,1,6C(30%)-3.6C,891.0,936.6676750728843
S042,5,b1c23,1,6C(30%)-3.6C,1014.0,943.5197584062175
S042,5,b1c38,1,7C(40%)-3.6C,617.0,660.782743741359
S042,5,b1c39,1,7C(40%)-3.6C,625.0,660.782743741359
S043,1,b1c3,1,4C(80%)-4C,1226.0,971.9724087301587
S043,1,b1c4,1,4C(80%)-4C,1227.0,971.0790445526692
S043,1,b1c20,1,5.4C(80%)-5.4C,534.0,672.2840340909091
S043,1,b1c21,1,5.4C(80%)-5.4C,559.0,672.2840340909091
S043,1,b1c32,1,6C(60%)-3C,731.0,665.5628793290043
S043,1,b1c33,1,6C(60%)-3C,757.0,674.2187245670997
S043,1,b1c44,1,8C(35%)-3.6C,616.0,659.2236352813853
S043,1,b1c45,1,8C(35%)-3.6C,599.0,659.2236352813853
S043,2,b1c6,1,4.8C(80%)-4.8C,636.0,889.0358152958156
S043,2,b1c7,1,4.8C(80%)-4.8C,870.0,948.7855652958153
S043,2,b1c16,1,5.4C(60%)-3.6C,862.0,960.7448551587302
S043,2,b1c17,1,5.4C(60%)-3.6C,857.0,925.7221066017318
S043,2,b1c30,1,6C(50%)-3.6C,709.0,806.383576839827
S043,2,b1c31,1,6C(50%)-3.6C,876.0,935.5631720779221
S043,2,b1c42,1,8C(25%)-3.6C,702.0,707.8573818542569
S043,2,b1c43,1,8C(25%)-3.6C,651.0,696.8217032828283
S043,3,b1c5,1,4.4C(80%)-4.4C,1074.0,962.3890185925183
S043,3,b1c10,1,5.4C(50%)-3C,906.0,1003.7243995310238
S043,3,b1c11,1,5.4C(50%)-3C,788.0,1053.1367635281376
S043,3,b1c24,1,6C(40%)-3C,1017.0,968.8193396464641
S043,3,b1c25,1,6C(40%)-3C,854.0,1001.7905082972578
S043,3,b1c40,1,8C(15%)-3.6C,966.0,1005.5153650793644
S043,3,b1c41,1,8C(15%)-3.6C,1051.0,1007.4248309884553
S043,4,b1c12,1,5.4C(50%)-3.6C,902.0,956.3120007215011
S043,4,b1c13,1,5.4C(50%)-3.6C,897.0,953.5126197691197
S043,4,b1c26,1,6C(40%)-3.6C,870.0,888.8475714285714
S043,4,b1c27,1,6C(40%)-3.6C,842.0,897.9945515873015
S043,4,b1c36,1,7C(40%)-3C,704.0,689.9273142135639
S043,4,b1c37,1,7C(40%)-3C,648.0,686.5154848484844
S043,5,b1c8,1,5.4C(40%)-3.6C,879.0,903.1709722222221
S043,5,b1c9,1,5.4C(40%)-3.6C,1054.0,889.3549778138528
S043,5,b1c22,1,6C(30%)-3.6C,891.0,890.4925117243868
S043,5,b1c23,1,6C(30%)-3.6C,1014.0,914.5219123376622
S043,5,b1c38,1,7C(40%)-3.6C,617.0,638.4342083333331
S043,5,b1c39,1,7C(40%)-3.6C,625.0,638.4342083333331
S044,1,b1c3,1,4C(80%)-4C,1226.0,924.9203978738415
S044,1,b1c4,1,4C(80%)-4C,1227.0,936.4478874312612
S044,1,b1c20,1,5.4C(80%)-5.4C,534.0,713.5919028128728
S044,1,b1c21,1,5.4C(80%)-5.4C,559.0,713.5919028128728
S044,1,b1c32,1,6C(60%)-3C,731.0,698.6775087481958
S044,1,b1c33,1,6C(60%)-3C,757.0,713.5919028128728
S044,1,b1c44,1,8C(35%)-3.6C,616.0,698.6775087481958
S044,1,b1c45,1,8C(35%)-3.6C,599.0,698.6775087481958
S044,2,b1c6,1,4.8C(80%)-4.8C,636.0,869.785087973043
S044,2,b1c7,1,4.8C(80%)-4.8C,870.0,894.6617709930458
S044,2,b1c16,1,5.4C(60%)-3.6C,862.0,965.1901611002723
S044,2,b1c17,1,5.4C(60%)-3.6C,857.0,940.6105805400948
S044,2,b1c30,1,6C(50%)-3.6C,709.0,792.8594935148913
S044,2,b1c31,1,6C(50%)-3.6C,876.0,855.6243226681726
S044,2,b1c42,1,8C(25%)-3.6C,702.0,688.631683449763
S044,2,b1c43,1,8C(25%)-3.6C,651.0,669.8979756845749
S044,3,b1c5,1,4.4C(80%)-4.4C,1074.0,945.1511726146226
S044,3,b1c10,1,5.4C(50%)-3C,906.0,944.5745059479559
S044,3,b1c11,1,5.4C(50%)-3C,788.0,945.9624226146226
S044,3,b1c24,1,6C(40%)-3C,1017.0,941.721369807136
S044,3,b1c25,1,6C(40%)-3C,854.0,945.9624226146226
S044,3,b1c40,1,8C(15%)-3.6C,966.0,944.5745059479559
S044,3,b1c41,1,8C(15%)-3.6C,1051.0,945.9624226146226
S044,4,b1c12,1,5.4C(50%)-3.6C,902.0,975.0026188494817
S044,4,b1c13,1,5.4C(50%)-3.6C,897.0,972.8659738417117
S044,4,b1c26,1,6C(40%)-3.6C,870.0,889.4050417942483
S044,4,b1c27,1,6C(40%)-3.6C,842.0,904.5769488008767
S044,4,b1c36,1,7C(40%)-3C,704.0,656.7683615871573
S044,4,b1c37,1,7C(40%)-3C,648.0,652.0040016304215
S044,5,b1c8,1,5.4C(40%)-3.6C,879.0,942.0143752893346
S044,5,b1c9,1,5.4C(40%)-3.6C,1054.0,945.8503726628758
S044,5,b1c22,1,6C(30%)-3.6C,891.0,936.6676750728843
S044,5,b1c23,1,6C(30%)-3.6C,1014.0,943.5197584062175
S044,5,b1c38,1,7C(40%)-3.6C,617.0,660.782743741359
S044,5,b1c39,1,7C(40%)-3.6C,625.0,660.782743741359
S045,1,b1c3,1,4C(80%)-4C,1226.0,955.5171717649149
S045,1,b1c4,1,4C(80%)-4C,1227.0,958.4178601217975
S045,1,b1c20,1,5.4C(80%)-5.4C,534.0,667.3249964700774
S045,1,b1c21,1,5.4C(80%)-5.4C,559.0,667.3249964700774
S045,1,b1c32,1,6C(60%)-3C,731.0,663.5902035391497
S045,1,b1c33,1,6C(60%)-3C,757.0,669.0309997723251
S045,1,b1c44,1,8C(35%)-3.6C,616.0,658.751751867125
S045,1,b1c45,1,8C(35%)-3.6C,599.0,658.751751867125
S045,2,b1c6,1,4.8C(80%)-4.8C,636.0,888.4249213240197
S045,2,b1c7,1,4.8C(80%)-4.8C,870.0,946.6763246388488
S045,2,b1c16,1,5.4C(60%)-3.6C,862.0,957.9275691820413
S045,2,b1c17,1,5.4C(60%)-3.6C,857.0,928.546899711456
S045,2,b1c30,1,6C(50%)-3.6C,709.0,808.5208343002016
S045,2,b1c31,1,6C(50%)-3.6C,876.0,921.6267945740509
S045,2,b1c42,1,8C(25%)-3.6C,702.0,694.3899946127121
S045,2,b1c43,1,8C(25%)-3.6C,651.0,687.6806657930272
S045,3,b1c5,1,4.4C(80%)-4.4C,1074.0,945.0665107499558
S045,3,b1c10,1,5.4C(50%)-3C,906.0,994.8464677443916
S045,3,b1c11,1,5.4C(50%)-3C,788.0,1042.17652540983
S045,3,b1c24,1,6C(40%)-3C,1017.0,968.768689319038
S045,3,b1c25,1,6C(40%)-3C,854.0,994.7993330585913
S045,3,b1c40,1,8C(15%)-3.6C,966.0,999.0359279873252
S045,3,b1c41,1,8C(15%)-3.6C,1051.0,1002.5106040773496
S045,4,b1c12,1,5.4C(50%)-3.6C,902.0,947.3372080179737
S045,4,b1c13,1,5.4C(50%)-3.6C,897.0,942.5961987805607
S045,4,b1c26,1,6C(40%)-3.6C,870.0,881.5768805355149
S045,4,b1c27,1,6C(40%)-3.6C,842.0,891.4672398697619
S045,4,b1c36,1,7C(40%)-3C,704.0,686.0682719766728
S045,4,b1c37,1,7C(40%)-3C,648.0,683.637716208798
S045,5,b1c8,1,5.4C(40%)-3.6C,879.0,901.098159234789
S045,5,b1c9,1,5.4C(40%)-3.6C,1054.0,900.2178029350482
S045,5,b1c22,1,6C(30%)-3.6C,891.0,899.6468401244339
S045,5,b1c23,1,6C(30%)-3.6C,1014.0,912.3104370085987
S045,5,b1c38,1,7C(40%)-3.6C,617.0,632.6127543776594
S045,5,b1c39,1,7C(40%)-3.6C,625.0,632.6127543776594
S046,1,b1c3,1,4C(80%)-4C,1226.0,915.1464322320859
S046,1,b1c4,1,4C(80%)-4C,1227.0,931.1565531210783
S046,1,b1c20,1,5.4C(80%)-5.4C,534.0,708.2347026695213
S046,1,b1c21,1,5.4C(80%)-5.4C,559.0,708.0876769339812
S046,1,b1c32,1,6C(60%)-3C,731.0,692.6385598802932
S046,1,b1c33,1,6C(60%)-3C,757.0,708.0876769339812
S046,1,b1c44,1,8C(35%)-3.6C,616.0,692.6385598802932
S046,1,b1c45,1,8C(35%)-3.6C,599.0,692.6385598802932
S046,2,b1c6,1,4.8C(80%)-4.8C,636.0,858.4642674232807
S046,2,b1c7,1,4.8C(80%)-4.8C,870.0,889.6222761768374
S046,2,b1c16,1,5.4C(60%)-3.6C,862.0,953.3466416507924
S046,2,b1c17,1,5.4C(60%)-3.6C,857.0,937.206521017594
S046,2,b1c30,1,6C(50%)-3.6C,709.0,777.3663046669091
S046,2,b1c31,1,6C(50%)-3.6C,876.0,842.6491520400621
S046,2,b1c42,1,8C(25%)-3.6C,702.0,674.2400805771662
S046,2,b1c43,1,8C(25%)-3.6C,651.0,659.9495499895183
S046,3,b1c5,1,4.4C(80%)-4.4C,1074.0,936.9624034662868
S046,3,b1c10,1,5.4C(50%)-3C,906.0,934.3732588294816
S046,3,b1c11,1,5.4C(50%)-3C,788.0,937.7267015569207
S046,3,b1c24,1,6C(40%)-3C,1017.0,935.379411059872
S046,3,b1c25,1,6C(40%)-3C,854.0,937.7267015569207
S046,3,b1c40,1,8C(15%)-3.6C,966.0,934.3732588294816
S046,3,b1c41,1,8C(15%)-3.6C,1051.0,937.7267015569207
S046,4,b1c12,1,5.4C(50%)-3.6C,902.0,966.1196180769683
S046,4,b1c13,1,5.4C(50%)-3.6C,897.0,964.5868283651068
S046,4,b1c26,1,6C(40%)-3.6C,870.0,879.65799066717
S046,4,b1c27,1,6C(40%)-3.6C,842.0,896.5476871223658
S046,4,b1c36,1,7C(40%)-3C,704.0,650.022479495221
S046,4,b1c37,1,7C(40%)-3C,648.0,646.204322726419
S046,5,b1c8,1,5.4C(40%)-3.6C,879.0,934.3791735590371
S046,5,b1c9,1,5.4C(40%)-3.6C,1054.0,937.1131214489534
S046,5,b1c22,1,6C(30%)-3.6C,891.0,930.2147099617098
S046,5,b1c23,1,6C(30%)-3.6C,1014.0,935.4828087843737
S046,5,b1c38,1,7C(40%)-3.6C,617.0,654.6029033940889
S046,5,b1c39,1,7C(40%)-3.6C,625.0,654.6029033940889
S047,1,b1c3,1,4C(80%)-4C,1226.0,963.2452039162023
S047,1,b1c4,1,4C(80%)-4C,1227.0,962.3369685379342
S047,1,b1c20,1,5.4C(80%)-5.4C,534.0,667.6378743019792
S047,1,b1c21,1,5.4C(80%)-5.4C,559.0,667.6378743019792
S047,1,b1c32,1,6C(60%)-3C,731.0,663.7793146967772
S047,1,b1c33,1,6C(60%)-3C,757.0,669.3530513422924
S047,1,b1c44,1,8C(35%)-3.6C,616.0,658.6689098739321
S047,1,b1c45,1,8C(35%)-3.6C,599.0,658.6689098739321
S047,2,b1c6,1,4.8C(80%)-4.8C,636.0,885.4966649883933
S047,2,b1c7,1,4.8C(80%)-4.8C,870.0,945.2320706985995
S047,2,b1c16,1,5.4C(60%)-3.6C,862.0,960.4520137221393
S047,2,b1c17,1,5.4C(60%)-3.6C,857.0,927.229082458464
S047,2,b1c30,1,6C(50%)-3.6C,709.0,799.924513641676
S047,2,b1c31,1,6C(50%)-3.6C,876.0,923.0446662383146
S047,2,b1c42,1,8C(25%)-3.6C,702.0,695.1011653428611
S047,2,b1c43,1,8C(25%)-3.6C,651.0,686.8667215998573
S047,3,b1c5,1,4.4C(80%)-4.4C,1074.0,951.1456089857061
S047,3,b1c10,1,5.4C(50%)-3C,906.0,990.3281492186798
S047,3,b1c11,1,5.4C(50%)-3C,788.0,1044.9118266867629
S047,3,b1c24,1,6C(40%)-3C,1017.0,966.5958494286367
S047,3,b1c25,1,6C(40%)-3C,854.0,997.2802743141938
S047,3,b1c40,1,8C(15%)-3.6C,966.0,999.0458534167569
S047,3,b1c41,1,8C(15%)-3.6C,1051.0,1004.6136992738499
S047,4,b1c12,1,5.4C(50%)-3.6C,902.0,950.6309183831273
S047,4,b1c13,1,5.4C(50%)-3.6C,897.0,951.1095602737064
S047,4,b1c26,1,6C(40%)-3.6C,870.0,884.9152363980597
S047,4,b1c27,1,6C(40%)-3.6C,842.0,895.0451563721382
S047,4,b1c36,1,7C(40%)-3C,704.0,686.4253430789348
S047,4,b1c37,1,7C(40%)-3C,648.0,684.6451617412945
S047,5,b1c8,1,5.4C(40%)-3.6C,879.0,898.1181461832577
S047,5,b1c9,1,5.4C(40%)-3.6C,1054.0,882.2534740306148
S047,5,b1c22,1,6C(30%)-3.6C,891.0,886.6183201046484
S047,5,b1c23,1,6C(30%)-3.6C,1014.0,908.8954215369677
S047,5,b1c38,1,7C(40%)-3.6C,617.0,632.3517470135763
S047,5,b1c39,1,7C(40%)-3.6C,625.0,632.3517470135763
S048,1,b1c3,1,4C(80%)-4C,1226.0,915.1464322320859
S048,1,b1c4,1,4C(80%)-4C,1227.0,931.1565531210783
S048,1,b1c20,1,5.4C(80%)-5.4C,534.0,708.2347026695213
S048,1,b1c21,1,5.4C(80%)-5.4C,559.0,708.0876769339812
S048,1,b1c32,1,6C(60%)-3C,731.0,692.6385598802932
S048,1,b1c33,1,6C(60%)-3C,757.0,708.0876769339812
S048,1,b1c44,1,8C(35%)-3.6C,616.0,692.6385598802932
S048,1,b1c45,1,8C(35%)-3.6C,599.0,692.6385598802932
S048,2,b1c6,1,4.8C(80%)-4.8C,636.0,858.4642674232807
S048,2,b1c7,1,4.8C(80%)-4.8C,870.0,889.6222761768374
S048,2,b1c16,1,5.4C(60%)-3.6C,862.0,953.3466416507924
S048,2,b1c17,1,5.4C(60%)-3.6C,857.0,937.206521017594
S048,2,b1c30,1,6C(50%)-3.6C,709.0,777.3663046669091
S048,2,b1c31,1,6C(50%)-3.6C,876.0,842.6491520400621
S048,2,b1c42,1,8C(25%)-3.6C,702.0,674.2400805771662
S048,2,b1c43,1,8C(25%)-3.6C,651.0,659.9495499895183
S048,3,b1c5,1,4.4C(80%)-4.4C,1074.0,936.9624034662868
S048,3,b1c10,1,5.4C(50%)-3C,906.0,934.3732588294816
S048,3,b1c11,1,5.4C(50%)-3C,788.0,937.7267015569207
S048,3,b1c24,1,6C(40%)-3C,1017.0,935.379411059872
S048,3,b1c25,1,6C(40%)-3C,854.0,937.7267015569207
S048,3,b1c40,1,8C(15%)-3.6C,966.0,934.3732588294816
S048,3,b1c41,1,8C(15%)-3.6C,1051.0,937.7267015569207
S048,4,b1c12,1,5.4C(50%)-3.6C,902.0,966.1196180769683
S048,4,b1c13,1,5.4C(50%)-3.6C,897.0,964.5868283651068
S048,4,b1c26,1,6C(40%)-3.6C,870.0,879.65799066717
S048,4,b1c27,1,6C(40%)-3.6C,842.0,896.5476871223658
S048,4,b1c36,1,7C(40%)-3C,704.0,650.022479495221
S048,4,b1c37,1,7C(40%)-3C,648.0,646.204322726419
S048,5,b1c8,1,5.4C(40%)-3.6C,879.0,934.3791735590371
S048,5,b1c9,1,5.4C(40%)-3.6C,1054.0,937.1131214489534
S048,5,b1c22,1,6C(30%)-3.6C,891.0,930.2147099617098
S048,5,b1c23,1,6C(30%)-3.6C,1014.0,935.4828087843737
S048,5,b1c38,1,7C(40%)-3.6C,617.0,654.6029033940889
S048,5,b1c39,1,7C(40%)-3.6C,625.0,654.6029033940889
S049,1,b1c3,1,4C(80%)-4C,1226.0,948.3025279255057
S049,1,b1c4,1,4C(80%)-4C,1227.0,951.6831678064581
S049,1,b1c20,1,5.4C(80%)-5.4C,534.0,666.0387523448775
S049,1,b1c21,1,5.4C(80%)-5.4C,559.0,666.0387523448775
S049,1,b1c32,1,6C(60%)-3C,731.0,663.7060102813853
S049,1,b1c33,1,6C(60%)-3C,757.0,668.4740142496395
S049,1,b1c44,1,8C(35%)-3.6C,616.0,659.2236352813853
S049,1,b1c45,1,8C(35%)-3.6C,599.0,659.2236352813853
S049,2,b1c6,1,4.8C(80%)-4.8C,636.0,909.3382818847821
S049,2,b1c7,1,4.8C(80%)-4.8C,870.0,984.7116502455876
S049,2,b1c16,1,5.4C(60%)-3.6C,862.0,958.1695436243104
S049,2,b1c17,1,5.4C(60%)-3.6C,857.0,928.1038929416599
S049,2,b1c30,1,6C(50%)-3.6C,709.0,804.500193686667
S049,2,b1c31,1,6C(50%)-3.6C,876.0,917.8811141481498
S049,2,b1c42,1,8C(25%)-3.6C,702.0,675.7827016851616
S049,2,b1c43,1,8C(25%)-3.6C,651.0,670.0789020819869
S049,3,b1c5,1,4.4C(80%)-4.4C,1074.0,956.3134815601063
S049,3,b1c10,1,5.4C(50%)-3C,906.0,1008.8379101731595
S049,3,b1c11,1,5.4C(50%)-3C,788.0,1051.2965281385273
S049,3,b1c24,1,6C(40%)-3C,1017.0,974.0204312770561
S049,3,b1c25,1,6C(40%)-3C,854.0,1000.3073142135638
S049,3,b1c40,1,8C(15%)-3.6C,966.0,1004.6400582611827
S049,3,b1c41,1,8C(15%)-3.6C,1051.0,1007.8295847763341
S049,4,b1c12,1,5.4C(50%)-3.6C,902.0,951.1375272234859
S049,4,b1c13,1,5.4C(50%)-3.6C,897.0,944.2138703733917
S049,4,b1c26,1,6C(40%)-3.6C,870.0,892.3381952568412
S049,4,b1c27,1,6C(40%)-3.6C,842.0,900.6822233398693
S049,4,b1c36,1,7C(40%)-3C,704.0,686.6185242257739
S049,4,b1c37,1,7C(40%)-3C,648.0,683.5238539516035
S049,5,b1c8,1,5.4C(40%)-3.6C,879.0,905.0644722040942
S049,5,b1c9,1,5.4C(40%)-3.6C,1054.0,907.090094054466
S049,5,b1c22,1,6C(30%)-3.6C,891.0,903.7242754147724
S049,5,b1c23,1,6C(30%)-3.6C,1014.0,907.0631166846138
S049,5,b1c38,1,7C(40%)-3.6C,617.0,638.1005279026526
S049,5,b1c39,1,7C(40%)-3.6C,625.0,638.1005279026526
S050,1,b1c3,1,4C(80%)-4C,1226.0,920.9672040537725
S050,1,b1c4,1,4C(80%)-4C,1227.0,932.4946936111924
S050,1,b1c20,1,5.4C(80%)-5.4C,534.0,712.7816038410115
S050,1,b1c21,1,5.4C(80%)-5.4C,559.0,712.7816038410115
S050,1,b1c32,1,6C(60%)-3C,731.0,698.6775087481958
S050,1,b1c33,1,6C(60%)-3C,757.0,712.7816038410115
S050,1,b1c44,1,8C(35%)-3.6C,616.0,698.6775087481958
S050,1,b1c45,1,8C(35%)-3.6C,599.0,698.6775087481958
S050,2,b1c6,1,4.8C(80%)-4.8C,636.0,864.6895170059554
S050,2,b1c7,1,4.8C(80%)-4.8C,870.0,900.0099484637947
S050,2,b1c16,1,5.4C(60%)-3.6C,862.0,971.9832267749229
S050,2,b1c17,1,5.4C(60%)-3.6C,857.0,948.1624124485114
S050,2,b1c30,1,6C(50%)-3.6C,709.0,793.7516186521378
S050,2,b1c31,1,6C(50%)-3.6C,876.0,857.5793228054192
S050,2,b1c42,1,8C(25%)-3.6C,702.0,674.8032546433615
S050,2,b1c43,1,8C(25%)-3.6C,651.0,663.1201179825075
S050,3,b1c5,1,4.4C(80%)-4.4C,1074.0,945.1511726146226
S050,3,b1c10,1,5.4C(50%)-3C,906.0,944.5745059479559
S050,3,b1c11,1,5.4C(50%)-3C,788.0,945.9624226146226
S050,3,b1c24,1,6C(40%)-3C,1017.0,941.721369807136
S050,3,b1c25,1,6C(40%)-3C,854.0,945.9624226146226
S050,3,b1c40,1,8C(15%)-3.6C,966.0,944.5745059479559
S050,3,b1c41,1,8C(15%)-3.6C,1051.0,945.9624226146226
S050,4,b1c12,1,5.4C(50%)-3.6C,902.0,974.1965255955135
S050,4,b1c13,1,5.4C(50%)-3.6C,897.0,972.4446127306006
S050,4,b1c26,1,6C(40%)-3.6C,870.0,889.3930318736133
S050,4,b1c27,1,6C(40%)-3.6C,842.0,904.5649388802418
S050,4,b1c36,1,7C(40%)-3C,704.0,656.7683615871573
S050,4,b1c37,1,7C(40%)-3C,648.0,652.0040016304215
S050,5,b1c8,1,5.4C(40%)-3.6C,879.0,941.4863760663352
S050,5,b1c9,1,5.4C(40%)-3.6C,1054.0,946.172928995432
S050,5,b1c22,1,6C(30%)-3.6C,891.0,936.7361341832185
S050,5,b1c23,1,6C(30%)-3.6C,1014.0,942.7376619609962
S050,5,b1c38,1,7C(40%)-3.6C,617.0,660.782743741359
S050,5,b1c39,1,7C(40%)-3.6C,625.0,660.782743741359
S051,1,b1c3,1,4C(80%)-4C,1226.0,956.6689186507933
S051,1,b1c4,1,4C(80%)-4C,1227.0,959.2190187590184
S051,1,b1c20,1,5.4C(80%)-5.4C,534.0,665.7216213924966
S051,1,b1c21,1,5.4C(80%)-5.4C,559.0,665.7216213924966
S051,1,b1c32,1,6C(60%)-3C,731.0,663.439176948052
S051,1,b1c33,1,6C(60%)-3C,757.0,668.1568832972586
S051,1,b1c44,1,8C(35%)-3.6C,616.0,659.2236352813853
S051,1,b1c45,1,8C(35%)-3.6C,599.0,659.2236352813853
S051,2,b1c6,1,4.8C(80%)-4.8C,636.0,905.9129799783551
S051,2,b1c7,1,4.8C(80%)-4.8C,870.0,986.1569224386722
S051,2,b1c16,1,5.4C(60%)-3.6C,862.0,955.5234861111107
S051,2,b1c17,1,5.4C(60%)-3.6C,857.0,922.6807931096679
S051,2,b1c30,1,6C(50%)-3.6C,709.0,793.7471167027414
S051,2,b1c31,1,6C(50%)-3.6C,876.0,915.5053704906204
S051,2,b1c42,1,8C(25%)-3.6C,702.0,680.0184841269843
S051,2,b1c43,1,8C(25%)-3.6C,651.0,673.339892857143
S051,3,b1c5,1,4.4C(80%)-4.4C,1074.0,962.0016852591848
S051,3,b1c10,1,5.4C(50%)-3C,906.0,1006.1084411976904
S051,3,b1c11,1,5.4C(50%)-3C,788.0,1053.2590551948042
S051,3,b1c24,1,6C(40%)-3C,1017.0,971.5911313131311
S051,3,b1c25,1,6C(40%)-3C,854.0,1002.842466630591
S051,3,b1c40,1,8C(15%)-3.6C,966.0,1002.7168234126975
S051,3,b1c41,1,8C(15%)-3.6C,1051.0,1007.8437893217887
S051,4,b1c12,1,5.4C(50%)-3.6C,902.0,942.1862310606061
S051,4,b1c13,1,5.4C(50%)-3.6C,897.0,935.587850108225
S051,4,b1c26,1,6C(40%)-3.6C,870.0,897.7401964285715
S051,4,b1c27,1,6C(40%)-3.6C,842.0,907.5554146825399
S051,4,b1c36,1,7C(40%)-3C,704.0,687.9933836580083
S051,4,b1c37,1,7C(40%)-3C,648.0,684.5832209595955
S051,5,b1c8,1,5.4C(40%)-3.6C,879.0,901.7153968253965
S051,5,b1c9,1,5.4C(40%)-3.6C,1054.0,891.6811047979797
S051,5,b1c22,1,6C(30%)-3.6C,891.0,891.3911109307357
S051,5,b1c23,1,6C(30%)-3.6C,1014.0,902.9771107503606
S051,5,b1c38,1,7C(40%)-3.6C,617.0,640.5440553751803
S051,5,b1c39,1,7C(40%)-3.6C,625.0,640.5440553751803
S052,1,b1c3,1,4C(80%)-4C,1226.0,920.9672040537725
S052,1,b1c4,1,4C(80%)-4C,1227.0,932.4946936111924
S052,1,b1c20,1,5.4C(80%)-5.4C,534.0,712.7816038410115
S052,1,b1c21,1,5.4C(80%)-5.4C,559.0,712.7816038410115
S052,1,b1c32,1,6C(60%)-3C,731.0,698.6775087481958
S052,1,b1c33,1,6C(60%)-3C,757.0,712.7816038410115
S052,1,b1c44,1,8C(35%)-3.6C,616.0,698.6775087481958
S052,1,b1c45,1,8C(35%)-3.6C,599.0,698.6775087481958
S052,2,b1c6,1,4.8C(80%)-4.8C,636.0,864.6895170059554
S052,2,b1c7,1,4.8C(80%)-4.8C,870.0,900.0099484637947
S052,2,b1c16,1,5.4C(60%)-3.6C,862.0,971.9832267749229
S052,2,b1c17,1,5.4C(60%)-3.6C,857.0,948.1624124485114
S052,2,b1c30,1,6C(50%)-3.6C,709.0,793.7516186521378
S052,2,b1c31,1,6C(50%)-3.6C,876.0,857.5793228054192
S052,2,b1c42,1,8C(25%)-3.6C,702.0,674.8032546433615
S052,2,b1c43,1,8C(25%)-3.6C,651.0,663.1201179825075
S052,3,b1c5,1,4.4C(80%)-4.4C,1074.0,945.1511726146226
S052,3,b1c10,1,5.4C(50%)-3C,906.0,944.5745059479559
S052,3,b1c11,1,5.4C(50%)-3C,788.0,945.9624226146226
S052,3,b1c24,1,6C(40%)-3C,1017.0,941.721369807136
S052,3,b1c25,1,6C(40%)-3C,854.0,945.9624226146226
S052,3,b1c40,1,8C(15%)-3.6C,966.0,944.5745059479559
S052,3,b1c41,1,8C(15%)-3.6C,1051.0,945.9624226146226
S052,4,b1c12,1,5.4C(50%)-3.6C,902.0,974.1965255955135
S052,4,b1c13,1,5.4C(50%)-3.6C,897.0,972.4446127306006
S052,4,b1c26,1,6C(40%)-3.6C,870.0,889.3930318736133
S052,4,b1c27,1,6C(40%)-3.6C,842.0,904.5649388802418
S052,4,b1c36,1,7C(40%)-3C,704.0,656.7683615871573
S052,4,b1c37,1,7C(40%)-3C,648.0,652.0040016304215
S052,5,b1c8,1,5.4C(40%)-3.6C,879.0,941.4863760663352
S052,5,b1c9,1,5.4C(40%)-3.6C,1054.0,946.172928995432
S052,5,b1c22,1,6C(30%)-3.6C,891.0,936.7361341832185
S052,5,b1c23,1,6C(30%)-3.6C,1014.0,942.7376619609962
S052,5,b1c38,1,7C(40%)-3.6C,617.0,660.782743741359
S052,5,b1c39,1,7C(40%)-3.6C,625.0,660.782743741359
S053,1,b1c3,1,4C(80%)-4C,1226.0,941.3868438157994
S053,1,b1c4,1,4C(80%)-4C,1227.0,944.2446363682191
S053,1,b1c20,1,5.4C(80%)-5.4C,534.0,664.3381742066264
S053,1,b1c21,1,5.4C(80%)-5.4C,559.0,664.3381742066264
S053,1,b1c32,1,6C(60%)-3C,731.0,662.2685883345114
S053,1,b1c33,1,6C(60%)-3C,757.0,666.3140441072673
S053,1,b1c44,1,8C(35%)-3.6C,616.0,658.751751867125
S053,1,b1c45,1,8C(35%)-3.6C,599.0,658.751751867125
S053,2,b1c6,1,4.8C(80%)-4.8C,636.0,903.2256367837965
S053,2,b1c7,1,4.8C(80%)-4.8C,870.0,974.1548724369084
S053,2,b1c16,1,5.4C(60%)-3.6C,862.0,958.0763947709796
S053,2,b1c17,1,5.4C(60%)-3.6C,857.0,929.9157094093022
S053,2,b1c30,1,6C(50%)-3.6C,709.0,797.7684053950742
S053,2,b1c31,1,6C(50%)-3.6C,876.0,907.8260876991934
S053,2,b1c42,1,8C(25%)-3.6C,702.0,666.5416987581896
S053,2,b1c43,1,8C(25%)-3.6C,651.0,661.1279903625042
S053,3,b1c5,1,4.4C(80%)-4.4C,1074.0,944.6291148291989
S053,3,b1c10,1,5.4C(50%)-3C,906.0,996.7098581712273
S053,3,b1c11,1,5.4C(50%)-3C,788.0,1041.0825291128224
S053,3,b1c24,1,6C(40%)-3C,1017.0,970.8071415673992
S053,3,b1c25,1,6C(40%)-3C,854.0,995.0122036945297
S053,3,b1c40,1,8C(15%)-3.6C,966.0,993.9461901068504
S053,3,b1c41,1,8C(15%)-3.6C,1051.0,1001.5796315804682
S053,4,b1c12,1,5.4C(50%)-3.6C,902.0,945.7638119224872
S053,4,b1c13,1,5.4C(50%)-3.6C,897.0,940.1825550904493
S053,4,b1c26,1,6C(40%)-3.6C,870.0,887.6969827224267
S053,4,b1c27,1,6C(40%)-3.6C,842.0,897.1329865603816
S053,4,b1c36,1,7C(40%)-3C,704.0,684.3935797028703
S053,4,b1c37,1,7C(40%)-3C,648.0,682.7258616568262
S053,5,b1c8,1,5.4C(40%)-3.6C,879.0,900.044415942545
S053,5,b1c9,1,5.4C(40%)-3.6C,1054.0,900.9543835447819
S053,5,b1c22,1,6C(30%)-3.6C,891.0,898.4566241595612
S053,5,b1c23,1,6C(30%)-3.6C,1014.0,904.4286549543161
S053,5,b1c38,1,7C(40%)-3.6C,617.0,632.5456849642234
S053,5,b1c39,1,7C(40%)-3.6C,625.0,632.5456849642234
S054,1,b1c3,1,4C(80%)-4C,1226.0,911.0658762990494
S054,1,b1c4,1,4C(80%)-4C,1227.0,927.0046094937019
S054,1,b1c20,1,5.4C(80%)-5.4C,534.0,707.4435114791131
S054,1,b1c21,1,5.4C(80%)-5.4C,559.0,707.2966499906323
S054,1,b1c32,1,6C(60%)-3C,731.0,692.6385598802932
S054,1,b1c33,1,6C(60%)-3C,757.0,707.2966499906323
S054,1,b1c44,1,8C(35%)-3.6C,616.0,692.6385598802932
S054,1,b1c45,1,8C(35%)-3.6C,599.0,692.6385598802932
S054,2,b1c6,1,4.8C(80%)-4.8C,636.0,852.8738696332599
S054,2,b1c7,1,4.8C(80%)-4.8C,870.0,889.1348327055526
S054,2,b1c16,1,5.4C(60%)-3.6C,862.0,953.1249735201999
S054,2,b1c17,1,5.4C(60%)-3.6C,857.0,936.9886057196164
S054,2,b1c30,1,6C(50%)-3.6C,709.0,774.2899043406219
S054,2,b1c31,1,6C(50%)-3.6C,876.0,840.6185205600426
S054,2,b1c42,1,8C(25%)-3.6C,702.0,671.5063484811409
S054,2,b1c43,1,8C(25%)-3.6C,651.0,659.987749517795
S054,3,b1c5,1,4.4C(80%)-4.4C,1074.0,936.9624034662868
S054,3,b1c10,1,5.4C(50%)-3C,906.0,934.3732588294816
S054,3,b1c11,1,5.4C(50%)-3C,788.0,937.7267015569207
S054,3,b1c24,1,6C(40%)-3C,1017.0,935.379411059872
S054,3,b1c25,1,6C(40%)-3C,854.0,937.7267015569207
S054,3,b1c40,1,8C(15%)-3.6C,966.0,934.3732588294816
S054,3,b1c41,1,8C(15%)-3.6C,1051.0,937.7267015569207
S054,4,b1c12,1,5.4C(50%)-3.6C,902.0,964.9790348300594
S054,4,b1c13,1,5.4C(50%)-3.6C,897.0,963.7536074680389
S054,4,b1c26,1,6C(40%)-3.6C,870.0,880.5599481158706
S054,4,b1c27,1,6C(40%)-3.6C,842.0,897.4669624237846
S054,4,b1c36,1,7C(40%)-3C,704.0,650.0224794952203
S054,4,b1c37,1,7C(40%)-3C,648.0,646.204322726419
S054,5,b1c8,1,5.4C(40%)-3.6C,879.0,933.8527785514098
S054,5,b1c9,1,5.4C(40%)-3.6C,1054.0,937.3725747074283
S054,5,b1c22,1,6C(30%)-3.6C,891.0,930.2344924185564
S054,5,b1c23,1,6C(30%)-3.6C,1014.0,934.7168854863262
S054,5,b1c38,1,7C(40%)-3.6C,617.0,654.6029033940889
S054,5,b1c39,1,7C(40%)-3.6C,625.0,654.6029033940889
S055,1,b1c3,1,4C(80%)-4C,1226.0,950.586657538783
S055,1,b1c4,1,4C(80%)-4C,1227.0,952.8302592247837
S055,1,b1c20,1,5.4C(80%)-5.4C,534.0,664.0712043726745
S055,1,b1c21,1,5.4C(80%)-5.4C,559.0,664.0712043726745
S055,1,b1c32,1,6C(60%)-3C,731.0,662.0402484798122
S055,1,b1c33,1,6C(60%)-3C,757.0,666.130050112079
S055,1,b1c44,1,8C(35%)-3.6C,616.0,658.6689098739321
S055,1,b1c45,1,8C(35%)-3.6C,599.0,658.6689098739321
S055,2,b1c6,1,4.8C(80%)-4.8C,636.0,900.282597140723
S055,2,b1c7,1,4.8C(80%)-4.8C,870.0,974.1637664942109
S055,2,b1c16,1,5.4C(60%)-3.6C,862.0,956.6528914625097
S055,2,b1c17,1,5.4C(60%)-3.6C,857.0,923.850769797721
S055,2,b1c30,1,6C(50%)-3.6C,709.0,789.3997920893856
S055,2,b1c31,1,6C(50%)-3.6C,876.0,903.9993514178334
S055,2,b1c42,1,8C(25%)-3.6C,702.0,670.8778921607545
S055,2,b1c43,1,8C(25%)-3.6C,651.0,665.087744179788
S055,3,b1c5,1,4.4C(80%)-4.4C,1074.0,950.6778310402511
S055,3,b1c10,1,5.4C(50%)-3C,906.0,994.4272708732695
S055,3,b1c11,1,5.4C(50%)-3C,788.0,1043.814959082071
S055,3,b1c24,1,6C(40%)-3C,1017.0,967.9876136755024
S055,3,b1c25,1,6C(40%)-3C,854.0,997.0627152833779
S055,3,b1c40,1,8C(15%)-3.6C,966.0,991.6332914552578
S055,3,b1c41,1,8C(15%)-3.6C,1051.0,1001.2711648471309
S055,4,b1c12,1,5.4C(50%)-3.6C,902.0,935.9407598922454
S055,4,b1c13,1,5.4C(50%)-3.6C,897.0,933.0355803142628
S055,4,b1c26,1,6C(40%)-3.6C,870.0,894.1328696157226
S055,4,b1c27,1,6C(40%)-3.6C,842.0,905.0177494544797
S055,4,b1c36,1,7C(40%)-3C,704.0,682.7203882114457
S055,4,b1c37,1,7C(40%)-3C,648.0,681.9642565857233
S055,5,b1c8,1,5.4C(40%)-3.6C,879.0,897.9239294872976
S055,5,b1c9,1,5.4C(40%)-3.6C,1054.0,884.0277751185741
S055,5,b1c22,1,6C(30%)-3.6C,891.0,885.958090749472
S055,5,b1c23,1,6C(30%)-3.6C,1014.0,900.9105981038475
S055,5,b1c38,1,7C(40%)-3.6C,617.0,633.8503193774335
S055,5,b1c39,1,7C(40%)-3.6C,625.0,633.8503193774335
S056,1,b1c3,1,4C(80%)-4C,1226.0,911.0658762990494
S056,1,b1c4,1,4C(80%)-4C,1227.0,927.0046094937019
S056,1,b1c20,1,5.4C(80%)-5.4C,534.0,707.4435114791131
S056,1,b1c21,1,5.4C(80%)-5.4C,559.0,707.2966499906323
S056,1,b1c32,1,6C(60%)-3C,731.0,692.6385598802932
S056,1,b1c33,1,6C(60%)-3C,757.0,707.2966499906323
S056,1,b1c44,1,8C(35%)-3.6C,616.0,692.6385598802932
S056,1,b1c45,1,8C(35%)-3.6C,599.0,692.6385598802932
S056,2,b1c6,1,4.8C(80%)-4.8C,636.0,852.8738696332599
S056,2,b1c7,1,4.8C(80%)-4.8C,870.0,889.1348327055526
S056,2,b1c16,1,5.4C(60%)-3.6C,862.0,953.1249735201999
S056,2,b1c17,1,5.4C(60%)-3.6C,857.0,936.9886057196164
S056,2,b1c30,1,6C(50%)-3.6C,709.0,774.2899043406219
S056,2,b1c31,1,6C(50%)-3.6C,876.0,840.6185205600426
S056,2,b1c42,1,8C(25%)-3.6C,702.0,671.5063484811409
S056,2,b1c43,1,8C(25%)-3.6C,651.0,659.987749517795
S056,3,b1c5,1,4.4C(80%)-4.4C,1074.0,936.9624034662868
S056,3,b1c10,1,5.4C(50%)-3C,906.0,934.3732588294816
S056,3,b1c11,1,5.4C(50%)-3C,788.0,937.7267015569207
S056,3,b1c24,1,6C(40%)-3C,1017.0,935.379411059872
S056,3,b1c25,1,6C(40%)-3C,854.0,937.7267015569207
S056,3,b1c40,1,8C(15%)-3.6C,966.0,934.3732588294816
S056,3,b1c41,1,8C(15%)-3.6C,1051.0,937.7267015569207
S056,4,b1c12,1,5.4C(50%)-3.6C,902.0,964.9790348300594
S056,4,b1c13,1,5.4C(50%)-3.6C,897.0,963.7536074680389
S056,4,b1c26,1,6C(40%)-3.6C,870.0,880.5599481158706
S056,4,b1c27,1,6C(40%)-3.6C,842.0,897.4669624237846
S056,4,b1c36,1,7C(40%)-3C,704.0,650.0224794952203
S056,4,b1c37,1,7C(40%)-3C,648.0,646.204322726419
S056,5,b1c8,1,5.4C(40%)-3.6C,879.0,933.8527785514098
S056,5,b1c9,1,5.4C(40%)-3.6C,1054.0,937.3725747074283
S056,5,b1c22,1,6C(30%)-3.6C,891.0,930.2344924185564
S056,5,b1c23,1,6C(30%)-3.6C,1014.0,934.7168854863262
S056,5,b1c38,1,7C(40%)-3.6C,617.0,654.6029033940889
S056,5,b1c39,1,7C(40%)-3.6C,625.0,654.6029033940889
S057,1,b1c3,1,4C(80%)-4C,1226.0,962.7959815837758
S057,1,b1c4,1,4C(80%)-4C,1227.0,965.726621464728
S057,1,b1c20,1,5.4C(80%)-5.4C,534.0,670.3743205683207
S057,1,b1c21,1,5.4C(80%)-5.4C,559.0,670.3743205683207
S057,1,b1c32,1,6C(60%)-3C,731.0,669.177534854035
S057,1,b1c33,1,6C(60%)-3C,757.0,672.8095824730827
S057,1,b1c44,1,8C(35%)-3.6C,616.0,659.792928932179
S057,1,b1c45,1,8C(35%)-3.6C,599.0,659.792928932179
S057,2,b1c6,1,4.8C(80%)-4.8C,636.0,914.8929500834133
S057,2,b1c7,1,4.8C(80%)-4.8C,870.0,968.151701380727
S057,2,b1c16,1,5.4C(60%)-3.6C,862.0,932.1337782724237
S057,2,b1c17,1,5.4C(60%)-3.6C,857.0,906.9755376658082
S057,2,b1c30,1,6C(50%)-3.6C,709.0,807.2266093759613
S057,2,b1c31,1,6C(50%)-3.6C,876.0,899.1882453441593
S057,2,b1c42,1,8C(25%)-3.6C,702.0,707.9406196352669
S057,2,b1c43,1,8C(25%)-3.6C,651.0,701.2625501908225
S057,3,b1c5,1,4.4C(80%)-4.4C,1074.0,1023.734250090187
S057,3,b1c10,1,5.4C(50%)-3C,906.0,1038.4893240509487
S057,3,b1c11,1,5.4C(50%)-3C,788.0,1063.1678841991336
S057,3,b1c24,1,6C(40%)-3C,1017.0,1010.5540736901988
S057,3,b1c25,1,6C(40%)-3C,854.0,1030.2007264679762
S057,3,b1c40,1,8C(15%)-3.6C,966.0,1036.2925866772111
S057,3,b1c41,1,8C(15%)-3.6C,1051.0,1038.0533442529688
S057,4,b1c12,1,5.4C(50%)-3.6C,902.0,939.3505718989898
S057,4,b1c13,1,5.4C(50%)-3.6C,897.0,932.2182146520701
S057,4,b1c26,1,6C(40%)-3.6C,870.0,876.1901243951049
S057,4,b1c27,1,6C(40%)-3.6C,842.0,883.5118707321011
S057,4,b1c36,1,7C(40%)-3C,704.0,695.5978568131212
S057,4,b1c37,1,7C(40%)-3C,648.0,691.3525522565666
S057,5,b1c8,1,5.4C(40%)-3.6C,879.0,897.060461127945
S057,5,b1c9,1,5.4C(40%)-3.6C,1054.0,899.9406406297297
S057,5,b1c22,1,6C(30%)-3.6C,891.0,896.9817111279449
S057,5,b1c23,1,6C(30%)-3.6C,1014.0,900.5078222390562
S057,5,b1c38,1,7C(40%)-3.6C,617.0,662.9799818237315
S057,5,b1c39,1,7C(40%)-3.6C,625.0,662.9799818237315
S058,1,b1c3,1,4C(80%)-4C,1226.0,931.5007533583124
S058,1,b1c4,1,4C(80%)-4C,1227.0,940.3957119622086
S058,1,b1c20,1,5.4C(80%)-5.4C,534.0,712.2190224375722
S058,1,b1c21,1,5.4C(80%)-5.4C,559.0,712.2190224375722
S058,1,b1c32,1,6C(60%)-3C,731.0,700.0767070356541
S058,1,b1c33,1,6C(60%)-3C,757.0,712.2190224375722
S058,1,b1c44,1,8C(35%)-3.6C,616.0,698.8689292578763
S058,1,b1c45,1,8C(35%)-3.6C,599.0,698.8689292578763
S058,2,b1c6,1,4.8C(80%)-4.8C,636.0,878.19443010335
S058,2,b1c7,1,4.8C(80%)-4.8C,870.0,902.4132889475285
S058,2,b1c16,1,5.4C(60%)-3.6C,862.0,948.5628632482061
S058,2,b1c17,1,5.4C(60%)-3.6C,857.0,928.3825450576035
S058,2,b1c30,1,6C(50%)-3.6C,709.0,792.420036204228
S058,2,b1c31,1,6C(50%)-3.6C,876.0,853.7013653575093
S058,2,b1c42,1,8C(25%)-3.6C,702.0,675.0078917688992
S058,2,b1c43,1,8C(25%)-3.6C,651.0,666.9457039567113
S058,3,b1c5,1,4.4C(80%)-4.4C,1074.0,946.4648618069663
S058,3,b1c10,1,5.4C(50%)-3C,906.0,944.0720220633764
S058,3,b1c11,1,5.4C(50%)-3C,788.0,944.0720220633764
S058,3,b1c24,1,6C(40%)-3C,1017.0,940.7852306195261
S058,3,b1c25,1,6C(40%)-3C,854.0,944.0720220633764
S058,3,b1c40,1,8C(15%)-3.6C,966.0,944.0720220633764
S058,3,b1c41,1,8C(15%)-3.6C,1051.0,944.0720220633764
S058,4,b1c12,1,5.4C(50%)-3.6C,902.0,967.1898798428742
S058,4,b1c13,1,5.4C(50%)-3.6C,897.0,967.540748723993
S058,4,b1c26,1,6C(40%)-3.6C,870.0,889.1004873348189
S058,4,b1c27,1,6C(40%)-3.6C,842.0,902.5504520337552
S058,4,b1c36,1,7C(40%)-3C,704.0,661.7287547669907
S058,4,b1c37,1,7C(40%)-3C,648.0,657.6709887952175
S058,5,b1c8,1,5.4C(40%)-3.6C,879.0,945.4193187486527
S058,5,b1c9,1,5.4C(40%)-3.6C,1054.0,951.1147480375009
S058,5,b1c22,1,6C(30%)-3.6C,891.0,938.0847063749154
S058,5,b1c23,1,6C(30%)-3.6C,1014.0,943.5035258193598
S058,5,b1c38,1,7C(40%)-3.6C,617.0,659.3522702565103
S058,5,b1c39,1,7C(40%)-3.6C,625.0,659.3522702565103
S059,1,b1c3,1,4C(80%)-4C,1226.0,980.3104944083696
S059,1,b1c4,1,4C(80%)-4C,1227.0,979.3895678210679
S059,1,b1c20,1,5.4C(80%)-5.4C,534.0,670.936446789322
S059,1,b1c21,1,5.4C(80%)-5.4C,559.0,670.936446789322
S059,1,b1c32,1,6C(60%)-3C,731.0,669.5649705988458
S059,1,b1c33,1,6C(60%)-3C,757.0,673.484708694084
S059,1,b1c44,1,8C(35%)-3.6C,616.0,660.0573455988457
S059,1,b1c45,1,8C(35%)-3.6C,599.0,660.0573455988457
S059,2,b1c6,1,4.8C(80%)-4.8C,636.0,920.2679743867244
S059,2,b1c7,1,4.8C(80%)-4.8C,870.0,974.6070319264069
S059,2,b1c16,1,5.4C(60%)-3.6C,862.0,942.74326497114
S059,2,b1c17,1,5.4C(60%)-3.6C,857.0,913.5040292207793
S059,2,b1c30,1,6C(50%)-3.6C,709.0,801.6636760461759
S059,2,b1c31,1,6C(50%)-3.6C,876.0,899.6843685064933
S059,2,b1c42,1,8C(25%)-3.6C,702.0,707.9051047979799
S059,2,b1c43,1,8C(25%)-3.6C,651.0,701.3625115440113
S059,3,b1c5,1,4.4C(80%)-4.4C,1074.0,1028.1639280441775
S059,3,b1c10,1,5.4C(50%)-3C,906.0,1037.6241158008654
S059,3,b1c11,1,5.4C(50%)-3C,788.0,1063.4997853535347
S059,3,b1c24,1,6C(40%)-3C,1017.0,1010.5344586940837
S059,3,b1c25,1,6C(40%)-3C,854.0,1032.1735360750358
S059,3,b1c40,1,8C(15%)-3.6C,966.0,1035.984051587301
S059,3,b1c41,1,8C(15%)-3.6C,1051.0,1038.6026008297254
S059,4,b1c12,1,5.4C(50%)-3.6C,902.0,938.9683674658673
S059,4,b1c13,1,5.4C(50%)-3.6C,897.0,934.7505103230101
S059,4,b1c26,1,6C(40%)-3.6C,870.0,868.5000294427794
S059,4,b1c27,1,6C(40%)-3.6C,842.0,875.8868032523034
S059,4,b1c36,1,7C(40%)-3C,704.0,695.4158439754686
S059,4,b1c37,1,7C(40%)-3C,648.0,690.4301217532463
S059,5,b1c8,1,5.4C(40%)-3.6C,879.0,904.3043921356418
S059,5,b1c9,1,5.4C(40%)-3.6C,1054.0,896.1884080086579
S059,5,b1c22,1,6C(30%)-3.6C,891.0,891.1059516594512
S059,5,b1c23,1,6C(30%)-3.6C,1014.0,901.9267095959596
S059,5,b1c38,1,7C(40%)-3.6C,617.0,668.9233968253966
S059,5,b1c39,1,7C(40%)-3.6C,625.0,668.9233968253966
S060,1,b1c3,1,4C(80%)-4C,1226.0,931.5007533583124
S060,1,b1c4,1,4C(80%)-4C,1227.0,940.3957119622086
S060,1,b1c20,1,5.4C(80%)-5.4C,534.0,712.2190224375722
S060,1,b1c21,1,5.4C(80%)-5.4C,559.0,712.2190224375722
S060,1,b1c32,1,6C(60%)-3C,731.0,700.0767070356541
S060,1,b1c33,1,6C(60%)-3C,757.0,712.2190224375722
S060,1,b1c44,1,8C(35%)-3.6C,616.0,698.8689292578763
S060,1,b1c45,1,8C(35%)-3.6C,599.0,698.8689292578763
S060,2,b1c6,1,4.8C(80%)-4.8C,636.0,878.19443010335
S060,2,b1c7,1,4.8C(80%)-4.8C,870.0,902.4132889475285
S060,2,b1c16,1,5.4C(60%)-3.6C,862.0,948.5628632482061
S060,2,b1c17,1,5.4C(60%)-3.6C,857.0,928.3825450576035
S060,2,b1c30,1,6C(50%)-3.6C,709.0,792.420036204228
S060,2,b1c31,1,6C(50%)-3.6C,876.0,853.7013653575093
S060,2,b1c42,1,8C(25%)-3.6C,702.0,675.0078917688992
S060,2,b1c43,1,8C(25%)-3.6C,651.0,666.9457039567113
S060,3,b1c5,1,4.4C(80%)-4.4C,1074.0,946.4648618069663
S060,3,b1c10,1,5.4C(50%)-3C,906.0,944.0720220633764
S060,3,b1c11,1,5.4C(50%)-3C,788.0,944.0720220633764
S060,3,b1c24,1,6C(40%)-3C,1017.0,940.7852306195261
S060,3,b1c25,1,6C(40%)-3C,854.0,944.0720220633764
S060,3,b1c40,1,8C(15%)-3.6C,966.0,944.0720220633764
S060,3,b1c41,1,8C(15%)-3.6C,1051.0,944.0720220633764
S060,4,b1c12,1,5.4C(50%)-3.6C,902.0,967.1898798428742
S060,4,b1c13,1,5.4C(50%)-3.6C,897.0,967.540748723993
S060,4,b1c26,1,6C(40%)-3.6C,870.0,889.1004873348189
S060,4,b1c27,1,6C(40%)-3.6C,842.0,902.5504520337552
S060,4,b1c36,1,7C(40%)-3C,704.0,661.7287547669907
S060,4,b1c37,1,7C(40%)-3C,648.0,657.6709887952175
S060,5,b1c8,1,5.4C(40%)-3.6C,879.0,945.4193187486527
S060,5,b1c9,1,5.4C(40%)-3.6C,1054.0,951.1147480375009
S060,5,b1c22,1,6C(30%)-3.6C,891.0,938.0847063749154
S060,5,b1c23,1,6C(30%)-3.6C,1014.0,943.5035258193598
S060,5,b1c38,1,7C(40%)-3.6C,617.0,659.3522702565103
S060,5,b1c39,1,7C(40%)-3.6C,625.0,659.3522702565103
S061,1,b1c3,1,4C(80%)-4C,1226.0,958.185063575732
S061,1,b1c4,1,4C(80%)-4C,1227.0,960.4616726944397
S061,1,b1c20,1,5.4C(80%)-5.4C,534.0,667.9001175124657
S061,1,b1c21,1,5.4C(80%)-5.4C,559.0,667.9001175124657
S061,1,b1c32,1,6C(60%)-3C,731.0,666.8327327835622
S061,1,b1c33,1,6C(60%)-3C,757.0,669.9769700295426
S061,1,b1c44,1,8C(35%)-3.6C,616.0,659.0822056468799
S061,1,b1c45,1,8C(35%)-3.6C,599.0,659.0822056468799
S061,2,b1c6,1,4.8C(80%)-4.8C,636.0,909.2478218849407
S061,2,b1c7,1,4.8C(80%)-4.8C,870.0,957.9540331008706
S061,2,b1c16,1,5.4C(60%)-3.6C,862.0,929.0066559141399
S061,2,b1c17,1,5.4C(60%)-3.6C,857.0,906.9352108376229
S061,2,b1c30,1,6C(50%)-3.6C,709.0,801.3471310036635
S061,2,b1c31,1,6C(50%)-3.6C,876.0,889.4381671283508
S061,2,b1c42,1,8C(25%)-3.6C,702.0,701.1308450681277
S061,2,b1c43,1,8C(25%)-3.6C,651.0,694.0198713378032
S061,3,b1c5,1,4.4C(80%)-4.4C,1074.0,1014.7397874284995
S061,3,b1c10,1,5.4C(50%)-3C,906.0,1023.7766412623375
S061,3,b1c11,1,5.4C(50%)-3C,788.0,1049.8720594657225
S061,3,b1c24,1,6C(40%)-3C,1017.0,997.8120848490581
S061,3,b1c25,1,6C(40%)-3C,854.0,1016.7153960446595
S061,3,b1c40,1,8C(15%)-3.6C,966.0,1021.6395836704343
S061,3,b1c41,1,8C(15%)-3.6C,1051.0,1023.9780774660532
S061,4,b1c12,1,5.4C(50%)-3.6C,902.0,938.7215811150028
S061,4,b1c13,1,5.4C(50%)-3.6C,897.0,933.3390131537388
S061,4,b1c26,1,6C(40%)-3.6C,870.0,874.133446105031
S061,4,b1c27,1,6C(40%)-3.6C,842.0,882.2215747085431
S061,4,b1c36,1,7C(40%)-3C,704.0,690.797919274607
S061,4,b1c37,1,7C(40%)-3C,648.0,689.8094016860954
S061,5,b1c8,1,5.4C(40%)-3.6C,879.0,893.3710065973202
S061,5,b1c9,1,5.4C(40%)-3.6C,1054.0,896.3746624946479
S061,5,b1c22,1,6C(30%)-3.6C,891.0,893.3087629178465
S061,5,b1c23,1,6C(30%)-3.6C,1014.0,896.3948966250882
S061,5,b1c38,1,7C(40%)-3.6C,617.0,663.1229336299639
S061,5,b1c39,1,7C(40%)-3.6C,625.0,663.1229336299639
S062,1,b1c3,1,4C(80%)-4C,1226.0,920.950597330657
S062,1,b1c4,1,4C(80%)-4C,1227.0,934.1570943562652
S062,1,b1c20,1,5.4C(80%)-5.4C,534.0,706.3946592687105
S062,1,b1c21,1,5.4C(80%)-5.4C,559.0,706.248015516337
S062,1,b1c32,1,6C(60%)-3C,731.0,693.2893104450784
S062,1,b1c33,1,6C(60%)-3C,757.0,706.248015516337
S062,1,b1c44,1,8C(35%)-3.6C,616.0,692.2318638534607
S062,1,b1c45,1,8C(35%)-3.6C,599.0,692.2318638534607
S062,2,b1c6,1,4.8C(80%)-4.8C,636.0,868.9909001251968
S062,2,b1c7,1,4.8C(80%)-4.8C,870.0,895.6323964327331
S062,2,b1c16,1,5.4C(60%)-3.6C,862.0,939.2823035953111
S062,2,b1c17,1,5.4C(60%)-3.6C,857.0,926.3135910721512
S062,2,b1c30,1,6C(50%)-3.6C,709.0,776.5610432713585
S062,2,b1c31,1,6C(50%)-3.6C,876.0,843.1819139093346
S062,2,b1c42,1,8C(25%)-3.6C,702.0,665.5474883407094
S062,2,b1c43,1,8C(25%)-3.6C,651.0,656.3331162154067
S062,3,b1c5,1,4.4C(80%)-4.4C,1074.0,937.7252948248355
S062,3,b1c10,1,5.4C(50%)-3C,906.0,933.175546548902
S062,3,b1c11,1,5.4C(50%)-3C,788.0,934.937903716656
S062,3,b1c24,1,6C(40%)-3C,1017.0,933.4855394058112
S062,3,b1c25,1,6C(40%)-3C,854.0,934.937903716656
S062,3,b1c40,1,8C(15%)-3.6C,966.0,933.175546548902
S062,3,b1c41,1,8C(15%)-3.6C,1051.0,934.937903716656
S062,4,b1c12,1,5.4C(50%)-3.6C,902.0,960.6649553748845
S062,4,b1c13,1,5.4C(50%)-3.6C,897.0,959.1708325073498
S062,4,b1c26,1,6C(40%)-3.6C,870.0,879.4279547604456
S062,4,b1c27,1,6C(40%)-3.6C,842.0,894.3166779507573
S062,4,b1c36,1,7C(40%)-3C,704.0,651.3242849169725
S062,4,b1c37,1,7C(40%)-3C,648.0,649.7993804209024
S062,5,b1c8,1,5.4C(40%)-3.6C,879.0,937.4860027604527
S062,5,b1c9,1,5.4C(40%)-3.6C,1054.0,941.6323629204902
S062,5,b1c22,1,6C(30%)-3.6C,891.0,932.2465970277447
S062,5,b1c23,1,6C(30%)-3.6C,1014.0,935.3020775320039
S062,5,b1c38,1,7C(40%)-3.6C,617.0,655.9087577339047
S062,5,b1c39,1,7C(40%)-3.6C,625.0,655.9087577339047
S063,1,b1c3,1,4C(80%)-4C,1226.0,972.6706672815449
S063,1,b1c4,1,4C(80%)-4C,1227.0,971.0491453323015
S063,1,b1c20,1,5.4C(80%)-5.4C,534.0,668.5454835159189
S063,1,b1c21,1,5.4C(80%)-5.4C,559.0,668.5454835159189
S063,1,b1c32,1,6C(60%)-3C,731.0,667.3433111112575
S063,1,b1c33,1,6C(60%)-3C,757.0,670.710869791273
S063,1,b1c44,1,8C(35%)-3.6C,616.0,659.5316622111345
S063,1,b1c45,1,8C(35%)-3.6C,599.0,659.5316622111345
S063,2,b1c6,1,4.8C(80%)-4.8C,636.0,913.4170525614846
S063,2,b1c7,1,4.8C(80%)-4.8C,870.0,963.2347690821454
S063,2,b1c16,1,5.4C(60%)-3.6C,862.0,942.5924413655471
S063,2,b1c17,1,5.4C(60%)-3.6C,857.0,915.2119277176532
S063,2,b1c30,1,6C(50%)-3.6C,709.0,797.6812063465534
S063,2,b1c31,1,6C(50%)-3.6C,876.0,891.4294309575589
S063,2,b1c42,1,8C(25%)-3.6C,702.0,701.4103688340464
S063,2,b1c43,1,8C(25%)-3.6C,651.0,696.4158105174052
S063,3,b1c5,1,4.4C(80%)-4.4C,1074.0,1019.9175816465752
S063,3,b1c10,1,5.4C(50%)-3C,906.0,1022.7178385495195
S063,3,b1c11,1,5.4C(50%)-3C,788.0,1051.0105617322981
S063,3,b1c24,1,6C(40%)-3C,1017.0,998.0437796971314
S063,3,b1c25,1,6C(40%)-3C,854.0,1019.1042664453144
S063,3,b1c40,1,8C(15%)-3.6C,966.0,1021.2927831830096
S063,3,b1c41,1,8C(15%)-3.6C,1051.0,1024.759066996758
S063,4,b1c12,1,5.4C(50%)-3.6C,902.0,938.4963166322653
S063,4,b1c13,1,5.4C(50%)-3.6C,897.0,931.9021754425113
S063,4,b1c26,1,6C(40%)-3.6C,870.0,868.7986340391586
S063,4,b1c27,1,6C(40%)-3.6C,842.0,877.6957239484167
S063,4,b1c36,1,7C(40%)-3C,704.0,688.3746222227359
S063,4,b1c37,1,7C(40%)-3C,648.0,687.8397941598917
S063,5,b1c8,1,5.4C(40%)-3.6C,879.0,900.6105459116749
S063,5,b1c9,1,5.4C(40%)-3.6C,1054.0,892.210553063013
S063,5,b1c22,1,6C(30%)-3.6C,891.0,887.1502466816529
S063,5,b1c23,1,6C(30%)-3.6C,1014.0,896.473763778128
S063,5,b1c38,1,7C(40%)-3.6C,617.0,666.6773921081978
S063,5,b1c39,1,7C(40%)-3.6C,625.0,666.6773921081978
S064,1,b1c3,1,4C(80%)-4C,1226.0,920.950597330657
S064,1,b1c4,1,4C(80%)-4C,1227.0,934.1570943562652
S064,1,b1c20,1,5.4C(80%)-5.4C,534.0,706.3946592687105
S064,1,b1c21,1,5.4C(80%)-5.4C,559.0,706.248015516337
S064,1,b1c32,1,6C(60%)-3C,731.0,693.2893104450784
S064,1,b1c33,1,6C(60%)-3C,757.0,706.248015516337
S064,1,b1c44,1,8C(35%)-3.6C,616.0,692.2318638534607
S064,1,b1c45,1,8C(35%)-3.6C,599.0,692.2318638534607
S064,2,b1c6,1,4.8C(80%)-4.8C,636.0,868.9909001251968
S064,2,b1c7,1,4.8C(80%)-4.8C,870.0,895.6323964327331
S064,2,b1c16,1,5.4C(60%)-3.6C,862.0,939.2823035953111
S064,2,b1c17,1,5.4C(60%)-3.6C,857.0,926.3135910721512
S064,2,b1c30,1,6C(50%)-3.6C,709.0,776.5610432713585
S064,2,b1c31,1,6C(50%)-3.6C,876.0,843.1819139093346
S064,2,b1c42,1,8C(25%)-3.6C,702.0,665.5474883407094
S064,2,b1c43,1,8C(25%)-3.6C,651.0,656.3331162154067
S064,3,b1c5,1,4.4C(80%)-4.4C,1074.0,937.7252948248355
S064,3,b1c10,1,5.4C(50%)-3C,906.0,933.175546548902
S064,3,b1c11,1,5.4C(50%)-3C,788.0,934.937903716656
S064,3,b1c24,1,6C(40%)-3C,1017.0,933.4855394058112
S064,3,b1c25,1,6C(40%)-3C,854.0,934.937903716656
S064,3,b1c40,1,8C(15%)-3.6C,966.0,933.175546548902
S064,3,b1c41,1,8C(15%)-3.6C,1051.0,934.937903716656
S064,4,b1c12,1,5.4C(50%)-3.6C,902.0,960.6649553748845
S064,4,b1c13,1,5.4C(50%)-3.6C,897.0,959.1708325073498
S064,4,b1c26,1,6C(40%)-3.6C,870.0,879.4279547604456
S064,4,b1c27,1,6C(40%)-3.6C,842.0,894.3166779507573
S064,4,b1c36,1,7C(40%)-3C,704.0,651.3242849169725
S064,4,b1c37,1,7C(40%)-3C,648.0,649.7993804209024
S064,5,b1c8,1,5.4C(40%)-3.6C,879.0,937.4860027604527
S064,5,b1c9,1,5.4C(40%)-3.6C,1054.0,941.6323629204902
S064,5,b1c22,1,6C(30%)-3.6C,891.0,932.2465970277447
S064,5,b1c23,1,6C(30%)-3.6C,1014.0,935.3020775320039
S064,5,b1c38,1,7C(40%)-3.6C,617.0,655.9087577339047
S064,5,b1c39,1,7C(40%)-3.6C,625.0,655.9087577339047
S065,1,b1c3,1,4C(80%)-4C,1226.0,1215.223202461505
S065,1,b1c4,1,4C(80%)-4C,1227.0,1364.1357478668783
S065,1,b1c20,1,5.4C(80%)-5.4C,534.0,609.7687491658386
S065,1,b1c21,1,5.4C(80%)-5.4C,559.0,604.4321305779113
S065,1,b1c32,1,6C(60%)-3C,731.0,705.7481173964117
S065,1,b1c33,1,6C(60%)-3C,757.0,719.1526012688627
S065,1,b1c44,1,8C(35%)-3.6C,616.0,615.437178379121
S065,1,b1c45,1,8C(35%)-3.6C,599.0,625.6138111589261
S065,2,b1c6,1,4.8C(80%)-4.8C,636.0,790.4855026964059
S065,2,b1c7,1,4.8C(80%)-4.8C,870.0,814.2483038468165
S065,2,b1c16,1,5.4C(60%)-3.6C,862.0,971.0389988992005
S065,2,b1c17,1,5.4C(60%)-3.6C,857.0,900.6290290993527
S065,2,b1c30,1,6C(50%)-3.6C,709.0,776.5196006573908
S065,2,b1c31,1,6C(50%)-3.6C,876.0,794.6718631414574
S065,2,b1c42,1,8C(25%)-3.6C,702.0,732.949402844793
S065,2,b1c43,1,8C(25%)-3.6C,651.0,734.0152942268329
S065,3,b1c5,1,4.4C(80%)-4.4C,1074.0,1003.3132984515772
S065,3,b1c10,1,5.4C(50%)-3C,906.0,908.7057453628266
S065,3,b1c11,1,5.4C(50%)-3C,788.0,980.5925480569958
S065,3,b1c24,1,6C(40%)-3C,1017.0,864.929577964066
S065,3,b1c25,1,6C(40%)-3C,854.0,916.465299692537
S065,3,b1c40,1,8C(15%)-3.6C,966.0,932.9525251471345
S065,3,b1c41,1,8C(15%)-3.6C,1051.0,942.0950373120725
S065,4,b1c12,1,5.4C(50%)-3.6C,902.0,982.0031574081497
S065,4,b1c13,1,5.4C(50%)-3.6C,897.0,935.1686485757378
S065,4,b1c26,1,6C(40%)-3.6C,870.0,791.4420495259747
S065,4,b1c27,1,6C(40%)-3.6C,842.0,823.6634401193567
S065,4,b1c36,1,7C(40%)-3C,704.0,724.4099698300832
S065,4,b1c37,1,7C(40%)-3C,648.0,727.1581645399161
S065,5,b1c8,1,5.4C(40%)-3.6C,879.0,895.7591266096839
S065,5,b1c9,1,5.4C(40%)-3.6C,1054.0,927.9559448946542
S065,5,b1c22,1,6C(30%)-3.6C,891.0,867.5504672470448
S065,5,b1c23,1,6C(30%)-3.6C,1014.0,919.1362989412279
S065,5,b1c38,1,7C(40%)-3.6C,617.0,595.1047079720336
S065,5,b1c39,1,7C(40%)-3.6C,625.0,632.8046965700933
S066,1,b1c3,1,4C(80%)-4C,1226.0,1187.745370519495
S066,1,b1c4,1,4C(80%)-4C,1227.0,1322.3449332199011
S066,1,b1c20,1,5.4C(80%)-5.4C,534.0,586.5089662223653
S066,1,b1c21,1,5.4C(80%)-5.4C,559.0,579.5499239245144
S066,1,b1c32,1,6C(60%)-3C,731.0,706.1415234560181
S066,1,b1c33,1,6C(60%)-3C,757.0,718.7337791626617
S066,1,b1c44,1,8C(35%)-3.6C,616.0,601.8428447274466
S066,1,b1c45,1,8C(35%)-3.6C,599.0,608.9331987890425
S066,2,b1c6,1,4.8C(80%)-4.8C,636.0,793.6662612053784
S066,2,b1c7,1,4.8C(80%)-4.8C,870.0,815.7220533142163
S066,2,b1c16,1,5.4C(60%)-3.6C,862.0,971.094351589297
S066,2,b1c17,1,5.4C(60%)-3.6C,857.0,902.3202818880897
S066,2,b1c30,1,6C(50%)-3.6C,709.0,778.3156986764212
S066,2,b1c31,1,6C(50%)-3.6C,876.0,796.3851992997655
S066,2,b1c42,1,8C(25%)-3.6C,702.0,734.4223832388437
S066,2,b1c43,1,8C(25%)-3.6C,651.0,735.5026471040219
S066,3,b1c5,1,4.4C(80%)-4.4C,1074.0,1002.649046301485
S066,3,b1c10,1,5.4C(50%)-3C,906.0,912.3683694170193
S066,3,b1c11,1,5.4C(50%)-3C,788.0,982.4779888509847
S066,3,b1c24,1,6C(40%)-3C,1017.0,867.4444578724983
S066,3,b1c25,1,6C(40%)-3C,854.0,917.7329576474094
S066,3,b1c40,1,8C(15%)-3.6C,966.0,933.4891659362238
S066,3,b1c41,1,8C(15%)-3.6C,1051.0,942.5388424051121
S066,4,b1c12,1,5.4C(50%)-3.6C,902.0,980.971338298149
S066,4,b1c13,1,5.4C(50%)-3.6C,897.0,935.7420658929227
S066,4,b1c26,1,6C(40%)-3.6C,870.0,793.7235659840107
S066,4,b1c27,1,6C(40%)-3.6C,842.0,825.9282935888272
S066,4,b1c36,1,7C(40%)-3C,704.0,725.9070771919005
S066,4,b1c37,1,7C(40%)-3C,648.0,728.5425794720056
S066,5,b1c8,1,5.4C(40%)-3.6C,879.0,896.5094129320581
S066,5,b1c9,1,5.4C(40%)-3.6C,1054.0,928.3499146998902
S066,5,b1c22,1,6C(30%)-3.6C,891.0,868.9543960598393
S066,5,b1c23,1,6C(30%)-3.6C,1014.0,919.1650468025636
S066,5,b1c38,1,7C(40%)-3.6C,617.0,594.8556962140681
S066,5,b1c39,1,7C(40%)-3.6C,625.0,632.7235828340636
S067,1,b1c3,1,4C(80%)-4C,1226.0,1122.9955277475424
S067,1,b1c4,1,4C(80%)-4C,1227.0,1224.4413907169771
S067,1,b1c20,1,5.4C(80%)-5.4C,534.0,538.6993431233357
S067,1,b1c21,1,5.4C(80%)-5.4C,559.0,528.2658651093266
S067,1,b1c32,1,6C(60%)-3C,731.0,708.7533521515926
S067,1,b1c33,1,6C(60%)-3C,757.0,719.4009628685537
S067,1,b1c44,1,8C(35%)-3.6C,616.0,575.0654088164304
S067,1,b1c45,1,8C(35%)-3.6C,599.0,575.2869280926394
S067,2,b1c6,1,4.8C(80%)-4.8C,636.0,806.4704430421127
S067,2,b1c7,1,4.8C(80%)-4.8C,870.0,821.716426662514
S067,2,b1c16,1,5.4C(60%)-3.6C,862.0,970.0534913509608
S067,2,b1c17,1,5.4C(60%)-3.6C,857.0,908.2841267971392
S067,2,b1c30,1,6C(50%)-3.6C,709.0,785.9299748828075
S067,2,b1c31,1,6C(50%)-3.6C,876.0,803.4985242092334
S067,2,b1c42,1,8C(25%)-3.6C,702.0,741.2305440190369
S067,2,b1c43,1,8C(25%)-3.6C,651.0,742.3554261445146
S067,3,b1c5,1,4.4C(80%)-4.4C,1074.0,997.9784715895977
S067,3,b1c10,1,5.4C(50%)-3C,906.0,926.8256954369004
S067,3,b1c11,1,5.4C(50%)-3C,788.0,988.7780694520283
S067,3,b1c24,1,6C(40%)-3C,1017.0,877.4552035830476
S067,3,b1c25,1,6C(40%)-3C,854.0,922.0090835699896
S067,3,b1c40,1,8C(15%)-3.6C,966.0,934.5290854109056
S067,3,b1c41,1,8C(15%)-3.6C,1051.0,943.1035804527559
S067,4,b1c12,1,5.4C(50%)-3.6C,902.0,975.3004227875883
S067,4,b1c13,1,5.4C(50%)-3.6C,897.0,937.2620191339228
S067,4,b1c26,1,6C(40%)-3.6C,870.0,803.7211837157543
S067,4,b1c27,1,6C(40%)-3.6C,842.0,835.5720755948107
S067,4,b1c36,1,7C(40%)-3C,704.0,733.1818876388324
S067,4,b1c37,1,7C(40%)-3C,648.0,735.3173175654255
S067,5,b1c8,1,5.4C(40%)-3.6C,879.0,899.3256526925386
S067,5,b1c9,1,5.4C(40%)-3.6C,1054.0,929.2820016196188
S067,5,b1c22,1,6C(30%)-3.6C,891.0,874.9702720280766
S067,5,b1c23,1,6C(30%)-3.6C,1014.0,918.5138767553595
S067,5,b1c38,1,7C(40%)-3.6C,617.0,595.640820965421
S067,5,b1c39,1,7C(40%)-3.6C,625.0,633.9565966123164
S068,1,b1c3,1,4C(80%)-4C,1226.0,1064.928021889521
S068,1,b1c4,1,4C(80%)-4C,1227.0,1142.3433376429853
S068,1,b1c20,1,5.4C(80%)-5.4C,534.0,565.3650546162464
S068,1,b1c21,1,5.4C(80%)-5.4C,559.0,555.2796132577869
S068,1,b1c32,1,6C(60%)-3C,731.0,727.8315983783364
S068,1,b1c33,1,6C(60%)-3C,757.0,736.4305082594906
S068,1,b1c44,1,8C(35%)-3.6C,616.0,603.270035593541
S068,1,b1c45,1,8C(35%)-3.6C,599.0,601.3427060610416
S068,2,b1c6,1,4.8C(80%)-4.8C,636.0,819.1592328077272
S068,2,b1c7,1,4.8C(80%)-4.8C,870.0,828.4365245465062
S068,2,b1c16,1,5.4C(60%)-3.6C,862.0,953.0718783247419
S068,2,b1c17,1,5.4C(60%)-3.6C,857.0,903.5373490248
S068,2,b1c30,1,6C(50%)-3.6C,709.0,798.323237212096
S068,2,b1c31,1,6C(50%)-3.6C,876.0,813.277483907986
S068,2,b1c42,1,8C(25%)-3.6C,702.0,759.0677480379607
S068,2,b1c43,1,8C(25%)-3.6C,651.0,760.0697527327085
S068,3,b1c5,1,4.4C(80%)-4.4C,1074.0,969.5092980621461
S068,3,b1c10,1,5.4C(50%)-3C,906.0,920.0769341803274
S068,3,b1c11,1,5.4C(50%)-3C,788.0,968.7478803964112
S068,3,b1c24,1,6C(40%)-3C,1017.0,874.0368215740201
S068,3,b1c25,1,6C(40%)-3C,854.0,909.1264988613344
S068,3,b1c40,1,8C(15%)-3.6C,966.0,917.910416198756
S068,3,b1c41,1,8C(15%)-3.6C,1051.0,925.0799285668742
S068,4,b1c12,1,5.4C(50%)-3.6C,902.0,953.9323844926532
S068,4,b1c13,1,5.4C(50%)-3.6C,897.0,925.373977087237
S068,4,b1c26,1,6C(40%)-3.6C,870.0,813.9510157165803
S068,4,b1c27,1,6C(40%)-3.6C,842.0,841.6372137666959
S068,4,b1c36,1,7C(40%)-3C,704.0,750.3006093812719
S068,4,b1c37,1,7C(40%)-3C,648.0,751.8396713801711
S068,5,b1c8,1,5.4C(40%)-3.6C,879.0,892.3397666504293
S068,5,b1c9,1,5.4C(40%)-3.6C,1054.0,917.2355580640657
S068,5,b1c22,1,6C(30%)-3.6C,891.0,873.3332045503118
S068,5,b1c23,1,6C(30%)-3.6C,1014.0,906.6133115137601
S068,5,b1c38,1,7C(40%)-3.6C,617.0,624.3154526867856
S068,5,b1c39,1,7C(40%)-3.6C,625.0,658.2737926622326
S069,1,b1c3,1,4C(80%)-4C,1226.0,934.0425116883019
S069,1,b1c4,1,4C(80%)-4C,1227.0,965.6225740467223
S069,1,b1c20,1,5.4C(80%)-5.4C,534.0,727.0712505651742
S069,1,b1c21,1,5.4C(80%)-5.4C,559.0,722.8311164926126
S069,1,b1c32,1,6C(60%)-3C,731.0,795.2859588227961
S069,1,b1c33,1,6C(60%)-3C,757.0,798.821807214044
S069,1,b1c44,1,8C(35%)-3.6C,616.0,743.1362011618075
S069,1,b1c45,1,8C(35%)-3.6C,599.0,742.2256153719505
S069,2,b1c6,1,4.8C(80%)-4.8C,636.0,835.5120891763637
S069,2,b1c7,1,4.8C(80%)-4.8C,870.0,839.0905299890032
S069,2,b1c16,1,5.4C(60%)-3.6C,862.0,890.4108153399283
S069,2,b1c17,1,5.4C(60%)-3.6C,857.0,870.1760662688433
S069,2,b1c30,1,6C(50%)-3.6C,709.0,826.6879078968038
S069,2,b1c31,1,6C(50%)-3.6C,876.0,832.8587099412422
S069,2,b1c42,1,8C(25%)-3.6C,702.0,810.407782247918
S069,2,b1c43,1,8C(25%)-3.6C,651.0,810.8242599701941
S069,3,b1c5,1,4.4C(80%)-4.4C,1074.0,870.249958797881
S069,3,b1c10,1,5.4C(50%)-3C,906.0,850.3359137381223
S069,3,b1c11,1,5.4C(50%)-3C,788.0,870.4501203181396
S069,3,b1c24,1,6C(40%)-3C,1017.0,830.7314504819018
S069,3,b1c25,1,6C(40%)-3C,854.0,845.2398873550101
S069,3,b1c40,1,8C(15%)-3.6C,966.0,848.7862539674434
S069,3,b1c41,1,8C(15%)-3.6C,1051.0,851.7836842363604
S069,4,b1c12,1,5.4C(50%)-3.6C,902.0,884.3771159832364
S069,4,b1c13,1,5.4C(50%)-3.6C,897.0,872.4865509879774
S069,4,b1c26,1,6C(40%)-3.6C,870.0,825.1439694538852
S069,4,b1c27,1,6C(40%)-3.6C,842.0,836.9926753206576
S069,4,b1c36,1,7C(40%)-3C,704.0,797.7321686901892
S069,4,b1c37,1,7C(40%)-3C,648.0,798.3675074980613
S069,5,b1c8,1,5.4C(40%)-3.6C,879.0,854.1247663190917
S069,5,b1c9,1,5.4C(40%)-3.6C,1054.0,864.6818887612758
S069,5,b1c22,1,6C(30%)-3.6C,891.0,846.1653477347575
S069,5,b1c23,1,6C(30%)-3.6C,1014.0,860.041465874172
S069,5,b1c38,1,7C(40%)-3.6C,617.0,739.1967307932055
S069,5,b1c39,1,7C(40%)-3.6C,625.0,753.7688253083961
S070,1,b1c3,1,4C(80%)-4C,1226.0,1284.839328516735
S070,1,b1c4,1,4C(80%)-4C,1227.0,1523.3011524096632
S070,1,b1c20,1,5.4C(80%)-5.4C,534.0,603.6114593278702
S070,1,b1c21,1,5.4C(80%)-5.4C,559.0,598.44027166194
S070,1,b1c32,1,6C(60%)-3C,731.0,700.0814733035766
S070,1,b1c33,1,6C(60%)-3C,757.0,711.289607230537
S070,1,b1c44,1,8C(35%)-3.6C,616.0,614.850140838758
S070,1,b1c45,1,8C(35%)-3.6C,599.0,620.5103016059726
S070,2,b1c6,1,4.8C(80%)-4.8C,636.0,796.6232111474867
S070,2,b1c7,1,4.8C(80%)-4.8C,870.0,805.1308252826628
S070,2,b1c16,1,5.4C(60%)-3.6C,862.0,963.3856948427763
S070,2,b1c17,1,5.4C(60%)-3.6C,857.0,898.7142355949917
S070,2,b1c30,1,6C(50%)-3.6C,709.0,770.9419972451624
S070,2,b1c31,1,6C(50%)-3.6C,876.0,787.8387424482788
S070,2,b1c42,1,8C(25%)-3.6C,702.0,727.6199448960289
S070,2,b1c43,1,8C(25%)-3.6C,651.0,728.7024949503087
S070,3,b1c5,1,4.4C(80%)-4.4C,1074.0,997.8432056348271
S070,3,b1c10,1,5.4C(50%)-3C,906.0,924.0132547454941
S070,3,b1c11,1,5.4C(50%)-3C,788.0,993.4010700317076
S070,3,b1c24,1,6C(40%)-3C,1017.0,866.0705553131514
S070,3,b1c25,1,6C(40%)-3C,854.0,912.4420317463179
S070,3,b1c40,1,8C(15%)-3.6C,966.0,924.9447579342424
S070,3,b1c41,1,8C(15%)-3.6C,1051.0,934.6546679408202
S070,4,b1c12,1,5.4C(50%)-3.6C,902.0,967.675695769167
S070,4,b1c13,1,5.4C(50%)-3.6C,897.0,925.1449793176365
S070,4,b1c26,1,6C(40%)-3.6C,870.0,785.2666582891003
S070,4,b1c27,1,6C(40%)-3.6C,842.0,817.0758739116299
S070,4,b1c36,1,7C(40%)-3C,704.0,718.2365893477541
S070,4,b1c37,1,7C(40%)-3C,648.0,720.025775186567
S070,5,b1c8,1,5.4C(40%)-3.6C,879.0,885.8105853566167
S070,5,b1c9,1,5.4C(40%)-3.6C,1054.0,918.7122339162639
S070,5,b1c22,1,6C(30%)-3.6C,891.0,860.6559005106589
S070,5,b1c23,1,6C(30%)-3.6C,1014.0,905.7119801330804
S070,5,b1c38,1,7C(40%)-3.6C,617.0,605.5340418891341
S070,5,b1c39,1,7C(40%)-3.6C,625.0,635.3662027119597
S071,1,b1c3,1,4C(80%)-4C,1226.0,1250.7298905164478
S071,1,b1c4,1,4C(80%)-4C,1227.0,1462.2542085814835
S071,1,b1c20,1,5.4C(80%)-5.4C,534.0,590.1710465116275
S071,1,b1c21,1,5.4C(80%)-5.4C,559.0,584.193680121777
S071,1,b1c32,1,6C(60%)-3C,731.0,700.3946578177055
S071,1,b1c33,1,6C(60%)-3C,757.0,711.0412600247051
S071,1,b1c44,1,8C(35%)-3.6C,616.0,606.8371640626639
S071,1,b1c45,1,8C(35%)-3.6C,599.0,610.5846288866795
S071,2,b1c6,1,4.8C(80%)-4.8C,636.0,796.3685964214881
S071,2,b1c7,1,4.8C(80%)-4.8C,870.0,805.0229753514151
S071,2,b1c16,1,5.4C(60%)-3.6C,862.0,963.1015166526664
S071,2,b1c17,1,5.4C(60%)-3.6C,857.0,898.3877286129056
S071,2,b1c30,1,6C(50%)-3.6C,709.0,770.8706606582004
S071,2,b1c31,1,6C(50%)-3.6C,876.0,787.7421176765143
S071,2,b1c42,1,8C(25%)-3.6C,702.0,727.6586773171541
S071,2,b1c43,1,8C(25%)-3.6C,651.0,728.7380225616548
S071,3,b1c5,1,4.4C(80%)-4.4C,1074.0,997.3623590838122
S071,3,b1c10,1,5.4C(50%)-3C,906.0,924.6167134062676
S071,3,b1c11,1,5.4C(50%)-3C,788.0,993.5335511033771
S071,3,b1c24,1,6C(40%)-3C,1017.0,866.4717841521389
S071,3,b1c25,1,6C(40%)-3C,854.0,912.5303746728567
S071,3,b1c40,1,8C(15%)-3.6C,966.0,924.8562145984419
S071,3,b1c41,1,8C(15%)-3.6C,1051.0,934.531694251275
S071,4,b1c12,1,5.4C(50%)-3.6C,902.0,967.1231144495474
S071,4,b1c13,1,5.4C(50%)-3.6C,897.0,925.205213648663
S071,4,b1c26,1,6C(40%)-3.6C,870.0,785.9500870597365
S071,4,b1c27,1,6C(40%)-3.6C,842.0,817.7462752736378
S071,4,b1c36,1,7C(40%)-3C,704.0,718.7261199269329
S071,4,b1c37,1,7C(40%)-3C,648.0,720.4848689886762
S071,5,b1c8,1,5.4C(40%)-3.6C,879.0,885.9498625513866
S071,5,b1c9,1,5.4C(40%)-3.6C,1054.0,918.7045422592792
S071,5,b1c22,1,6C(30%)-3.6C,891.0,861.0159766838749
S071,5,b1c23,1,6C(30%)-3.6C,1014.0,905.6030972724025
S071,5,b1c38,1,7C(40%)-3.6C,617.0,605.675667111163
S071,5,b1c39,1,7C(40%)-3.6C,625.0,635.5178925831298
S072,1,b1c3,1,4C(80%)-4C,1226.0,1172.8308030695528
S072,1,b1c4,1,4C(80%)-4C,1227.0,1327.0285451782881
S072,1,b1c20,1,5.4C(80%)-5.4C,534.0,564.1567040853471
S072,1,b1c21,1,5.4C(80%)-5.4C,559.0,556.585730573695
S072,1,b1c32,1,6C(60%)-3C,731.0,702.6199085225861
S072,1,b1c33,1,6C(60%)-3C,757.0,711.9165427284715
S072,1,b1c44,1,8C(35%)-3.6C,616.0,591.9783558794899
S072,1,b1c45,1,8C(35%)-3.6C,599.0,591.6665378087145
S072,2,b1c6,1,4.8C(80%)-4.8C,636.0,795.6614317218571
S072,2,b1c7,1,4.8C(80%)-4.8C,870.0,804.7974146090373
S072,2,b1c16,1,5.4C(60%)-3.6C,862.0,960.5017550213236
S072,2,b1c17,1,5.4C(60%)-3.6C,857.0,896.3524770160433
S072,2,b1c30,1,6C(50%)-3.6C,709.0,771.113647281777
S072,2,b1c31,1,6C(50%)-3.6C,876.0,787.7274828077371
S072,2,b1c42,1,8C(25%)-3.6C,702.0,728.719867902227
S072,2,b1c43,1,8C(25%)-3.6C,651.0,729.7773106196045
S072,3,b1c5,1,4.4C(80%)-4.4C,1074.0,993.0965439584672
S072,3,b1c10,1,5.4C(50%)-3C,906.0,925.7313633794608
S072,3,b1c11,1,5.4C(50%)-3C,788.0,991.8976855874056
S072,3,b1c24,1,6C(40%)-3C,1017.0,867.333292523193
S072,3,b1c25,1,6C(40%)-3C,854.0,911.5929087530716
S072,3,b1c40,1,8C(15%)-3.6C,966.0,923.0409663756072
S072,3,b1c41,1,8C(15%)-3.6C,1051.0,932.467624927164
S072,4,b1c12,1,5.4C(50%)-3.6C,902.0,963.2978422080209
S072,4,b1c13,1,5.4C(50%)-3.6C,897.0,924.3908072010529
S072,4,b1c26,1,6C(40%)-3.6C,870.0,789.0688426818035
S072,4,b1c27,1,6C(40%)-3.6C,842.0,820.5319273694442
S072,4,b1c36,1,7C(40%)-3C,704.0,721.5698420640271
S072,4,b1c37,1,7C(40%)-3C,648.0,723.1855240860883
S072,5,b1c8,1,5.4C(40%)-3.6C,879.0,885.8886278049649
S072,5,b1c9,1,5.4C(40%)-3.6C,1054.0,917.6727743776407
S072,5,b1c22,1,6C(30%)-3.6C,891.0,862.1832631304372
S072,5,b1c23,1,6C(30%)-3.6C,1014.0,904.2344274466284
S072,5,b1c38,1,7C(40%)-3.6C,617.0,607.7650216578895
S072,5,b1c39,1,7C(40%)-3.6C,625.0,637.4691070887774
S073,1,b1c3,1,4C(80%)-4C,1226.0,1097.2124036595185
S073,1,b1c4,1,4C(80%)-4C,1227.0,1208.5132509901375
S073,1,b1c20,1,5.4C(80%)-5.4C,534.0,586.5163024453038
S073,1,b1c21,1,5.4C(80%)-5.4C,559.0,579.1147512512576
S073,1,b1c32,1,6C(60%)-3C,731.0,719.6045362349373
S073,1,b1c33,1,6C(60%)-3C,757.0,727.3870982583816
S073,1,b1c44,1,8C(35%)-3.6C,616.0,615.261006582676
S073,1,b1c45,1,8C(35%)-3.6C,599.0,613.7145520141996
S073,2,b1c6,1,4.8C(80%)-4.8C,636.0,798.9693448328167
S073,2,b1c7,1,4.8C(80%)-4.8C,870.0,807.2088362646501
S073,2,b1c16,1,5.4C(60%)-3.6C,862.0,939.7838325037818
S073,2,b1c17,1,5.4C(60%)-3.6C,857.0,885.2960612353985
S073,2,b1c30,1,6C(50%)-3.6C,709.0,778.0787666770315
S073,2,b1c31,1,6C(50%)-3.6C,876.0,792.4514600031406
S073,2,b1c42,1,8C(25%)-3.6C,702.0,741.3129734937271
S073,2,b1c43,1,8C(25%)-3.6C,651.0,742.2324718758465
S073,3,b1c5,1,4.4C(80%)-4.4C,1074.0,960.2235097454069
S073,3,b1c10,1,5.4C(50%)-3C,906.0,906.4095134034832
S073,3,b1c11,1,5.4C(50%)-3C,788.0,960.8900242765674
S073,3,b1c24,1,6C(40%)-3C,1017.0,856.1750506015728
S073,3,b1c25,1,6C(40%)-3C,854.0,892.9922822097833
S073,3,b1c40,1,8C(15%)-3.6C,966.0,902.2129991837376
S073,3,b1c41,1,8C(15%)-3.6C,1051.0,910.1016997453027
S073,4,b1c12,1,5.4C(50%)-3.6C,902.0,940.6162978296287
S073,4,b1c13,1,5.4C(50%)-3.6C,897.0,909.0914749863084
S073,4,b1c26,1,6C(40%)-3.6C,870.0,793.8645941544792
S073,4,b1c27,1,6C(40%)-3.6C,842.0,821.2407748346262
S073,4,b1c36,1,7C(40%)-3C,704.0,734.0023541565354
S073,4,b1c37,1,7C(40%)-3C,648.0,735.3413705147808
S073,5,b1c8,1,5.4C(40%)-3.6C,879.0,875.7006748603582
S073,5,b1c9,1,5.4C(40%)-3.6C,1054.0,902.5099070383407
S073,5,b1c22,1,6C(30%)-3.6C,891.0,856.0032360720681
S073,5,b1c23,1,6C(30%)-3.6C,1014.0,890.6441864170176
S073,5,b1c38,1,7C(40%)-3.6C,617.0,630.7649929519229
S073,5,b1c39,1,7C(40%)-3.6C,625.0,657.5570109656935
S074,1,b1c3,1,4C(80%)-4C,1226.0,931.8642434957945
S074,1,b1c4,1,4C(80%)-4C,1227.0,969.461131605112
S074,1,b1c20,1,5.4C(80%)-5.4C,534.0,718.8582428214937
S074,1,b1c21,1,5.4C(80%)-5.4C,559.0,715.0423577956587
S074,1,b1c32,1,6C(60%)-3C,731.0,783.1169769280787
S074,1,b1c33,1,6C(60%)-3C,757.0,786.5948078922675
S074,1,b1c44,1,8C(35%)-3.6C,616.0,733.510006183562
S074,1,b1c45,1,8C(35%)-3.6C,599.0,732.665437100935
S074,2,b1c6,1,4.8C(80%)-4.8C,636.0,813.6467710305626
S074,2,b1c7,1,4.8C(80%)-4.8C,870.0,817.1286831536867
S074,2,b1c16,1,5.4C(60%)-3.6C,862.0,870.1357312571622
S074,2,b1c17,1,5.4C(60%)-3.6C,857.0,848.9010578054682
S074,2,b1c30,1,6C(50%)-3.6C,709.0,804.809424041112
S074,2,b1c31,1,6C(50%)-3.6C,876.0,810.9197534423022
S074,2,b1c42,1,8C(25%)-3.6C,702.0,788.8790697981628
S074,2,b1c43,1,8C(25%)-3.6C,651.0,789.2829792727948
S074,3,b1c5,1,4.4C(80%)-4.4C,1074.0,850.7617160220746
S074,3,b1c10,1,5.4C(50%)-3C,906.0,830.558685518311
S074,3,b1c11,1,5.4C(50%)-3C,788.0,851.1170298259065
S074,3,b1c24,1,6C(40%)-3C,1017.0,810.8408081298952
S074,3,b1c25,1,6C(40%)-3C,854.0,825.2700874911632
S074,3,b1c40,1,8C(15%)-3.6C,966.0,828.8120145196847
S074,3,b1c41,1,8C(15%)-3.6C,1051.0,831.8471830354739
S074,4,b1c12,1,5.4C(50%)-3.6C,902.0,864.2047169656541
S074,4,b1c13,1,5.4C(50%)-3.6C,897.0,851.7977112996028
S074,4,b1c26,1,6C(40%)-3.6C,870.0,803.9176174184336
S074,4,b1c27,1,6C(40%)-3.6C,842.0,815.6620581779597
S074,4,b1c36,1,7C(40%)-3C,704.0,777.3532638980298
S074,4,b1c37,1,7C(40%)-3C,648.0,777.9528886044915
S074,5,b1c8,1,5.4C(40%)-3.6C,879.0,835.3418943092067
S074,5,b1c9,1,5.4C(40%)-3.6C,1054.0,846.1515617241014
S074,5,b1c22,1,6C(30%)-3.6C,891.0,827.3078302272265
S074,5,b1c23,1,6C(30%)-3.6C,1014.0,841.3494335020093
S074,5,b1c38,1,7C(40%)-3.6C,617.0,725.9626088080155
S074,5,b1c39,1,7C(40%)-3.6C,625.0,738.9986893097595
S075,1,b1c3,1,4C(80%)-4C,1226.0,1306.4264823461535
S075,1,b1c4,1,4C(80%)-4C,1227.0,1373.4967746648954
S075,1,b1c20,1,5.4C(80%)-5.4C,534.0,547.4408740905012
S075,1,b1c21,1,5.4C(80%)-5.4C,559.0,541.6437826061674
S075,1,b1c32,1,6C(60%)-3C,731.0,692.6550398360165
S075,1,b1c33,1,6C(60%)-3C,757.0,680.1904817466484
S075,1,b1c44,1,8C(35%)-3.6C,616.0,640.3364946908242
S075,1,b1c45,1,8C(35%)-3.6C,599.0,603.364200431197
S075,2,b1c6,1,4.8C(80%)-4.8C,636.0,691.2129066955938
S075,2,b1c7,1,4.8C(80%)-4.8C,870.0,834.3456059392847
S075,2,b1c16,1,5.4C(60%)-3.6C,862.0,970.1223596031712
S075,2,b1c17,1,5.4C(60%)-3.6C,857.0,920.8475063134108
S075,2,b1c30,1,6C(50%)-3.6C,709.0,815.1705963670703
S075,2,b1c31,1,6C(50%)-3.6C,876.0,901.0800618872707
S075,2,b1c42,1,8C(25%)-3.6C,702.0,732.057763005458
S075,2,b1c43,1,8C(25%)-3.6C,651.0,797.150608462832
S075,3,b1c5,1,4.4C(80%)-4.4C,1074.0,1007.7550710919938
S075,3,b1c10,1,5.4C(50%)-3C,906.0,903.4937881089153
S075,3,b1c11,1,5.4C(50%)-3C,788.0,893.3831915312909
S075,3,b1c24,1,6C(40%)-3C,1017.0,852.8269935936287
S075,3,b1c25,1,6C(40%)-3C,854.0,888.9803735718016
S075,3,b1c40,1,8C(15%)-3.6C,966.0,941.4191229818219
S075,3,b1c41,1,8C(15%)-3.6C,1051.0,935.78892731371
S075,4,b1c12,1,5.4C(50%)-3.6C,902.0,903.8884257823727
S075,4,b1c13,1,5.4C(50%)-3.6C,897.0,932.4247736104867
S075,4,b1c26,1,6C(40%)-3.6C,870.0,804.4444945074606
S075,4,b1c27,1,6C(40%)-3.6C,842.0,811.5678776069423
S075,4,b1c36,1,7C(40%)-3C,704.0,808.9160294813389
S075,4,b1c37,1,7C(40%)-3C,648.0,771.0477301457262
S075,5,b1c8,1,5.4C(40%)-3.6C,879.0,916.7866862550078
S075,5,b1c9,1,5.4C(40%)-3.6C,1054.0,877.5594918322699
S075,5,b1c22,1,6C(30%)-3.6C,891.0,883.2687754494727
S075,5,b1c23,1,6C(30%)-3.6C,1014.0,966.5080792325948
S075,5,b1c38,1,7C(40%)-3.6C,617.0,532.2537872561734
S075,5,b1c39,1,7C(40%)-3.6C,625.0,574.5682860704972
S076,1,b1c3,1,4C(80%)-4C,1226.0,1289.7606097714138
S076,1,b1c4,1,4C(80%)-4C,1227.0,1346.216138319514
S076,1,b1c20,1,5.4C(80%)-5.4C,534.0,522.8025365661845
S076,1,b1c21,1,5.4C(80%)-5.4C,559.0,521.1667279127253
S076,1,b1c32,1,6C(60%)-3C,731.0,692.9795734311631
S076,1,b1c33,1,6C(60%)-3C,757.0,678.8163924588748
S076,1,b1c44,1,8C(35%)-3.6C,616.0,631.519555052928
S076,1,b1c45,1,8C(35%)-3.6C,599.0,593.4774882079257
S076,2,b1c6,1,4.8C(80%)-4.8C,636.0,694.983132159928
S076,2,b1c7,1,4.8C(80%)-4.8C,870.0,832.6741849891729
S076,2,b1c16,1,5.4C(60%)-3.6C,862.0,968.0784979861335
S076,2,b1c17,1,5.4C(60%)-3.6C,857.0,918.5951988399394
S076,2,b1c30,1,6C(50%)-3.6C,709.0,811.4085006064264
S076,2,b1c31,1,6C(50%)-3.6C,876.0,896.5910877183607
S076,2,b1c42,1,8C(25%)-3.6C,702.0,733.1826347880665
S076,2,b1c43,1,8C(25%)-3.6C,651.0,794.6188136791294
S076,3,b1c5,1,4.4C(80%)-4.4C,1074.0,1008.2887949891928
S076,3,b1c10,1,5.4C(50%)-3C,906.0,905.3554098399217
S076,3,b1c11,1,5.4C(50%)-3C,788.0,896.6618429877116
S076,3,b1c24,1,6C(40%)-3C,1017.0,854.8972446450582
S076,3,b1c25,1,6C(40%)-3C,854.0,889.7394023590125
S076,3,b1c40,1,8C(15%)-3.6C,966.0,941.0958226435803
S076,3,b1c41,1,8C(15%)-3.6C,1051.0,936.2172186834129
S076,4,b1c12,1,5.4C(50%)-3.6C,902.0,901.9189467889923
S076,4,b1c13,1,5.4C(50%)-3.6C,897.0,931.9633133315094
S076,4,b1c26,1,6C(40%)-3.6C,870.0,804.367549352368
S076,4,b1c27,1,6C(40%)-3.6C,842.0,810.4967068372462
S076,4,b1c36,1,7C(40%)-3C,704.0,811.0720785084156
S076,4,b1c37,1,7C(40%)-3C,648.0,772.5710570908311
S076,5,b1c8,1,5.4C(40%)-3.6C,879.0,916.591816415513
S076,5,b1c9,1,5.4C(40%)-3.6C,1054.0,878.9928884162863
S076,5,b1c22,1,6C(30%)-3.6C,891.0,882.6862225214215
S076,5,b1c23,1,6C(30%)-3.6C,1014.0,965.2582775951203
S076,5,b1c38,1,7C(40%)-3.6C,617.0,535.4400493215749
S076,5,b1c39,1,7C(40%)-3.6C,625.0,577.4830970061277
S077,1,b1c3,1,4C(80%)-4C,1226.0,1247.4934709676631
S077,1,b1c4,1,4C(80%)-4C,1227.0,1280.6300749529917
S077,1,b1c20,1,5.4C(80%)-5.4C,534.0,470.4561199806009
S077,1,b1c21,1,5.4C(80%)-5.4C,559.0,479.028568292104
S077,1,b1c32,1,6C(60%)-3C,731.0,694.6401665048021
S077,1,b1c33,1,6C(60%)-3C,757.0,676.7057906081111
S077,1,b1c44,1,8C(35%)-3.6C,616.0,614.6661466390796
S077,1,b1c45,1,8C(35%)-3.6C,599.0,577.9450234960299
S077,2,b1c6,1,4.8C(80%)-4.8C,636.0,728.6404629580036
S077,2,b1c7,1,4.8C(80%)-4.8C,870.0,829.4119217268938
S077,2,b1c16,1,5.4C(60%)-3.6C,862.0,956.5281192793556
S077,2,b1c17,1,5.4C(60%)-3.6C,857.0,911.0758561477668
S077,2,b1c30,1,6C(50%)-3.6C,709.0,790.9163914918082
S077,2,b1c31,1,6C(50%)-3.6C,876.0,882.5819925562349
S077,2,b1c42,1,8C(25%)-3.6C,702.0,740.3293765925478
S077,2,b1c43,1,8C(25%)-3.6C,651.0,780.8722528154375
S077,3,b1c5,1,4.4C(80%)-4.4C,1074.0,1012.1090563650599
S077,3,b1c10,1,5.4C(50%)-3C,906.0,913.0934388248827
S077,3,b1c11,1,5.4C(50%)-3C,788.0,923.3296847570305
S077,3,b1c24,1,6C(40%)-3C,1017.0,865.517914938796
S077,3,b1c25,1,6C(40%)-3C,854.0,892.9792375919735
S077,3,b1c40,1,8C(15%)-3.6C,966.0,933.9310184659499
S077,3,b1c41,1,8C(15%)-3.6C,1051.0,936.8451773963125
S077,4,b1c12,1,5.4C(50%)-3.6C,902.0,890.3598362229369
S077,4,b1c13,1,5.4C(50%)-3.6C,897.0,927.5872619041945
S077,4,b1c26,1,6C(40%)-3.6C,870.0,801.8404451967854
S077,4,b1c27,1,6C(40%)-3.6C,842.0,801.5548823069921
S077,4,b1c36,1,7C(40%)-3C,704.0,824.3327878540207
S077,4,b1c37,1,7C(40%)-3C,648.0,782.6245898522283
S077,5,b1c8,1,5.4C(40%)-3.6C,879.0,916.4851096701367
S077,5,b1c9,1,5.4C(40%)-3.6C,1054.0,888.5877755216995
S077,5,b1c22,1,6C(30%)-3.6C,891.0,880.4161606740906
S077,5,b1c23,1,6C(30%)-3.6C,1014.0,957.603842845406
S077,5,b1c38,1,7C(40%)-3.6C,617.0,555.487869305643
S077,5,b1c39,1,7C(40%)-3.6C,625.0,595.8883326385709
S078,1,b1c3,1,4C(80%)-4C,1226.0,1161.296023446323
S078,1,b1c4,1,4C(80%)-4C,1227.0,1184.2918374462802
S078,1,b1c20,1,5.4C(80%)-5.4C,534.0,477.65321602341805
S078,1,b1c21,1,5.4C(80%)-5.4C,559.0,493.24495540561475
S078,1,b1c32,1,6C(60%)-3C,731.0,710.0332861868734
S078,1,b1c33,1,6C(60%)-3C,757.0,693.53078153126
S078,1,b1c44,1,8C(35%)-3.6C,616.0,625.7063706121106
S078,1,b1c45,1,8C(35%)-3.6C,599.0,610.6613546603642
S078,2,b1c6,1,4.8C(80%)-4.8C,636.0,801.7604123496862
S078,2,b1c7,1,4.8C(80%)-4.8C,870.0,828.1168225302215
S078,2,b1c16,1,5.4C(60%)-3.6C,862.0,926.1084273204308
S078,2,b1c17,1,5.4C(60%)-3.6C,857.0,896.2294201620092
S078,2,b1c30,1,6C(50%)-3.6C,709.0,760.2852060039984
S078,2,b1c31,1,6C(50%)-3.6C,876.0,863.0386514391985
S078,2,b1c42,1,8C(25%)-3.6C,702.0,764.2669595176587
S078,2,b1c43,1,8C(25%)-3.6C,651.0,765.5099848324471
S078,3,b1c5,1,4.4C(80%)-4.4C,1074.0,1002.9967503932912
S078,3,b1c10,1,5.4C(50%)-3C,906.0,915.6169717919821
S078,3,b1c11,1,5.4C(50%)-3C,788.0,968.7549879782691
S078,3,b1c24,1,6C(40%)-3C,1017.0,878.657097210233
S078,3,b1c25,1,6C(40%)-3C,854.0,891.6034134886766
S078,3,b1c40,1,8C(15%)-3.6C,966.0,906.2470009650139
S078,3,b1c41,1,8C(15%)-3.6C,1051.0,926.9635950299808
S078,4,b1c12,1,5.4C(50%)-3.6C,902.0,879.100901252072
S078,4,b1c13,1,5.4C(50%)-3.6C,897.0,914.1636608515881
S078,4,b1c26,1,6C(40%)-3.6C,870.0,797.4749041178258
S078,4,b1c27,1,6C(40%)-3.6C,842.0,790.1584976188637
S078,4,b1c36,1,7C(40%)-3C,704.0,837.5794305263363
S078,4,b1c37,1,7C(40%)-3C,648.0,798.8102403462351
S078,5,b1c8,1,5.4C(40%)-3.6C,879.0,911.5115011162289
S078,5,b1c9,1,5.4C(40%)-3.6C,1054.0,907.4292043729668
S078,5,b1c22,1,6C(30%)-3.6C,891.0,874.3498218201407
S078,5,b1c23,1,6C(30%)-3.6C,1014.0,930.9145928620505
S078,5,b1c38,1,7C(40%)-3.6C,617.0,618.3610142369129
S078,5,b1c39,1,7C(40%)-3.6C,625.0,652.9101473456953
S079,1,b1c3,1,4C(80%)-4C,1226.0,970.463536562152
S079,1,b1c4,1,4C(80%)-4C,1227.0,988.1590636785961
S079,1,b1c20,1,5.4C(80%)-5.4C,534.0,665.2113891496076
S079,1,b1c21,1,5.4C(80%)-5.4C,559.0,672.1742836721455
S079,1,b1c32,1,6C(60%)-3C,731.0,779.7135687440348
S079,1,b1c33,1,6C(60%)-3C,757.0,774.9195054653622
S079,1,b1c44,1,8C(35%)-3.6C,616.0,728.4473957966483
S079,1,b1c45,1,8C(35%)-3.6C,599.0,732.0188324964298
S079,2,b1c6,1,4.8C(80%)-4.8C,636.0,825.995607971168
S079,2,b1c7,1,4.8C(80%)-4.8C,870.0,832.6195663715026
S079,2,b1c16,1,5.4C(60%)-3.6C,862.0,883.4476037221997
S079,2,b1c17,1,5.4C(60%)-3.6C,857.0,869.5870450743321
S079,2,b1c30,1,6C(50%)-3.6C,709.0,796.0825782481694
S079,2,b1c31,1,6C(50%)-3.6C,876.0,844.9238318701442
S079,2,b1c42,1,8C(25%)-3.6C,702.0,811.8738634573167
S079,2,b1c43,1,8C(25%)-3.6C,651.0,804.349762538982
S079,3,b1c5,1,4.4C(80%)-4.4C,1074.0,903.1585366970014
S079,3,b1c10,1,5.4C(50%)-3C,906.0,868.2109671704567
S079,3,b1c11,1,5.4C(50%)-3C,788.0,893.0872467304151
S079,3,b1c24,1,6C(40%)-3C,1017.0,848.4901698015514
S079,3,b1c25,1,6C(40%)-3C,854.0,852.560056749747
S079,3,b1c40,1,8C(15%)-3.6C,966.0,856.8697547663485
S079,3,b1c41,1,8C(15%)-3.6C,1051.0,869.5737056403058
S079,4,b1c12,1,5.4C(50%)-3.6C,902.0,865.8337237478586
S079,4,b1c13,1,5.4C(50%)-3.6C,897.0,875.8428661959587
S079,4,b1c26,1,6C(40%)-3.6C,870.0,814.1698003081693
S079,4,b1c27,1,6C(40%)-3.6C,842.0,813.703269181661
S079,4,b1c36,1,7C(40%)-3C,704.0,831.7543013943281
S079,4,b1c37,1,7C(40%)-3C,648.0,815.5496870787509
S079,5,b1c8,1,5.4C(40%)-3.6C,879.0,870.5590413532668
S079,5,b1c9,1,5.4C(40%)-3.6C,1054.0,875.840511453786
S079,5,b1c22,1,6C(30%)-3.6C,891.0,851.6834967251548
S079,5,b1c23,1,6C(30%)-3.6C,1014.0,875.0146879974227
S079,5,b1c38,1,7C(40%)-3.6C,617.0,730.3590225868032
S079,5,b1c39,1,7C(40%)-3.6C,625.0,747.8808694049976
S080,1,b1c3,1,4C(80%)-4C,1226.0,1424.70363136886
S080,1,b1c4,1,4C(80%)-4C,1227.0,1528.9644650025264
S080,1,b1c20,1,5.4C(80%)-5.4C,534.0,552.0324151973563
S080,1,b1c21,1,5.4C(80%)-5.4C,559.0,552.7938501279731
S080,1,b1c32,1,6C(60%)-3C,731.0,692.2224343386517
S080,1,b1c33,1,6C(60%)-3C,757.0,681.2250762456582
S080,1,b1c44,1,8C(35%)-3.6C,616.0,632.6332731148849
S080,1,b1c45,1,8C(35%)-3.6C,599.0,601.2569771259599
S080,2,b1c6,1,4.8C(80%)-4.8C,636.0,703.1081966462056
S080,2,b1c7,1,4.8C(80%)-4.8C,870.0,827.3318194297644
S080,2,b1c16,1,5.4C(60%)-3.6C,862.0,976.3382853321572
S080,2,b1c17,1,5.4C(60%)-3.6C,857.0,928.8257508152549
S080,2,b1c30,1,6C(50%)-3.6C,709.0,817.6752156612945
S080,2,b1c31,1,6C(50%)-3.6C,876.0,889.1781244711106
S080,2,b1c42,1,8C(25%)-3.6C,702.0,727.1237552313396
S080,2,b1c43,1,8C(25%)-3.6C,651.0,786.3372275680259
S080,3,b1c5,1,4.4C(80%)-4.4C,1074.0,994.7232824124923
S080,3,b1c10,1,5.4C(50%)-3C,906.0,916.4523308636274
S080,3,b1c11,1,5.4C(50%)-3C,788.0,863.6887496376949
S080,3,b1c24,1,6C(40%)-3C,1017.0,842.8983623763274
S080,3,b1c25,1,6C(40%)-3C,854.0,874.8830654118946
S080,3,b1c40,1,8C(15%)-3.6C,966.0,936.2127904888443
S080,3,b1c41,1,8C(15%)-3.6C,1051.0,920.9398887618222
S080,4,b1c12,1,5.4C(50%)-3.6C,902.0,892.6162596520824
S080,4,b1c13,1,5.4C(50%)-3.6C,897.0,927.055535649095
S080,4,b1c26,1,6C(40%)-3.6C,870.0,800.8146549621397
S080,4,b1c27,1,6C(40%)-3.6C,842.0,814.2398888651209
S080,4,b1c36,1,7C(40%)-3C,704.0,785.0485515402278
S080,4,b1c37,1,7C(40%)-3C,648.0,751.829121468695
S080,5,b1c8,1,5.4C(40%)-3.6C,879.0,905.4063487257717
S080,5,b1c9,1,5.4C(40%)-3.6C,1054.0,863.2324074816605
S080,5,b1c22,1,6C(30%)-3.6C,891.0,872.6408670627488
S080,5,b1c23,1,6C(30%)-3.6C,1014.0,953.3675568567629
S080,5,b1c38,1,7C(40%)-3.6C,617.0,565.2232100251282
S080,5,b1c39,1,7C(40%)-3.6C,625.0,596.8132265753713
S081,1,b1c3,1,4C(80%)-4C,1226.0,1407.2670644220623
S081,1,b1c4,1,4C(80%)-4C,1227.0,1498.5847395896985
S081,1,b1c20,1,5.4C(80%)-5.4C,534.0,542.2581205828025
S081,1,b1c21,1,5.4C(80%)-5.4C,559.0,544.7168334416396
S081,1,b1c32,1,6C(60%)-3C,731.0,692.3993257680775
S081,1,b1c33,1,6C(60%)-3C,757.0,680.5287973347189
S081,1,b1c44,1,8C(35%)-3.6C,616.0,628.7537368917806
S081,1,b1c45,1,8C(35%)-3.6C,599.0,597.2993747363791
S081,2,b1c6,1,4.8C(80%)-4.8C,636.0,702.6551177176981
S081,2,b1c7,1,4.8C(80%)-4.8C,870.0,820.3558553630144
S081,2,b1c16,1,5.4C(60%)-3.6C,862.0,971.2205433988961
S081,2,b1c17,1,5.4C(60%)-3.6C,857.0,920.1966294457117
S081,2,b1c30,1,6C(50%)-3.6C,709.0,810.2663765710025
S081,2,b1c31,1,6C(50%)-3.6C,876.0,872.8695370244329
S081,2,b1c42,1,8C(25%)-3.6C,702.0,728.8100116839638
S081,2,b1c43,1,8C(25%)-3.6C,651.0,781.8221144774539
S081,3,b1c5,1,4.4C(80%)-4.4C,1074.0,995.659663019326
S081,3,b1c10,1,5.4C(50%)-3C,906.0,915.4448753768281
S081,3,b1c11,1,5.4C(50%)-3C,788.0,868.5970784989598
S081,3,b1c24,1,6C(40%)-3C,1017.0,842.8734900240196
S081,3,b1c25,1,6C(40%)-3C,854.0,874.6802514859472
S081,3,b1c40,1,8C(15%)-3.6C,966.0,933.5367667519371
S081,3,b1c41,1,8C(15%)-3.6C,1051.0,920.3350430584283
S081,4,b1c12,1,5.4C(50%)-3.6C,902.0,892.4552370202945
S081,4,b1c13,1,5.4C(50%)-3.6C,897.0,925.1738825242801
S081,4,b1c26,1,6C(40%)-3.6C,870.0,798.5122358381304
S081,4,b1c27,1,6C(40%)-3.6C,842.0,811.3124359100694
S081,4,b1c36,1,7C(40%)-3C,704.0,785.7916908782719
S081,4,b1c37,1,7C(40%)-3C,648.0,752.794386774621
S081,5,b1c8,1,5.4C(40%)-3.6C,879.0,904.0220592839146
S081,5,b1c9,1,5.4C(40%)-3.6C,1054.0,865.6129423447663
S081,5,b1c22,1,6C(30%)-3.6C,891.0,870.4238171047524
S081,5,b1c23,1,6C(30%)-3.6C,1014.0,950.201956343418
S081,5,b1c38,1,7C(40%)-3.6C,617.0,569.7041088210037
S081,5,b1c39,1,7C(40%)-3.6C,625.0,601.0898947718354
S082,1,b1c3,1,4C(80%)-4C,1226.0,1359.1581237576784
S082,1,b1c4,1,4C(80%)-4C,1227.0,1420.9567962343028
S082,1,b1c20,1,5.4C(80%)-5.4C,534.0,521.0217639081152
S082,1,b1c21,1,5.4C(80%)-5.4C,559.0,528.0211358685065
S082,1,b1c32,1,6C(60%)-3C,731.0,693.4610008741315
S082,1,b1c33,1,6C(60%)-3C,757.0,679.367094238286
S082,1,b1c44,1,8C(35%)-3.6C,616.0,621.9314535818272
S082,1,b1c45,1,8C(35%)-3.6C,599.0,593.0066460451236
S082,2,b1c6,1,4.8C(80%)-4.8C,636.0,720.5209194188793
S082,2,b1c7,1,4.8C(80%)-4.8C,870.0,804.1586941829322
S082,2,b1c16,1,5.4C(60%)-3.6C,862.0,950.6617373300671
S082,2,b1c17,1,5.4C(60%)-3.6C,857.0,896.7855497642099
S082,2,b1c30,1,6C(50%)-3.6C,709.0,781.9327280077586
S082,2,b1c31,1,6C(50%)-3.6C,876.0,832.4759296110846
S082,2,b1c42,1,8C(25%)-3.6C,702.0,736.5348411189099
S082,2,b1c43,1,8C(25%)-3.6C,651.0,764.7617150204541
S082,3,b1c5,1,4.4C(80%)-4.4C,1074.0,1001.0981690402139
S082,3,b1c10,1,5.4C(50%)-3C,906.0,913.3379582933749
S082,3,b1c11,1,5.4C(50%)-3C,788.0,901.8241575620202
S082,3,b1c24,1,6C(40%)-3C,1017.0,846.803703036764
S082,3,b1c25,1,6C(40%)-3C,854.0,875.1484177098146
S082,3,b1c40,1,8C(15%)-3.6C,966.0,918.5232625997955
S082,3,b1c41,1,8C(15%)-3.6C,1051.0,917.9531187087442
S082,4,b1c12,1,5.4C(50%)-3.6C,902.0,885.4089360659541
S082,4,b1c13,1,5.4C(50%)-3.6C,897.0,915.5556104858088
S082,4,b1c26,1,6C(40%)-3.6C,870.0,788.8047803244164
S082,4,b1c27,1,6C(40%)-3.6C,842.0,796.182636051093
S082,4,b1c36,1,7C(40%)-3C,704.0,795.0093232885548
S082,4,b1c37,1,7C(40%)-3C,648.0,761.115902079218
S082,5,b1c8,1,5.4C(40%)-3.6C,879.0,900.0868194278722
S082,5,b1c9,1,5.4C(40%)-3.6C,1054.0,877.9266379297483
S082,5,b1c22,1,6C(30%)-3.6C,891.0,863.0038330520705
S082,5,b1c23,1,6C(30%)-3.6C,1014.0,936.5715902239556
S082,5,b1c38,1,7C(40%)-3.6C,617.0,590.7404143739333
S082,5,b1c39,1,7C(40%)-3.6C,625.0,621.1579754927913
S083,1,b1c3,1,4C(80%)-4C,1226.0,1231.2199951669475
S083,1,b1c4,1,4C(80%)-4C,1227.0,1271.152108960683
S083,1,b1c20,1,5.4C(80%)-5.4C,534.0,527.449116542063
S083,1,b1c21,1,5.4C(80%)-5.4C,559.0,538.9549079186712
S083,1,b1c32,1,6C(60%)-3C,731.0,705.8120337521452
S083,1,b1c33,1,6C(60%)-3C,757.0,692.1028058829336
S083,1,b1c44,1,8C(35%)-3.6C,616.0,633.1408174813859
S083,1,b1c45,1,8C(35%)-3.6C,599.0,621.2679009169025
S083,2,b1c6,1,4.8C(80%)-4.8C,636.0,775.9079778273972
S083,2,b1c7,1,4.8C(80%)-4.8C,870.0,798.4992371575262
S083,2,b1c16,1,5.4C(60%)-3.6C,862.0,910.4073611171979
S083,2,b1c17,1,5.4C(60%)-3.6C,857.0,873.674333317833
S083,2,b1c30,1,6C(50%)-3.6C,709.0,748.8364019690813
S083,2,b1c31,1,6C(50%)-3.6C,876.0,813.0433557421293
S083,2,b1c42,1,8C(25%)-3.6C,702.0,756.4164950557331
S083,2,b1c43,1,8C(25%)-3.6C,651.0,751.2789003065963
S083,3,b1c5,1,4.4C(80%)-4.4C,1074.0,990.8149453184056
S083,3,b1c10,1,5.4C(50%)-3C,906.0,908.7795365141458
S083,3,b1c11,1,5.4C(50%)-3C,788.0,954.7031637075089
S083,3,b1c24,1,6C(40%)-3C,1017.0,859.7836104884132
S083,3,b1c25,1,6C(40%)-3C,854.0,875.0658015158604
S083,3,b1c40,1,8C(15%)-3.6C,966.0,889.1187866500911
S083,3,b1c41,1,8C(15%)-3.6C,1051.0,909.48747950722
S083,4,b1c12,1,5.4C(50%)-3.6C,902.0,869.4013017567071
S083,4,b1c13,1,5.4C(50%)-3.6C,897.0,896.5608293819081
S083,4,b1c26,1,6C(40%)-3.6C,870.0,780.2492824731578
S083,4,b1c27,1,6C(40%)-3.6C,842.0,778.9980351563102
S083,4,b1c36,1,7C(40%)-3C,704.0,811.4047303007131
S083,4,b1c37,1,7C(40%)-3C,648.0,778.6393461009176
S083,5,b1c8,1,5.4C(40%)-3.6C,879.0,893.4536036558007
S083,5,b1c9,1,5.4C(40%)-3.6C,1054.0,895.5391111482285
S083,5,b1c22,1,6C(30%)-3.6C,891.0,855.4543726273442
S083,5,b1c23,1,6C(30%)-3.6C,1014.0,909.0414880983271
S083,5,b1c38,1,7C(40%)-3.6C,617.0,636.7253551271164
S083,5,b1c39,1,7C(40%)-3.6C,625.0,664.077679300088
S084,1,b1c3,1,4C(80%)-4C,1226.0,973.914888057374
S084,1,b1c4,1,4C(80%)-4C,1227.0,996.1859821295172
S084,1,b1c20,1,5.4C(80%)-5.4C,534.0,665.9618029220971
S084,1,b1c21,1,5.4C(80%)-5.4C,559.0,672.2006079180107
S084,1,b1c32,1,6C(60%)-3C,731.0,768.6510358597591
S084,1,b1c33,1,6C(60%)-3C,757.0,764.1490665760896
S084,1,b1c44,1,8C(35%)-3.6C,616.0,720.567239745379
S084,1,b1c45,1,8C(35%)-3.6C,599.0,723.8514184454926
S084,2,b1c6,1,4.8C(80%)-4.8C,636.0,800.509380003806
S084,2,b1c7,1,4.8C(80%)-4.8C,870.0,807.8149905293093
S084,2,b1c16,1,5.4C(60%)-3.6C,862.0,862.7033560678626
S084,2,b1c17,1,5.4C(60%)-3.6C,857.0,847.0955085766232
S084,2,b1c30,1,6C(50%)-3.6C,709.0,777.1840394216224
S084,2,b1c31,1,6C(50%)-3.6C,876.0,814.5250342770502
S084,2,b1c42,1,8C(25%)-3.6C,702.0,794.3213926815614
S084,2,b1c43,1,8C(25%)-3.6C,651.0,785.2389403737328
S084,3,b1c5,1,4.4C(80%)-4.4C,1074.0,882.3679241075222
S084,3,b1c10,1,5.4C(50%)-3C,906.0,851.9618145299531
S084,3,b1c11,1,5.4C(50%)-3C,788.0,872.9824627414114
S084,3,b1c24,1,6C(40%)-3C,1017.0,829.6210685814848
S084,3,b1c25,1,6C(40%)-3C,854.0,834.2363807132255
S084,3,b1c40,1,8C(15%)-3.6C,966.0,838.3266614411702
S084,3,b1c41,1,8C(15%)-3.6C,1051.0,850.4966038616944
S084,4,b1c12,1,5.4C(50%)-3.6C,902.0,847.4283342005051
S084,4,b1c13,1,5.4C(50%)-3.6C,897.0,854.8604243964564
S084,4,b1c26,1,6C(40%)-3.6C,870.0,794.0780971925451
S084,4,b1c27,1,6C(40%)-3.6C,842.0,795.3800238498901
S084,4,b1c36,1,7C(40%)-3C,704.0,810.0108837243444
S084,4,b1c37,1,7C(40%)-3C,648.0,795.4573030782939
S084,5,b1c8,1,5.4C(40%)-3.6C,879.0,851.6712629846397
S084,5,b1c9,1,5.4C(40%)-3.6C,1054.0,858.6095660415194
S084,5,b1c22,1,6C(30%)-3.6C,891.0,832.968286983365
S084,5,b1c23,1,6C(30%)-3.6C,1014.0,855.0722013064026
S084,5,b1c38,1,7C(40%)-3.6C,617.0,721.6210517370525
S084,5,b1c39,1,7C(40%)-3.6C,625.0,737.1141475239243
S085,1,b1c3,1,4C(80%)-4C,1226.0,1414.278505981617
S085,1,b1c4,1,4C(80%)-4C,1227.0,1442.1280462690142
S085,1,b1c20,1,5.4C(80%)-5.4C,534.0,475.56266327575037
S085,1,b1c21,1,5.4C(80%)-5.4C,559.0,578.2036541066523
S085,1,b1c32,1,6C(60%)-3C,731.0,651.9961463901129
S085,1,b1c33,1,6C(60%)-3C,757.0,622.4127201466076
S085,1,b1c44,1,8C(35%)-3.6C,616.0,599.8820384722599
S085,1,b1c45,1,8C(35%)-3.6C,599.0,581.3334615452052
S085,2,b1c6,1,4.8C(80%)-4.8C,636.0,773.2133042890209
S085,2,b1c7,1,4.8C(80%)-4.8C,870.0,899.9641883049372
S085,2,b1c16,1,5.4C(60%)-3.6C,862.0,906.9885707814929
S085,2,b1c17,1,5.4C(60%)-3.6C,857.0,884.9971119944541
S085,2,b1c30,1,6C(50%)-3.6C,709.0,796.6204671228176
S085,2,b1c31,1,6C(50%)-3.6C,876.0,817.556678103887
S085,2,b1c42,1,8C(25%)-3.6C,702.0,754.31940769406
S085,2,b1c43,1,8C(25%)-3.6C,651.0,793.6860470810947
S085,3,b1c5,1,4.4C(80%)-4.4C,1074.0,1021.4444689802963
S085,3,b1c10,1,5.4C(50%)-3C,906.0,915.1218031882962
S085,3,b1c11,1,5.4C(50%)-3C,788.0,852.38267133347
S085,3,b1c24,1,6C(40%)-3C,1017.0,858.1539626691448
S085,3,b1c25,1,6C(40%)-3C,854.0,884.708162206427
S085,3,b1c40,1,8C(15%)-3.6C,966.0,949.8297968199086
S085,3,b1c41,1,8C(15%)-3.6C,1051.0,934.568606368072
S085,4,b1c12,1,5.4C(50%)-3.6C,902.0,895.2527500302073
S085,4,b1c13,1,5.4C(50%)-3.6C,897.0,923.1092144199836
S085,4,b1c26,1,6C(40%)-3.6C,870.0,816.142958421169
S085,4,b1c27,1,6C(40%)-3.6C,842.0,823.9284561640023
S085,4,b1c36,1,7C(40%)-3C,704.0,791.8912681937227
S085,4,b1c37,1,7C(40%)-3C,648.0,757.088250040996
S085,5,b1c8,1,5.4C(40%)-3.6C,879.0,931.5392846061729
S085,5,b1c9,1,5.4C(40%)-3.6C,1054.0,885.924283997179
S085,5,b1c22,1,6C(30%)-3.6C,891.0,896.8235383111858
S085,5,b1c23,1,6C(30%)-3.6C,1014.0,962.4134312532323
S085,5,b1c38,1,7C(40%)-3.6C,617.0,552.6213493765197
S085,5,b1c39,1,7C(40%)-3.6C,625.0,584.7207882896973
S086,1,b1c3,1,4C(80%)-4C,1226.0,1395.174358876578
S086,1,b1c4,1,4C(80%)-4C,1227.0,1412.7304660208927
S086,1,b1c20,1,5.4C(80%)-5.4C,534.0,451.93267197145053
S086,1,b1c21,1,5.4C(80%)-5.4C,559.0,556.8380707726129
S086,1,b1c32,1,6C(60%)-3C,731.0,652.9597168854415
S086,1,b1c33,1,6C(60%)-3C,757.0,622.0180544184752
S086,1,b1c44,1,8C(35%)-3.6C,616.0,591.0218586293853
S086,1,b1c45,1,8C(35%)-3.6C,599.0,570.8611827980202
S086,2,b1c6,1,4.8C(80%)-4.8C,636.0,772.8951872824774
S086,2,b1c7,1,4.8C(80%)-4.8C,870.0,895.7250442852512
S086,2,b1c16,1,5.4C(60%)-3.6C,862.0,905.2843080655637
S086,2,b1c17,1,5.4C(60%)-3.6C,857.0,881.3236195463668
S086,2,b1c30,1,6C(50%)-3.6C,709.0,792.6757724608005
S086,2,b1c31,1,6C(50%)-3.6C,876.0,810.5580187441174
S086,2,b1c42,1,8C(25%)-3.6C,702.0,755.0763387467326
S086,2,b1c43,1,8C(25%)-3.6C,651.0,790.9602236671659
S086,3,b1c5,1,4.4C(80%)-4.4C,1074.0,1022.475161628836
S086,3,b1c10,1,5.4C(50%)-3C,906.0,916.109742493323
S086,3,b1c11,1,5.4C(50%)-3C,788.0,854.3407442242742
S086,3,b1c24,1,6C(40%)-3C,1017.0,859.0051724857436
S086,3,b1c25,1,6C(40%)-3C,854.0,884.4575884327314
S086,3,b1c40,1,8C(15%)-3.6C,966.0,948.7301214566946
S086,3,b1c41,1,8C(15%)-3.6C,1051.0,934.1846550818412
S086,4,b1c12,1,5.4C(50%)-3.6C,902.0,894.3706597227097
S086,4,b1c13,1,5.4C(50%)-3.6C,897.0,922.7282812988632
S086,4,b1c26,1,6C(40%)-3.6C,870.0,815.8831270215122
S086,4,b1c27,1,6C(40%)-3.6C,842.0,823.0834022466491
S086,4,b1c36,1,7C(40%)-3C,704.0,792.7494405217354
S086,4,b1c37,1,7C(40%)-3C,648.0,757.7133230327044
S086,5,b1c8,1,5.4C(40%)-3.6C,879.0,931.1096897742025
S086,5,b1c9,1,5.4C(40%)-3.6C,1054.0,887.6194082012277
S086,5,b1c22,1,6C(30%)-3.6C,891.0,895.9047901341094
S086,5,b1c23,1,6C(30%)-3.6C,1014.0,960.9079297721001
S086,5,b1c38,1,7C(40%)-3.6C,617.0,556.5638059970754
S086,5,b1c39,1,7C(40%)-3.6C,625.0,588.2696829446829
S087,1,b1c3,1,4C(80%)-4C,1226.0,1338.8836834984993
S087,1,b1c4,1,4C(80%)-4C,1227.0,1338.6782163233938
S087,1,b1c20,1,5.4C(80%)-5.4C,534.0,414.0446183581171
S087,1,b1c21,1,5.4C(80%)-5.4C,559.0,513.0949439189843
S087,1,b1c32,1,6C(60%)-3C,731.0,659.2336367951324
S087,1,b1c33,1,6C(60%)-3C,757.0,627.5983402660894
S087,1,b1c44,1,8C(35%)-3.6C,616.0,576.3760248228134
S087,1,b1c45,1,8C(35%)-3.6C,599.0,553.9157348333554
S087,2,b1c6,1,4.8C(80%)-4.8C,636.0,789.8065761056102
S087,2,b1c7,1,4.8C(80%)-4.8C,870.0,889.1485534760402
S087,2,b1c16,1,5.4C(60%)-3.6C,862.0,905.6005518439372
S087,2,b1c17,1,5.4C(60%)-3.6C,857.0,878.5003888775568
S087,2,b1c30,1,6C(50%)-3.6C,709.0,780.256827436762
S087,2,b1c31,1,6C(50%)-3.6C,876.0,798.1398962848504
S087,2,b1c42,1,8C(25%)-3.6C,702.0,757.3696975008169
S087,2,b1c43,1,8C(25%)-3.6C,651.0,777.751965508474
S087,3,b1c5,1,4.4C(80%)-4.4C,1074.0,1028.4369541218557
S087,3,b1c10,1,5.4C(50%)-3C,906.0,919.8846449067681
S087,3,b1c11,1,5.4C(50%)-3C,788.0,875.465792727093
S087,3,b1c24,1,6C(40%)-3C,1017.0,863.6399653088931
S087,3,b1c25,1,6C(40%)-3C,854.0,882.8748040129016
S087,3,b1c40,1,8C(15%)-3.6C,966.0,938.1234294944811
S087,3,b1c41,1,8C(15%)-3.6C,1051.0,931.0225464876453
S087,4,b1c12,1,5.4C(50%)-3.6C,902.0,889.547659579932
S087,4,b1c13,1,5.4C(50%)-3.6C,897.0,920.349897762131
S087,4,b1c26,1,6C(40%)-3.6C,870.0,813.3106775432191
S087,4,b1c27,1,6C(40%)-3.6C,842.0,816.5898882052229
S087,4,b1c36,1,7C(40%)-3C,704.0,798.2754284453384
S087,4,b1c37,1,7C(40%)-3C,648.0,761.9984588229291
S087,5,b1c8,1,5.4C(40%)-3.6C,879.0,930.5812128934914
S087,5,b1c9,1,5.4C(40%)-3.6C,1054.0,897.801389797623
S087,5,b1c22,1,6C(30%)-3.6C,891.0,892.8052685021013
S087,5,b1c23,1,6C(30%)-3.6C,1014.0,952.7912892841572
S087,5,b1c38,1,7C(40%)-3.6C,617.0,577.5384700495667
S087,5,b1c39,1,7C(40%)-3.6C,625.0,607.1918543294266
S088,1,b1c3,1,4C(80%)-4C,1226.0,1211.7045465937413
S088,1,b1c4,1,4C(80%)-4C,1227.0,1221.5051803253723
S088,1,b1c20,1,5.4C(80%)-5.4C,534.0,468.7021754247532
S088,1,b1c21,1,5.4C(80%)-5.4C,559.0,519.3223861622301
S088,1,b1c32,1,6C(60%)-3C,731.0,689.0942682507684
S088,1,b1c33,1,6C(60%)-3C,757.0,668.5830656664277
S088,1,b1c44,1,8C(35%)-3.6C,616.0,597.4892264467953
S088,1,b1c45,1,8C(35%)-3.6C,599.0,586.1515985017486
S088,2,b1c6,1,4.8C(80%)-4.8C,636.0,841.6819265355742
S088,2,b1c7,1,4.8C(80%)-4.8C,870.0,882.8383199723669
S088,2,b1c16,1,5.4C(60%)-3.6C,862.0,920.1045191401283
S088,2,b1c17,1,5.4C(60%)-3.6C,857.0,895.0043182506412
S088,2,b1c30,1,6C(50%)-3.6C,709.0,769.0981496093735
S088,2,b1c31,1,6C(50%)-3.6C,876.0,820.0040383715376
S088,2,b1c42,1,8C(25%)-3.6C,702.0,762.1177602545522
S088,2,b1c43,1,8C(25%)-3.6C,651.0,756.7099073997681
S088,3,b1c5,1,4.4C(80%)-4.4C,1074.0,1024.1600416089427
S088,3,b1c10,1,5.4C(50%)-3C,906.0,916.619425085436
S088,3,b1c11,1,5.4C(50%)-3C,788.0,927.1878148237865
S088,3,b1c24,1,6C(40%)-3C,1017.0,866.4537800095432
S088,3,b1c25,1,6C(40%)-3C,854.0,874.8280442982216
S088,3,b1c40,1,8C(15%)-3.6C,966.0,903.1627505522646
S088,3,b1c41,1,8C(15%)-3.6C,1051.0,915.3951350244828
S088,4,b1c12,1,5.4C(50%)-3.6C,902.0,889.1788225626015
S088,4,b1c13,1,5.4C(50%)-3.6C,897.0,914.9605074717055
S088,4,b1c26,1,6C(40%)-3.6C,870.0,806.5259786354786
S088,4,b1c27,1,6C(40%)-3.6C,842.0,804.8252160386145
S088,4,b1c36,1,7C(40%)-3C,704.0,802.8634863907348
S088,4,b1c37,1,7C(40%)-3C,648.0,769.9382781175191
S088,5,b1c8,1,5.4C(40%)-3.6C,879.0,923.1481747545073
S088,5,b1c9,1,5.4C(40%)-3.6C,1054.0,915.641924369394
S088,5,b1c22,1,6C(30%)-3.6C,891.0,883.1445613864456
S088,5,b1c23,1,6C(30%)-3.6C,1014.0,928.7357377384864
S088,5,b1c38,1,7C(40%)-3.6C,617.0,625.9261469290145
S088,5,b1c39,1,7C(40%)-3.6C,625.0,653.3849391082654
S089,1,b1c3,1,4C(80%)-4C,1226.0,994.5365709555751
S089,1,b1c4,1,4C(80%)-4C,1227.0,1010.4421187131786
S089,1,b1c20,1,5.4C(80%)-5.4C,534.0,666.1235501629617
S089,1,b1c21,1,5.4C(80%)-5.4C,559.0,676.4980694504819
S089,1,b1c32,1,6C(60%)-3C,731.0,768.9561242989079
S089,1,b1c33,1,6C(60%)-3C,757.0,763.9927248394296
S089,1,b1c44,1,8C(35%)-3.6C,616.0,709.9511797331569
S089,1,b1c45,1,8C(35%)-3.6C,599.0,713.4042131934344
S089,2,b1c6,1,4.8C(80%)-4.8C,636.0,852.0488275962109
S089,2,b1c7,1,4.8C(80%)-4.8C,870.0,861.3991254036732
S089,2,b1c16,1,5.4C(60%)-3.6C,862.0,890.6589604846353
S089,2,b1c17,1,5.4C(60%)-3.6C,857.0,877.1244938976121
S089,2,b1c30,1,6C(50%)-3.6C,709.0,798.6700711361407
S089,2,b1c31,1,6C(50%)-3.6C,876.0,839.4208850804021
S089,2,b1c42,1,8C(25%)-3.6C,702.0,800.1649790255664
S089,2,b1c43,1,8C(25%)-3.6C,651.0,791.9490833011855
S089,3,b1c5,1,4.4C(80%)-4.4C,1074.0,925.6676455224173
S089,3,b1c10,1,5.4C(50%)-3C,906.0,866.8231478922589
S089,3,b1c11,1,5.4C(50%)-3C,788.0,883.8120445755732
S089,3,b1c24,1,6C(40%)-3C,1017.0,838.3044903064056
S089,3,b1c25,1,6C(40%)-3C,854.0,841.6457740144627
S089,3,b1c40,1,8C(15%)-3.6C,966.0,851.8601175210654
S089,3,b1c41,1,8C(15%)-3.6C,1051.0,862.7132370378862
S089,4,b1c12,1,5.4C(50%)-3.6C,902.0,872.1566345085362
S089,4,b1c13,1,5.4C(50%)-3.6C,897.0,880.182734615169
S089,4,b1c26,1,6C(40%)-3.6C,870.0,816.0709071169117
S089,4,b1c27,1,6C(40%)-3.6C,842.0,816.7063990362853
S089,4,b1c36,1,7C(40%)-3C,704.0,810.376589779195
S089,4,b1c37,1,7C(40%)-3C,648.0,795.3436491404449
S089,5,b1c8,1,5.4C(40%)-3.6C,879.0,878.0204765696141
S089,5,b1c9,1,5.4C(40%)-3.6C,1054.0,882.7895440167189
S089,5,b1c22,1,6C(30%)-3.6C,891.0,856.0726594435959
S089,5,b1c23,1,6C(30%)-3.6C,1014.0,877.5609833395611
S089,5,b1c38,1,7C(40%)-3.6C,617.0,722.4502066103162
S089,5,b1c39,1,7C(40%)-3.6C,625.0,738.5903291439062
S090,1,b1c3,1,4C(80%)-4C,1226.0,1603.4394377776882
S090,1,b1c4,1,4C(80%)-4C,1227.0,1649.379491487641
S090,1,b1c20,1,5.4C(80%)-5.4C,534.0,511.5421277399549
S090,1,b1c21,1,5.4C(80%)-5.4C,559.0,575.8597560566894
S090,1,b1c32,1,6C(60%)-3C,731.0,662.33173025603
S090,1,b1c33,1,6C(60%)-3C,757.0,639.8480232566843
S090,1,b1c44,1,8C(35%)-3.6C,616.0,605.8638080722934
S090,1,b1c45,1,8C(35%)-3.6C,599.0,587.371956046984
S090,2,b1c6,1,4.8C(80%)-4.8C,636.0,763.1401635461368
S090,2,b1c7,1,4.8C(80%)-4.8C,870.0,882.9298349160294
S090,2,b1c16,1,5.4C(60%)-3.6C,862.0,917.3769819862831
S090,2,b1c17,1,5.4C(60%)-3.6C,857.0,896.9279850919459
S090,2,b1c30,1,6C(50%)-3.6C,709.0,802.3943669255801
S090,2,b1c31,1,6C(50%)-3.6C,876.0,818.2652716698193
S090,2,b1c42,1,8C(25%)-3.6C,702.0,743.449503605654
S090,2,b1c43,1,8C(25%)-3.6C,651.0,783.464991773043
S090,3,b1c5,1,4.4C(80%)-4.4C,1074.0,1007.2251560348848
S090,3,b1c10,1,5.4C(50%)-3C,906.0,928.7768400543335
S090,3,b1c11,1,5.4C(50%)-3C,788.0,833.7338863212534
S090,3,b1c24,1,6C(40%)-3C,1017.0,850.6984867448584
S090,3,b1c25,1,6C(40%)-3C,854.0,875.0385412868917
S090,3,b1c40,1,8C(15%)-3.6C,966.0,946.2385528007048
S090,3,b1c41,1,8C(15%)-3.6C,1051.0,922.6186801762769
S090,4,b1c12,1,5.4C(50%)-3.6C,902.0,885.0555728883838
S090,4,b1c13,1,5.4C(50%)-3.6C,897.0,919.1622850813006
S090,4,b1c26,1,6C(40%)-3.6C,870.0,808.873698074294
S090,4,b1c27,1,6C(40%)-3.6C,842.0,822.5198402801957
S090,4,b1c36,1,7C(40%)-3C,704.0,774.4556270201746
S090,4,b1c37,1,7C(40%)-3C,648.0,743.4725927292657
S090,5,b1c8,1,5.4C(40%)-3.6C,879.0,916.6553250126989
S090,5,b1c9,1,5.4C(40%)-3.6C,1054.0,868.9481470558464
S090,5,b1c22,1,6C(30%)-3.6C,891.0,882.6481259226346
S090,5,b1c23,1,6C(30%)-3.6C,1014.0,948.9173501053358
S090,5,b1c38,1,7C(40%)-3.6C,617.0,575.2510882406366
S090,5,b1c39,1,7C(40%)-3.6C,625.0,602.0708247934115
S091,1,b1c3,1,4C(80%)-4C,1226.0,1579.9447627998736
S091,1,b1c4,1,4C(80%)-4C,1227.0,1613.016215339926
S091,1,b1c20,1,5.4C(80%)-5.4C,534.0,502.87877238124076
S091,1,b1c21,1,5.4C(80%)-5.4C,559.0,566.8678727770854
S091,1,b1c32,1,6C(60%)-3C,731.0,662.8884646829299
S091,1,b1c33,1,6C(60%)-3C,757.0,639.772204886776
S091,1,b1c44,1,8C(35%)-3.6C,616.0,602.0478328412413
S091,1,b1c45,1,8C(35%)-3.6C,599.0,583.0936161411535
S091,2,b1c6,1,4.8C(80%)-4.8C,636.0,757.8754787100066
S091,2,b1c7,1,4.8C(80%)-4.8C,870.0,870.9730506178493
S091,2,b1c16,1,5.4C(60%)-3.6C,862.0,911.3780217110553
S091,2,b1c17,1,5.4C(60%)-3.6C,857.0,885.5865753148657
S091,2,b1c30,1,6C(50%)-3.6C,709.0,793.9964328439559
S091,2,b1c31,1,6C(50%)-3.6C,876.0,800.9541147190133
S091,2,b1c42,1,8C(25%)-3.6C,702.0,744.9808047083029
S091,2,b1c43,1,8C(25%)-3.6C,651.0,779.1062636486399
S091,3,b1c5,1,4.4C(80%)-4.4C,1074.0,1007.6393214696442
S091,3,b1c10,1,5.4C(50%)-3C,906.0,926.4992273266397
S091,3,b1c11,1,5.4C(50%)-3C,788.0,841.0865262778082
S091,3,b1c24,1,6C(40%)-3C,1017.0,850.3305071033127
S091,3,b1c25,1,6C(40%)-3C,854.0,875.1674619989449
S091,3,b1c40,1,8C(15%)-3.6C,966.0,942.9411530660659
S091,3,b1c41,1,8C(15%)-3.6C,1051.0,922.250962361683
S091,4,b1c12,1,5.4C(50%)-3.6C,902.0,885.6016498475324
S091,4,b1c13,1,5.4C(50%)-3.6C,897.0,917.576473206615
S091,4,b1c26,1,6C(40%)-3.6C,870.0,806.1772894926133
S091,4,b1c27,1,6C(40%)-3.6C,842.0,819.1635631578516
S091,4,b1c36,1,7C(40%)-3C,704.0,775.3226844080663
S091,4,b1c37,1,7C(40%)-3C,648.0,744.6035564471836
S091,5,b1c8,1,5.4C(40%)-3.6C,879.0,914.9841977996898
S091,5,b1c9,1,5.4C(40%)-3.6C,1054.0,871.6037374313094
S091,5,b1c22,1,6C(30%)-3.6C,891.0,880.1471621576961
S091,5,b1c23,1,6C(30%)-3.6C,1014.0,945.8356059955365
S091,5,b1c38,1,7C(40%)-3.6C,617.0,580.1400879475365
S091,5,b1c39,1,7C(40%)-3.6C,625.0,606.6934872821159
S092,1,b1c3,1,4C(80%)-4C,1226.0,1504.8010015734737
S092,1,b1c4,1,4C(80%)-4C,1227.0,1516.375155422689
S092,1,b1c20,1,5.4C(80%)-5.4C,534.0,490.0891164303408
S092,1,b1c21,1,5.4C(80%)-5.4C,559.0,548.5325272967078
S092,1,b1c32,1,6C(60%)-3C,731.0,666.8134647975365
S092,1,b1c33,1,6C(60%)-3C,757.0,643.4554729326678
S092,1,b1c44,1,8C(35%)-3.6C,616.0,596.505463589202
S092,1,b1c45,1,8C(35%)-3.6C,599.0,577.739785345388
S092,2,b1c6,1,4.8C(80%)-4.8C,636.0,763.7828478429878
S092,2,b1c7,1,4.8C(80%)-4.8C,870.0,849.8238128839821
S092,2,b1c16,1,5.4C(60%)-3.6C,862.0,898.2035279624282
S092,2,b1c17,1,5.4C(60%)-3.6C,857.0,863.6395043590943
S092,2,b1c30,1,6C(50%)-3.6C,709.0,770.9296119250906
S092,2,b1c31,1,6C(50%)-3.6C,876.0,764.0920612687329
S092,2,b1c42,1,8C(25%)-3.6C,702.0,749.8437581279799
S092,2,b1c43,1,8C(25%)-3.6C,651.0,763.4866170372092
S092,3,b1c5,1,4.4C(80%)-4.4C,1074.0,1013.2576469441315
S092,3,b1c10,1,5.4C(50%)-3C,906.0,920.7837903443005
S092,3,b1c11,1,5.4C(50%)-3C,788.0,875.2505212663416
S092,3,b1c24,1,6C(40%)-3C,1017.0,851.6624969823581
S092,3,b1c25,1,6C(40%)-3C,854.0,874.3761823798809
S092,3,b1c40,1,8C(15%)-3.6C,966.0,926.0687229367354
S092,3,b1c41,1,8C(15%)-3.6C,1051.0,919.0909883229758
S092,4,b1c12,1,5.4C(50%)-3.6C,902.0,882.9627514138905
S092,4,b1c13,1,5.4C(50%)-3.6C,897.0,910.0414431938976
S092,4,b1c26,1,6C(40%)-3.6C,870.0,796.6105612961454
S092,4,b1c27,1,6C(40%)-3.6C,842.0,805.0964264113903
S092,4,b1c36,1,7C(40%)-3C,704.0,781.2210288509979
S092,4,b1c37,1,7C(40%)-3C,648.0,750.5344099608151
S092,5,b1c8,1,5.4C(40%)-3.6C,879.0,911.327748559312
S092,5,b1c9,1,5.4C(40%)-3.6C,1054.0,885.013104026786
S092,5,b1c22,1,6C(30%)-3.6C,891.0,872.8929674305069
S092,5,b1c23,1,6C(30%)-3.6C,1014.0,932.8879422026793
S092,5,b1c38,1,7C(40%)-3.6C,617.0,602.2838045227412
S092,5,b1c39,1,7C(40%)-3.6C,625.0,627.2289680129844
S093,1,b1c3,1,4C(80%)-4C,1226.0,1306.2046300490888
S093,1,b1c4,1,4C(80%)-4C,1227.0,1327.8427322503271
S093,1,b1c20,1,5.4C(80%)-5.4C,534.0,521.978842296304
S093,1,b1c21,1,5.4C(80%)-5.4C,559.0,555.3691235450643
S093,1,b1c32,1,6C(60%)-3C,731.0,688.6911336805368
S093,1,b1c33,1,6C(60%)-3C,757.0,672.1466780500261
S093,1,b1c44,1,8C(35%)-3.6C,616.0,612.8253388785982
S093,1,b1c45,1,8C(35%)-3.6C,599.0,603.9114778987273
S093,2,b1c6,1,4.8C(80%)-4.8C,636.0,807.6186078395367
S093,2,b1c7,1,4.8C(80%)-4.8C,870.0,843.52104569741
S093,2,b1c16,1,5.4C(60%)-3.6C,862.0,902.1809804517536
S093,2,b1c17,1,5.4C(60%)-3.6C,857.0,870.5397424999403
S093,2,b1c30,1,6C(50%)-3.6C,709.0,754.851670733564
S093,2,b1c31,1,6C(50%)-3.6C,876.0,777.6865550484996
S093,2,b1c42,1,8C(25%)-3.6C,702.0,755.0568799037287
S093,2,b1c43,1,8C(25%)-3.6C,651.0,745.2879186335723
S093,3,b1c5,1,4.4C(80%)-4.4C,1074.0,1010.9749236339927
S093,3,b1c10,1,5.4C(50%)-3C,906.0,911.3684093811877
S093,3,b1c11,1,5.4C(50%)-3C,788.0,920.0772662695317
S093,3,b1c24,1,6C(40%)-3C,1017.0,853.3995214188318
S093,3,b1c25,1,6C(40%)-3C,854.0,864.5592888284777
S093,3,b1c40,1,8C(15%)-3.6C,966.0,889.8261550219368
S093,3,b1c41,1,8C(15%)-3.6C,1051.0,902.8235093994242
S093,4,b1c12,1,5.4C(50%)-3.6C,902.0,877.2776535012488
S093,4,b1c13,1,5.4C(50%)-3.6C,897.0,897.6644507425196
S093,4,b1c26,1,6C(40%)-3.6C,870.0,787.858728173241
S093,4,b1c27,1,6C(40%)-3.6C,842.0,790.1757909198501
S093,4,b1c36,1,7C(40%)-3C,704.0,786.4449038263045
S093,4,b1c37,1,7C(40%)-3C,648.0,758.5738637720476
S093,5,b1c8,1,5.4C(40%)-3.6C,879.0,904.4827026273362
S093,5,b1c9,1,5.4C(40%)-3.6C,1054.0,903.2124655565542
S093,5,b1c22,1,6C(30%)-3.6C,891.0,864.0732741502064
S093,5,b1c23,1,6C(30%)-3.6C,1014.0,908.2190871576165
S093,5,b1c38,1,7C(40%)-3.6C,617.0,641.2905707661292
S093,5,b1c39,1,7C(40%)-3.6C,625.0,663.9451121902769
S094,1,b1c3,1,4C(80%)-4C,1226.0,1002.9347350150057
S094,1,b1c4,1,4C(80%)-4C,1227.0,1023.6293878910523
S094,1,b1c20,1,5.4C(80%)-5.4C,534.0,666.6529110134646
S094,1,b1c21,1,5.4C(80%)-5.4C,559.0,675.6718602916034
S094,1,b1c32,1,6C(60%)-3C,731.0,758.6214554212335
S094,1,b1c33,1,6C(60%)-3C,757.0,754.0215359430283
S094,1,b1c44,1,8C(35%)-3.6C,616.0,704.5734918150423
S094,1,b1c45,1,8C(35%)-3.6C,599.0,707.6795593529906
S094,2,b1c6,1,4.8C(80%)-4.8C,636.0,823.0674669264724
S094,2,b1c7,1,4.8C(80%)-4.8C,870.0,832.9553273461039
S094,2,b1c16,1,5.4C(60%)-3.6C,862.0,869.4556210209333
S094,2,b1c17,1,5.4C(60%)-3.6C,857.0,854.0269766310184
S094,2,b1c30,1,6C(50%)-3.6C,709.0,779.4954790693087
S094,2,b1c31,1,6C(50%)-3.6C,876.0,809.9981873971959
S094,2,b1c42,1,8C(25%)-3.6C,702.0,784.4984615331626
S094,2,b1c43,1,8C(25%)-3.6C,651.0,775.0148969429723
S094,3,b1c5,1,4.4C(80%)-4.4C,1074.0,904.3905200937741
S094,3,b1c10,1,5.4C(50%)-3C,906.0,851.1894839585393
S094,3,b1c11,1,5.4C(50%)-3C,788.0,864.81481750219
S094,3,b1c24,1,6C(40%)-3C,1017.0,821.103370024893
S094,3,b1c25,1,6C(40%)-3C,854.0,824.9847044034543
S094,3,b1c40,1,8C(15%)-3.6C,966.0,834.4352899556709
S094,3,b1c41,1,8C(15%)-3.6C,1051.0,844.827644848466
S094,4,b1c12,1,5.4C(50%)-3.6C,902.0,853.3993456035766
S094,4,b1c13,1,5.4C(50%)-3.6C,897.0,859.1384431595708
S094,4,b1c26,1,6C(40%)-3.6C,870.0,796.0860468614515
S094,4,b1c27,1,6C(40%)-3.6C,842.0,798.2634733360611
S094,4,b1c36,1,7C(40%)-3C,704.0,791.9578005201009
S094,4,b1c37,1,7C(40%)-3C,648.0,778.6687129473055
S094,5,b1c8,1,5.4C(40%)-3.6C,879.0,858.9047130715896
S094,5,b1c9,1,5.4C(40%)-3.6C,1054.0,865.3835517769983
S094,5,b1c22,1,6C(30%)-3.6C,891.0,837.4367270347348
S094,5,b1c23,1,6C(30%)-3.6C,1014.0,857.9720836191568
S094,5,b1c38,1,7C(40%)-3.6C,617.0,715.4554538728019
S094,5,b1c39,1,7C(40%)-3.6C,625.0,729.6827633995351
S095,1,b1c3,1,4C(80%)-4C,1226.0,1288.969748098224
S095,1,b1c4,1,4C(80%)-4C,1227.0,1344.9193365012536
S095,1,b1c20,1,5.4C(80%)-5.4C,534.0,522.6096168968726
S095,1,b1c21,1,5.4C(80%)-5.4C,559.0,521.9626972865328
S095,1,b1c32,1,6C(60%)-3C,731.0,693.2227772684279
S095,1,b1c33,1,6C(60%)-3C,757.0,678.7019182606745
S095,1,b1c44,1,8C(35%)-3.6C,616.0,633.1181804148209
S095,1,b1c45,1,8C(35%)-3.6C,599.0,596.5217971865093
S095,2,b1c6,1,4.8C(80%)-4.8C,636.0,687.1277996123163
S095,2,b1c7,1,4.8C(80%)-4.8C,870.0,802.8254737388037
S095,2,b1c16,1,5.4C(60%)-3.6C,862.0,947.678565018802
S095,2,b1c17,1,5.4C(60%)-3.6C,857.0,884.9202052965603
S095,2,b1c30,1,6C(50%)-3.6C,709.0,780.8073547960955
S095,2,b1c31,1,6C(50%)-3.6C,876.0,835.535505261766
S095,2,b1c42,1,8C(25%)-3.6C,702.0,741.5830179810571
S095,2,b1c43,1,8C(25%)-3.6C,651.0,777.9868323349817
S095,3,b1c5,1,4.4C(80%)-4.4C,1074.0,1010.3251401114271
S095,3,b1c10,1,5.4C(50%)-3C,906.0,898.4908221580895
S095,3,b1c11,1,5.4C(50%)-3C,788.0,909.8019899662225
S095,3,b1c24,1,6C(40%)-3C,1017.0,851.6263591598743
S095,3,b1c25,1,6C(40%)-3C,854.0,886.9763253070628
S095,3,b1c40,1,8C(15%)-3.6C,966.0,931.2035020824125
S095,3,b1c41,1,8C(15%)-3.6C,1051.0,932.8034721565216
S095,4,b1c12,1,5.4C(50%)-3.6C,902.0,899.6987371064362
S095,4,b1c13,1,5.4C(50%)-3.6C,897.0,923.626676807789
S095,4,b1c26,1,6C(40%)-3.6C,870.0,793.3460845546535
S095,4,b1c27,1,6C(40%)-3.6C,842.0,796.3811142734284
S095,4,b1c36,1,7C(40%)-3C,704.0,816.1726793558626
S095,4,b1c37,1,7C(40%)-3C,648.0,778.3422759481995
S095,5,b1c8,1,5.4C(40%)-3.6C,879.0,908.5476057631215
S095,5,b1c9,1,5.4C(40%)-3.6C,1054.0,888.9940797025637
S095,5,b1c22,1,6C(30%)-3.6C,891.0,869.8948524794782
S095,5,b1c23,1,6C(30%)-3.6C,1014.0,950.3898846668662
S095,5,b1c38,1,7C(40%)-3.6C,617.0,572.1380775015778
S095,5,b1c39,1,7C(40%)-3.6C,625.0,610.366199574444
S096,1,b1c3,1,4C(80%)-4C,1226.0,1290.907057592612
S096,1,b1c4,1,4C(80%)-4C,1227.0,1348.1069755568178
S096,1,b1c20,1,5.4C(80%)-5.4C,534.0,524.7998194423425
S096,1,b1c21,1,5.4C(80%)-5.4C,559.0,523.1417877946107
S096,1,b1c32,1,6C(60%)-3C,731.0,693.0311688837875
S096,1,b1c33,1,6C(60%)-3C,757.0,678.898636326322
S096,1,b1c44,1,8C(35%)-3.6C,616.0,632.7644312060266
S096,1,b1c45,1,8C(35%)-3.6C,599.0,595.2793588118915
S096,2,b1c6,1,4.8C(80%)-4.8C,636.0,680.6488199923848
S096,2,b1c7,1,4.8C(80%)-4.8C,870.0,802.1842372640552
S096,2,b1c16,1,5.4C(60%)-3.6C,862.0,949.6266742992922
S096,2,b1c17,1,5.4C(60%)-3.6C,857.0,885.1804053425113
S096,2,b1c30,1,6C(50%)-3.6C,709.0,783.6551955126373
S096,2,b1c31,1,6C(50%)-3.6C,876.0,834.8654875901428
S096,2,b1c42,1,8C(25%)-3.6C,702.0,740.4560425221222
S096,2,b1c43,1,8C(25%)-3.6C,651.0,779.5314084728682
S096,3,b1c5,1,4.4C(80%)-4.4C,1074.0,1009.5930396853664
S096,3,b1c10,1,5.4C(50%)-3C,906.0,897.8647327491074
S096,3,b1c11,1,5.4C(50%)-3C,788.0,904.921434299298
S096,3,b1c24,1,6C(40%)-3C,1017.0,850.1950844886753
S096,3,b1c25,1,6C(40%)-3C,854.0,886.74176932284
S096,3,b1c40,1,8C(15%)-3.6C,966.0,933.0243249471366
S096,3,b1c41,1,8C(15%)-3.6C,1051.0,932.948021729227
S096,4,b1c12,1,5.4C(50%)-3.6C,902.0,902.6491903311962
S096,4,b1c13,1,5.4C(50%)-3.6C,897.0,924.740327350669
S096,4,b1c26,1,6C(40%)-3.6C,870.0,793.983135734219
S096,4,b1c27,1,6C(40%)-3.6C,842.0,798.5444693841093
S096,4,b1c36,1,7C(40%)-3C,704.0,812.8483835256667
S096,4,b1c37,1,7C(40%)-3C,648.0,775.9015707179374
S096,5,b1c8,1,5.4C(40%)-3.6C,879.0,908.2126284305805
S096,5,b1c9,1,5.4C(40%)-3.6C,1054.0,887.8453508872848
S096,5,b1c22,1,6C(30%)-3.6C,891.0,869.7987703625297
S096,5,b1c23,1,6C(30%)-3.6C,1014.0,951.0889181230118
S096,5,b1c38,1,7C(40%)-3.6C,617.0,569.745279748438
S096,5,b1c39,1,7C(40%)-3.6C,625.0,608.1878382366667
S097,1,b1c3,1,4C(80%)-4C,1226.0,1292.8661785927945
S097,1,b1c4,1,4C(80%)-4C,1227.0,1351.37248780572
S097,1,b1c20,1,5.4C(80%)-5.4C,534.0,527.1248942310237
S097,1,b1c21,1,5.4C(80%)-5.4C,559.0,524.4061676133088
S097,1,b1c32,1,6C(60%)-3C,731.0,692.8464008773487
S097,1,b1c33,1,6C(60%)-3C,757.0,679.124431201365
S097,1,b1c44,1,8C(35%)-3.6C,616.0,632.4079748302504
S097,1,b1c45,1,8C(35%)-3.6C,599.0,594.0040160149388
S097,2,b1c6,1,4.8C(80%)-4.8C,636.0,673.5572567177585
S097,2,b1c7,1,4.8C(80%)-4.8C,870.0,801.479867993583
S097,2,b1c16,1,5.4C(60%)-3.6C,862.0,951.7237041097117
S097,2,b1c17,1,5.4C(60%)-3.6C,857.0,885.4464090046711
S097,2,b1c30,1,6C(50%)-3.6C,709.0,786.7750948042176
S097,2,b1c31,1,6C(50%)-3.6C,876.0,834.138409906168
S097,2,b1c42,1,8C(25%)-3.6C,702.0,739.248833198154
S097,2,b1c43,1,8C(25%)-3.6C,651.0,781.2473744099793
S097,3,b1c5,1,4.4C(80%)-4.4C,1074.0,1008.757606792811
S097,3,b1c10,1,5.4C(50%)-3C,906.0,897.1694250207859
S097,3,b1c11,1,5.4C(50%)-3C,788.0,899.5617915227726
S097,3,b1c24,1,6C(40%)-3C,1017.0,848.6352284582008
S097,3,b1c25,1,6C(40%)-3C,854.0,886.4717598331059
S097,3,b1c40,1,8C(15%)-3.6C,966.0,934.9952349525738
S097,3,b1c41,1,8C(15%)-3.6C,1051.0,933.0897632201224
S097,4,b1c12,1,5.4C(50%)-3.6C,902.0,905.9387687379259
S097,4,b1c13,1,5.4C(50%)-3.6C,897.0,925.9668841448776
S097,4,b1c26,1,6C(40%)-3.6C,870.0,794.693392751613
S097,4,b1c27,1,6C(40%)-3.6C,842.0,800.9540537036044
S097,4,b1c36,1,7C(40%)-3C,704.0,809.1420324967768
S097,4,b1c37,1,7C(40%)-3C,648.0,773.1913952888592
S097,5,b1c8,1,5.4C(40%)-3.6C,879.0,907.8421721296235
S097,5,b1c9,1,5.4C(40%)-3.6C,1054.0,886.607196905434
S097,5,b1c22,1,6C(30%)-3.6C,891.0,869.6884800638003
S097,5,b1c23,1,6C(30%)-3.6C,1014.0,951.8187281362153
S097,5,b1c38,1,7C(40%)-3.6C,617.0,567.2193660115829
S097,5,b1c39,1,7C(40%)-3.6C,625.0,605.8873011355851
S098,1,b1c3,1,4C(80%)-4C,1226.0,1253.0616341264904
S098,1,b1c4,1,4C(80%)-4C,1227.0,1292.1692096821623
S098,1,b1c20,1,5.4C(80%)-5.4C,534.0,497.83361682910055
S098,1,b1c21,1,5.4C(80%)-5.4C,559.0,510.5923530759802
S098,1,b1c32,1,6C(60%)-3C,731.0,698.1280745985168
S098,1,b1c33,1,6C(60%)-3C,757.0,679.0418053973253
S098,1,b1c44,1,8C(35%)-3.6C,616.0,639.7509393635132
S098,1,b1c45,1,8C(35%)-3.6C,599.0,616.7159432420311
S098,2,b1c6,1,4.8C(80%)-4.8C,636.0,754.2829209361018
S098,2,b1c7,1,4.8C(80%)-4.8C,870.0,809.5938755248776
S098,2,b1c16,1,5.4C(60%)-3.6C,862.0,925.2421946492951
S098,2,b1c17,1,5.4C(60%)-3.6C,857.0,881.1274806497709
S098,2,b1c30,1,6C(50%)-3.6C,709.0,752.4780601823994
S098,2,b1c31,1,6C(50%)-3.6C,876.0,842.7102023918904
S098,2,b1c42,1,8C(25%)-3.6C,702.0,755.6495871874902
S098,2,b1c43,1,8C(25%)-3.6C,651.0,764.2576868675352
S098,3,b1c5,1,4.4C(80%)-4.4C,1074.0,1014.0411629977772
S098,3,b1c10,1,5.4C(50%)-3C,906.0,903.6954397093707
S098,3,b1c11,1,5.4C(50%)-3C,788.0,957.0720128971606
S098,3,b1c24,1,6C(40%)-3C,1017.0,866.3276916443001
S098,3,b1c25,1,6C(40%)-3C,854.0,887.8642174227174
S098,3,b1c40,1,8C(15%)-3.6C,966.0,910.4566884260769
S098,3,b1c41,1,8C(15%)-3.6C,1051.0,929.3947080999279
S098,4,b1c12,1,5.4C(50%)-3.6C,902.0,873.3383729289229
S098,4,b1c13,1,5.4C(50%)-3.6C,897.0,912.1858317765068
S098,4,b1c26,1,6C(40%)-3.6C,870.0,787.8207347916339
S098,4,b1c27,1,6C(40%)-3.6C,842.0,777.1285402587633
S098,4,b1c36,1,7C(40%)-3C,704.0,845.7703495647141
S098,4,b1c37,1,7C(40%)-3C,648.0,801.1625603319173
S098,5,b1c8,1,5.4C(40%)-3.6C,879.0,911.0364405660503
S098,5,b1c9,1,5.4C(40%)-3.6C,1054.0,901.571620549654
S098,5,b1c22,1,6C(30%)-3.6C,891.0,870.1389766131922
S098,5,b1c23,1,6C(30%)-3.6C,1014.0,939.9204684853011
S098,5,b1c38,1,7C(40%)-3.6C,617.0,604.4196456297007
S098,5,b1c39,1,7C(40%)-3.6C,625.0,639.6450660767794
S099,1,b1c3,1,4C(80%)-4C,1226.0,1269.4247618750019
S099,1,b1c4,1,4C(80%)-4C,1227.0,1315.2708296932406
S099,1,b1c20,1,5.4C(80%)-5.4C,534.0,506.0420285274552
S099,1,b1c21,1,5.4C(80%)-5.4C,559.0,513.7560098847995
S099,1,b1c32,1,6C(60%)-3C,731.0,695.6181162222928
S099,1,b1c33,1,6C(60%)-3C,757.0,678.1809043165056
S099,1,b1c44,1,8C(35%)-3.6C,616.0,636.5000541614413
S099,1,b1c45,1,8C(35%)-3.6C,599.0,607.8631748356113
S099,2,b1c6,1,4.8C(80%)-4.8C,636.0,732.1936833679387
S099,2,b1c7,1,4.8C(80%)-4.8C,870.0,807.4347201859812
S099,2,b1c16,1,5.4C(60%)-3.6C,862.0,933.7707942086836
S099,2,b1c17,1,5.4C(60%)-3.6C,857.0,882.9816916811857
S099,2,b1c30,1,6C(50%)-3.6C,709.0,761.7077493948021
S099,2,b1c31,1,6C(50%)-3.6C,876.0,840.0984594870621
S099,2,b1c42,1,8C(25%)-3.6C,702.0,750.1829118704609
S099,2,b1c43,1,8C(25%)-3.6C,651.0,767.9495909639127
S099,3,b1c5,1,4.4C(80%)-4.4C,1074.0,1014.0995209321158
S099,3,b1c10,1,5.4C(50%)-3C,906.0,902.4234323076155
S099,3,b1c11,1,5.4C(50%)-3C,788.0,942.8237385440107
S099,3,b1c24,1,6C(40%)-3C,1017.0,861.4611330661284
S099,3,b1c25,1,6C(40%)-3C,854.0,888.0251701289058
S099,3,b1c40,1,8C(15%)-3.6C,966.0,917.7306963371892
S099,3,b1c41,1,8C(15%)-3.6C,1051.0,931.0329074889391
S099,4,b1c12,1,5.4C(50%)-3.6C,902.0,881.3850738990158
S099,4,b1c13,1,5.4C(50%)-3.6C,897.0,916.1400783774009
S099,4,b1c26,1,6C(40%)-3.6C,870.0,789.364963926895
S099,4,b1c27,1,6C(40%)-3.6C,842.0,782.8166473136788
S099,4,b1c36,1,7C(40%)-3C,704.0,836.8176160967025
S099,4,b1c37,1,7C(40%)-3C,648.0,793.9302001962136
S099,5,b1c8,1,5.4C(40%)-3.6C,879.0,910.5225105033664
S099,5,b1c9,1,5.4C(40%)-3.6C,1054.0,897.4079403864578
S099,5,b1c22,1,6C(30%)-3.6C,891.0,870.2682764169358
S099,5,b1c23,1,6C(30%)-3.6C,1014.0,944.2461288654252
S099,5,b1c38,1,7C(40%)-3.6C,617.0,591.6012408290768
S099,5,b1c39,1,7C(40%)-3.6C,625.0,628.0714430615794
S100,1,b1c3,1,4C(80%)-4C,1226.0,1287.576650000466
S100,1,b1c4,1,4C(80%)-4C,1227.0,1343.3140828860815
S100,1,b1c20,1,5.4C(80%)-5.4C,534.0,521.6714796950123
S100,1,b1c21,1,5.4C(80%)-5.4C,559.0,521.5923279772353
S100,1,b1c32,1,6C(60%)-3C,731.0,693.4108903539785
S100,1,b1c33,1,6C(60%)-3C,757.0,678.8325523682322
S100,1,b1c44,1,8C(35%)-3.6C,616.0,633.0839594092198
S100,1,b1c45,1,8C(35%)-3.6C,599.0,597.021347768895
S100,2,b1c6,1,4.8C(80%)-4.8C,636.0,690.2989490578492
S100,2,b1c7,1,4.8C(80%)-4.8C,870.0,803.3731714020025
S100,2,b1c16,1,5.4C(60%)-3.6C,862.0,947.6299074821248
S100,2,b1c17,1,5.4C(60%)-3.6C,857.0,885.3379556753639
S100,2,b1c30,1,6C(50%)-3.6C,709.0,780.000054732699
S100,2,b1c31,1,6C(50%)-3.6C,876.0,835.5451567614704
S100,2,b1c42,1,8C(25%)-3.6C,702.0,741.9476123650755
S100,2,b1c43,1,8C(25%)-3.6C,651.0,777.0187503867439
S100,3,b1c5,1,4.4C(80%)-4.4C,1074.0,1010.713289156294
S100,3,b1c10,1,5.4C(50%)-3C,906.0,898.8065561665861
S100,3,b1c11,1,5.4C(50%)-3C,788.0,912.3437517931947
S100,3,b1c24,1,6C(40%)-3C,1017.0,852.0963342230226
S100,3,b1c25,1,6C(40%)-3C,854.0,887.0176429959029
S100,3,b1c40,1,8C(15%)-3.6C,966.0,930.164970428966
S100,3,b1c41,1,8C(15%)-3.6C,1051.0,932.5752382838836
S100,4,b1c12,1,5.4C(50%)-3.6C,902.0,899.0005898319604
S100,4,b1c13,1,5.4C(50%)-3.6C,897.0,923.3086514956594
S100,4,b1c26,1,6C(40%)-3.6C,870.0,793.1049460021826
S100,4,b1c27,1,6C(40%)-3.6C,842.0,795.6977686157071
S100,4,b1c36,1,7C(40%)-3C,704.0,817.0053489377921
S100,4,b1c37,1,7C(40%)-3C,648.0,779.008039812426
S100,5,b1c8,1,5.4C(40%)-3.6C,879.0,908.6080339540327
S100,5,b1c9,1,5.4C(40%)-3.6C,1054.0,889.6035258092562
S100,5,b1c22,1,6C(30%)-3.6C,891.0,869.8660432790373
S100,5,b1c23,1,6C(30%)-3.6C,1014.0,949.9245147180711
S100,5,b1c38,1,7C(40%)-3.6C,617.0,573.1942078975588
S100,5,b1c39,1,7C(40%)-3.6C,625.0,611.3617537328269
S101,1,b1c3,1,4C(80%)-4C,1226.0,1084.3260308528136
S101,1,b1c4,1,4C(80%)-4C,1227.0,1102.2505756631062
S101,1,b1c20,1,5.4C(80%)-5.4C,534.0,563.984407826719
S101,1,b1c21,1,5.4C(80%)-5.4C,559.0,584.4438077042145
S101,1,b1c32,1,6C(60%)-3C,731.0,741.8574907716352
S101,1,b1c33,1,6C(60%)-3C,757.0,726.6006095446327
S101,1,b1c44,1,8C(35%)-3.6C,616.0,689.7990021606242
S101,1,b1c45,1,8C(35%)-3.6C,599.0,694.7984206305904
S101,2,b1c6,1,4.8C(80%)-4.8C,636.0,809.4905838364873
S101,2,b1c7,1,4.8C(80%)-4.8C,870.0,819.8729474981881
S101,2,b1c16,1,5.4C(60%)-3.6C,862.0,889.0096000872699
S101,2,b1c17,1,5.4C(60%)-3.6C,857.0,869.4893722198996
S101,2,b1c30,1,6C(50%)-3.6C,709.0,753.8703962211546
S101,2,b1c31,1,6C(50%)-3.6C,876.0,848.0642434295848
S101,2,b1c42,1,8C(25%)-3.6C,702.0,792.6430958065869
S101,2,b1c43,1,8C(25%)-3.6C,651.0,779.643180410069
S101,3,b1c5,1,4.4C(80%)-4.4C,1074.0,962.3215497967408
S101,3,b1c10,1,5.4C(50%)-3C,906.0,887.1218334336137
S101,3,b1c11,1,5.4C(50%)-3C,788.0,939.629506780721
S101,3,b1c24,1,6C(40%)-3C,1017.0,865.2176280748879
S101,3,b1c25,1,6C(40%)-3C,854.0,868.2776527727405
S101,3,b1c40,1,8C(15%)-3.6C,966.0,874.3965820084121
S101,3,b1c41,1,8C(15%)-3.6C,1051.0,899.2028856062592
S101,4,b1c12,1,5.4C(50%)-3.6C,902.0,859.4468089500439
S101,4,b1c13,1,5.4C(50%)-3.6C,897.0,888.7485240096594
S101,4,b1c26,1,6C(40%)-3.6C,870.0,795.5503865501073
S101,4,b1c27,1,6C(40%)-3.6C,842.0,783.6963750647253
S101,4,b1c36,1,7C(40%)-3C,704.0,853.3078830802518
S101,4,b1c37,1,7C(40%)-3C,648.0,819.2589927789253
S101,5,b1c8,1,5.4C(40%)-3.6C,879.0,892.8719981344237
S101,5,b1c9,1,5.4C(40%)-3.6C,1054.0,895.767699496395
S101,5,b1c22,1,6C(30%)-3.6C,891.0,859.6013429035994
S101,5,b1c23,1,6C(30%)-3.6C,1014.0,901.7395521198108
S101,5,b1c38,1,7C(40%)-3.6C,617.0,690.351760179235
S101,5,b1c39,1,7C(40%)-3.6C,625.0,714.754515411252
S102,1,b1c3,1,4C(80%)-4C,1226.0,1139.4155387576925
S102,1,b1c4,1,4C(80%)-4C,1227.0,1161.0786196775016
S102,1,b1c20,1,5.4C(80%)-5.4C,534.0,528.2144273898224
S102,1,b1c21,1,5.4C(80%)-5.4C,559.0,548.2349661689257
S102,1,b1c32,1,6C(60%)-3C,731.0,724.5755486519686
S102,1,b1c33,1,6C(60%)-3C,757.0,706.740509133689
S102,1,b1c44,1,8C(35%)-3.6C,616.0,668.7129859846874
S102,1,b1c45,1,8C(35%)-3.6C,599.0,667.9289134589405
S102,2,b1c6,1,4.8C(80%)-4.8C,636.0,801.5237865230977
S102,2,b1c7,1,4.8C(80%)-4.8C,870.0,816.6289731238381
S102,2,b1c16,1,5.4C(60%)-3.6C,862.0,897.7969736690318
S102,2,b1c17,1,5.4C(60%)-3.6C,857.0,873.0166305883084
S102,2,b1c30,1,6C(50%)-3.6C,709.0,744.945305764417
S102,2,b1c31,1,6C(50%)-3.6C,876.0,848.1237097505164
S102,2,b1c42,1,8C(25%)-3.6C,702.0,781.0581238482505
S102,2,b1c43,1,8C(25%)-3.6C,651.0,770.1349349719343
S102,3,b1c5,1,4.4C(80%)-4.4C,1074.0,985.9328439269099
S102,3,b1c10,1,5.4C(50%)-3C,906.0,896.165176665052
S102,3,b1c11,1,5.4C(50%)-3C,788.0,958.1640679756019
S102,3,b1c24,1,6C(40%)-3C,1017.0,870.3344013884157
S102,3,b1c25,1,6C(40%)-3C,854.0,876.835063870085
S102,3,b1c40,1,8C(15%)-3.6C,966.0,884.9671872740478
S102,3,b1c41,1,8C(15%)-3.6C,1051.0,911.8544845496187
S102,4,b1c12,1,5.4C(50%)-3.6C,902.0,861.5871864110799
S102,4,b1c13,1,5.4C(50%)-3.6C,897.0,896.8946572821577
S102,4,b1c26,1,6C(40%)-3.6C,870.0,790.5948918796049
S102,4,b1c27,1,6C(40%)-3.6C,842.0,776.5650495845395
S102,4,b1c36,1,7C(40%)-3C,704.0,855.1280812314128
S102,4,b1c37,1,7C(40%)-3C,648.0,815.6791404506856
S102,5,b1c8,1,5.4C(40%)-3.6C,879.0,901.8483166799916
S102,5,b1c9,1,5.4C(40%)-3.6C,1054.0,903.2477677857162
S102,5,b1c22,1,6C(30%)-3.6C,891.0,864.4048596647239
S102,5,b1c23,1,6C(30%)-3.6C,1014.0,914.8924583561779
S102,5,b1c38,1,7C(40%)-3.6C,617.0,663.3623456196527
S102,5,b1c39,1,7C(40%)-3.6C,625.0,691.6439135658004
S103,1,b1c3,1,4C(80%)-4C,1226.0,1241.2334895030224
S103,1,b1c4,1,4C(80%)-4C,1227.0,1280.2081491935683
S103,1,b1c20,1,5.4C(80%)-5.4C,534.0,493.86109839847745
S103,1,b1c21,1,5.4C(80%)-5.4C,559.0,510.1426539998729
S103,1,b1c32,1,6C(60%)-3C,731.0,700.0931905517689
S103,1,b1c33,1,6C(60%)-3C,757.0,681.195151600755
S103,1,b1c44,1,8C(35%)-3.6C,616.0,639.4591377931872
S103,1,b1c45,1,8C(35%)-3.6C,599.0,620.2215424815604
S103,2,b1c6,1,4.8C(80%)-4.8C,636.0,760.5404925884114
S103,2,b1c7,1,4.8C(80%)-4.8C,870.0,809.8667471128232
S103,2,b1c16,1,5.4C(60%)-3.6C,862.0,923.1969996546075
S103,2,b1c17,1,5.4C(60%)-3.6C,857.0,880.12428679385
S103,2,b1c30,1,6C(50%)-3.6C,709.0,751.4767208662114
S103,2,b1c31,1,6C(50%)-3.6C,876.0,841.3573440127976
S103,2,b1c42,1,8C(25%)-3.6C,702.0,756.7861748788287
S103,2,b1c43,1,8C(25%)-3.6C,651.0,763.354917974342
S103,3,b1c5,1,4.4C(80%)-4.4C,1074.0,1012.517411483596
S103,3,b1c10,1,5.4C(50%)-3C,906.0,903.4411691153917
S103,3,b1c11,1,5.4C(50%)-3C,788.0,961.3086279390741
S103,3,b1c24,1,6C(40%)-3C,1017.0,867.5644087883838
S103,3,b1c25,1,6C(40%)-3C,854.0,888.5319765041198
S103,3,b1c40,1,8C(15%)-3.6C,966.0,908.8173505760084
S103,3,b1c41,1,8C(15%)-3.6C,1051.0,928.8844372054527
S103,4,b1c12,1,5.4C(50%)-3.6C,902.0,873.2868444248826
S103,4,b1c13,1,5.4C(50%)-3.6C,897.0,911.3316175295046
S103,4,b1c26,1,6C(40%)-3.6C,870.0,787.2854391290668
S103,4,b1c27,1,6C(40%)-3.6C,842.0,776.0287060070629
S103,4,b1c36,1,7C(40%)-3C,704.0,846.0527101862449
S103,4,b1c37,1,7C(40%)-3C,648.0,802.0975026898528
S103,5,b1c8,1,5.4C(40%)-3.6C,879.0,910.6371911531858
S103,5,b1c9,1,5.4C(40%)-3.6C,1054.0,904.49100137742
S103,5,b1c22,1,6C(30%)-3.6C,891.0,869.5849058871879
S103,5,b1c23,1,6C(30%)-3.6C,1014.0,936.6747014996193
S103,5,b1c38,1,7C(40%)-3.6C,617.0,610.3725903014799
S103,5,b1c39,1,7C(40%)-3.6C,625.0,645.288100768851
S104,1,b1c3,1,4C(80%)-4C,1226.0,896.3499349863861
S104,1,b1c4,1,4C(80%)-4C,1227.0,902.3591980853315
S104,1,b1c20,1,5.4C(80%)-5.4C,534.0,771.3123482268976
S104,1,b1c21,1,5.4C(80%)-5.4C,559.0,776.5759862807241
S104,1,b1c32,1,6C(60%)-3C,731.0,817.8563602907174
S104,1,b1c33,1,6C(60%)-3C,757.0,814.7906192505054
S104,1,b1c44,1,8C(35%)-3.6C,616.0,801.2819445669744
S104,1,b1c45,1,8C(35%)-3.6C,599.0,805.3922978847854
S104,2,b1c6,1,4.8C(80%)-4.8C,636.0,833.2550887332712
S104,2,b1c7,1,4.8C(80%)-4.8C,870.0,837.5975012798474
S104,2,b1c16,1,5.4C(60%)-3.6C,862.0,857.8076194954388
S104,2,b1c17,1,5.4C(60%)-3.6C,857.0,852.963812233427
S104,2,b1c30,1,6C(50%)-3.6C,709.0,818.8886325435956
S104,2,b1c31,1,6C(50%)-3.6C,876.0,845.1089785857235
S104,2,b1c42,1,8C(25%)-3.6C,702.0,834.2640290099783
S104,2,b1c43,1,8C(25%)-3.6C,651.0,828.6486940659673
S104,3,b1c5,1,4.4C(80%)-4.4C,1074.0,843.0590825537147
S104,3,b1c10,1,5.4C(50%)-3C,906.0,826.925870357168
S104,3,b1c11,1,5.4C(50%)-3C,788.0,836.2965408233335
S104,3,b1c24,1,6C(40%)-3C,1017.0,820.2474254695032
S104,3,b1c25,1,6C(40%)-3C,854.0,819.9305377495674
S104,3,b1c40,1,8C(15%)-3.6C,966.0,821.8866243553254
S104,3,b1c41,1,8C(15%)-3.6C,1051.0,828.6309679047712
S104,4,b1c12,1,5.4C(50%)-3.6C,902.0,842.1717238432412
S104,4,b1c13,1,5.4C(50%)-3.6C,897.0,848.2742582526215
S104,4,b1c26,1,6C(40%)-3.6C,870.0,822.5549804953592
S104,4,b1c27,1,6C(40%)-3.6C,842.0,820.3457883038881
S104,4,b1c36,1,7C(40%)-3C,704.0,838.8240442477282
S104,4,b1c37,1,7C(40%)-3C,648.0,830.1081373313564
S104,5,b1c8,1,5.4C(40%)-3.6C,879.0,844.1877814155292
S104,5,b1c9,1,5.4C(40%)-3.6C,1054.0,845.9700774972214
S104,5,b1c22,1,6C(30%)-3.6C,891.0,835.0807259421678
S104,5,b1c23,1,6C(30%)-3.6C,1014.0,845.3240189434164
S104,5,b1c38,1,7C(40%)-3.6C,617.0,791.9197416388548
S104,5,b1c39,1,7C(40%)-3.6C,625.0,798.4997664908595
S105,1,b1c3,1,4C(80%)-4C,1226.0,923.6518273255793
S105,1,b1c4,1,4C(80%)-4C,1227.0,932.8244961818325
S105,1,b1c20,1,5.4C(80%)-5.4C,534.0,735.515287347914
S105,1,b1c21,1,5.4C(80%)-5.4C,559.0,744.5083525649512
S105,1,b1c32,1,6C(60%)-3C,731.0,805.7371654316028
S105,1,b1c33,1,6C(60%)-3C,757.0,801.0818397212258
S105,1,b1c44,1,8C(35%)-3.6C,616.0,781.8684230158174
S105,1,b1c45,1,8C(35%)-3.6C,599.0,787.3573957992614
S105,2,b1c6,1,4.8C(80%)-4.8C,636.0,827.1436933293569
S105,2,b1c7,1,4.8C(80%)-4.8C,870.0,833.3994761345914
S105,2,b1c16,1,5.4C(60%)-3.6C,862.0,863.5647884543943
S105,2,b1c17,1,5.4C(60%)-3.6C,857.0,856.1030968673987
S105,2,b1c30,1,6C(50%)-3.6C,709.0,805.71121381416
S105,2,b1c31,1,6C(50%)-3.6C,876.0,844.5432444330904
S105,2,b1c42,1,8C(25%)-3.6C,702.0,827.728818716514
S105,2,b1c43,1,8C(25%)-3.6C,651.0,819.7950419914005
S105,3,b1c5,1,4.4C(80%)-4.4C,1074.0,865.2297406097567
S105,3,b1c10,1,5.4C(50%)-3C,906.0,840.295202138305
S105,3,b1c11,1,5.4C(50%)-3C,788.0,854.5989966873184
S105,3,b1c24,1,6C(40%)-3C,1017.0,830.2716434096819
S105,3,b1c25,1,6C(40%)-3C,854.0,830.0642509120712
S105,3,b1c40,1,8C(15%)-3.6C,966.0,833.1925612162195
S105,3,b1c41,1,8C(15%)-3.6C,1051.0,843.1308093976807
S105,4,b1c12,1,5.4C(50%)-3.6C,902.0,846.8223098815823
S105,4,b1c13,1,5.4C(50%)-3.6C,897.0,856.1053570927165
S105,4,b1c26,1,6C(40%)-3.6C,870.0,817.349893086795
S105,4,b1c27,1,6C(40%)-3.6C,842.0,813.8093207181226
S105,4,b1c36,1,7C(40%)-3C,704.0,841.0203612673487
S105,4,b1c37,1,7C(40%)-3C,648.0,828.1238190985232
S105,5,b1c8,1,5.4C(40%)-3.6C,879.0,853.4362788871963
S105,5,b1c9,1,5.4C(40%)-3.6C,1054.0,856.3978328657843
S105,5,b1c22,1,6C(30%)-3.6C,891.0,840.0930116459556
S105,5,b1c23,1,6C(30%)-3.6C,1014.0,855.4932206553725
S105,5,b1c38,1,7C(40%)-3.6C,617.0,773.8969107810207
S105,5,b1c39,1,7C(40%)-3.6C,625.0,783.7881256391614
S106,1,b1c3,1,4C(80%)-4C,1226.0,1038.4770581664363
S106,1,b1c4,1,4C(80%)-4C,1227.0,1063.6222651178668
S106,1,b1c20,1,5.4C(80%)-5.4C,534.0,636.6612354508485
S106,1,b1c21,1,5.4C(80%)-5.4C,559.0,639.356529035673
S106,1,b1c32,1,6C(60%)-3C,731.0,758.2962493897547
S106,1,b1c33,1,6C(60%)-3C,757.0,750.8551809346601
S106,1,b1c44,1,8C(35%)-3.6C,616.0,709.623564460109
S106,1,b1c45,1,8C(35%)-3.6C,599.0,711.8770922483465
S106,2,b1c6,1,4.8C(80%)-4.8C,636.0,806.014390193284
S106,2,b1c7,1,4.8C(80%)-4.8C,870.0,820.2499573488124
S106,2,b1c16,1,5.4C(60%)-3.6C,862.0,884.9427678627416
S106,2,b1c17,1,5.4C(60%)-3.6C,857.0,866.4355012578003
S106,2,b1c30,1,6C(50%)-3.6C,709.0,764.5870270928227
S106,2,b1c31,1,6C(50%)-3.6C,876.0,844.1723984647797
S106,2,b1c42,1,8C(25%)-3.6C,702.0,800.0857929209267
S106,2,b1c43,1,8C(25%)-3.6C,651.0,788.8899332847124
S106,3,b1c5,1,4.4C(80%)-4.4C,1074.0,942.3493239921431
S106,3,b1c10,1,5.4C(50%)-3C,906.0,879.7283399061138
S106,3,b1c11,1,5.4C(50%)-3C,788.0,913.9012307765098
S106,3,b1c24,1,6C(40%)-3C,1017.0,857.580101103852
S106,3,b1c25,1,6C(40%)-3C,854.0,860.5882229549587
S106,3,b1c40,1,8C(15%)-3.6C,966.0,869.6007327206702
S106,3,b1c41,1,8C(15%)-3.6C,1051.0,889.097964523837
S106,4,b1c12,1,5.4C(50%)-3.6C,902.0,860.4648785687128
S106,4,b1c13,1,5.4C(50%)-3.6C,897.0,883.3087908722279
S106,4,b1c26,1,6C(40%)-3.6C,870.0,799.4544515563159
S106,4,b1c27,1,6C(40%)-3.6C,842.0,790.2322224310227
S106,4,b1c36,1,7C(40%)-3C,704.0,847.103961989476
S106,4,b1c37,1,7C(40%)-3C,648.0,818.997487120354
S106,5,b1c8,1,5.4C(40%)-3.6C,879.0,884.8081068315439
S106,5,b1c9,1,5.4C(40%)-3.6C,1054.0,891.205151207447
S106,5,b1c22,1,6C(30%)-3.6C,891.0,857.5540757573567
S106,5,b1c23,1,6C(30%)-3.6C,1014.0,892.9341566211023
S106,5,b1c38,1,7C(40%)-3.6C,617.0,701.814343176672
S106,5,b1c39,1,7C(40%)-3.6C,625.0,723.6470570787984
S107,1,b1c3,1,4C(80%)-4C,1226.0,848.4030325708716
S107,1,b1c4,1,4C(80%)-4C,1227.0,849.1417938634083
S107,1,b1c20,1,5.4C(80%)-5.4C,534.0,835.475915711301
S107,1,b1c21,1,5.4C(80%)-5.4C,559.0,836.1647308165991
S107,1,b1c32,1,6C(60%)-3C,731.0,840.4676040013543
S107,1,b1c33,1,6C(60%)-3C,757.0,840.1784855486095
S107,1,b1c44,1,8C(35%)-3.6C,616.0,838.6872287583968
S107,1,b1c45,1,8C(35%)-3.6C,599.0,839.1529153228917
S107,2,b1c6,1,4.8C(80%)-4.8C,636.0,844.6921909578457
S107,2,b1c7,1,4.8C(80%)-4.8C,870.0,845.1561953456131
S107,2,b1c16,1,5.4C(60%)-3.6C,862.0,847.5469961124692
S107,2,b1c17,1,5.4C(60%)-3.6C,857.0,846.9649494783566
S107,2,b1c30,1,6C(50%)-3.6C,709.0,843.0516309753117
S107,2,b1c31,1,6C(50%)-3.6C,876.0,845.924590317982
S107,2,b1c42,1,8C(25%)-3.6C,702.0,844.8891309666158
S107,2,b1c43,1,8C(25%)-3.6C,651.0,844.1964421912097
S107,3,b1c5,1,4.4C(80%)-4.4C,1074.0,803.4717792081077
S107,3,b1c10,1,5.4C(50%)-3C,906.0,801.7429967553144
S107,3,b1c11,1,5.4C(50%)-3C,788.0,802.7953126518825
S107,3,b1c24,1,6C(40%)-3C,1017.0,800.9850198254559
S107,3,b1c25,1,6C(40%)-3C,854.0,800.9616811758607
S107,3,b1c40,1,8C(15%)-3.6C,966.0,801.1635250171506
S107,3,b1c41,1,8C(15%)-3.6C,1051.0,801.9286803776092
S107,4,b1c12,1,5.4C(50%)-3.6C,902.0,833.8753129120062
S107,4,b1c13,1,5.4C(50%)-3.6C,897.0,834.4655941753306
S107,4,b1c26,1,6C(40%)-3.6C,870.0,831.5396610784773
S107,4,b1c27,1,6C(40%)-3.6C,842.0,831.3327413990011
S107,4,b1c36,1,7C(40%)-3C,704.0,833.3126849082615
S107,4,b1c37,1,7C(40%)-3C,648.0,832.3865781349562
S107,5,b1c8,1,5.4C(40%)-3.6C,879.0,827.3340302507918
S107,5,b1c9,1,5.4C(40%)-3.6C,1054.0,827.6147947365827
S107,5,b1c22,1,6C(30%)-3.6C,891.0,826.3610154124913
S107,5,b1c23,1,6C(30%)-3.6C,1014.0,827.4502375520967
S107,5,b1c38,1,7C(40%)-3.6C,617.0,821.4665780390143
S107,5,b1c39,1,7C(40%)-3.6C,625.0,822.2051686335598
S108,1,b1c3,1,4C(80%)-4C,1226.0,846.4330600424651
S108,1,b1c4,1,4C(80%)-4C,1227.0,847.6720605976193
S108,1,b1c20,1,5.4C(80%)-5.4C,534.0,839.7159682294614
S108,1,b1c21,1,5.4C(80%)-5.4C,559.0,839.6109684986448
S108,1,b1c32,1,6C(60%)-3C,731.0,841.48331908593
S108,1,b1c33,1,6C(60%)-3C,757.0,841.6077151665568
S108,1,b1c44,1,8C(35%)-3.6C,616.0,840.1290868112818
S108,1,b1c45,1,8C(35%)-3.6C,599.0,840.1567673261741
S108,2,b1c6,1,4.8C(80%)-4.8C,636.0,844.1154018312939
S108,2,b1c7,1,4.8C(80%)-4.8C,870.0,844.6279483762936
S108,2,b1c16,1,5.4C(60%)-3.6C,862.0,847.7789821534236
S108,2,b1c17,1,5.4C(60%)-3.6C,857.0,846.8860084553936
S108,2,b1c30,1,6C(50%)-3.6C,709.0,842.5569024365246
S108,2,b1c31,1,6C(50%)-3.6C,876.0,845.0870418326483
S108,2,b1c42,1,8C(25%)-3.6C,702.0,844.6740190186771
S108,2,b1c43,1,8C(25%)-3.6C,651.0,843.853800640777
S108,3,b1c5,1,4.4C(80%)-4.4C,1074.0,804.1859659353084
S108,3,b1c10,1,5.4C(50%)-3C,906.0,802.3269792780319
S108,3,b1c11,1,5.4C(50%)-3C,788.0,803.5976270296019
S108,3,b1c24,1,6C(40%)-3C,1017.0,801.4575560016593
S108,3,b1c25,1,6C(40%)-3C,854.0,801.6109704396409
S108,3,b1c40,1,8C(15%)-3.6C,966.0,801.8413652378151
S108,3,b1c41,1,8C(15%)-3.6C,1051.0,802.6352000988896
S108,4,b1c12,1,5.4C(50%)-3.6C,902.0,834.4416237582612
S108,4,b1c13,1,5.4C(50%)-3.6C,897.0,834.7741993827033
S108,4,b1c26,1,6C(40%)-3.6C,870.0,831.4151160568797
S108,4,b1c27,1,6C(40%)-3.6C,842.0,831.3720760374254
S108,4,b1c36,1,7C(40%)-3C,704.0,833.1100891608114
S108,4,b1c37,1,7C(40%)-3C,648.0,832.2589737556772
S108,5,b1c8,1,5.4C(40%)-3.6C,879.0,827.4542672098688
S108,5,b1c9,1,5.4C(40%)-3.6C,1054.0,828.0588395377522
S108,5,b1c22,1,6C(30%)-3.6C,891.0,826.6349087689007
S108,5,b1c23,1,6C(30%)-3.6C,1014.0,827.6358306302388
S108,5,b1c38,1,7C(40%)-3.6C,617.0,820.8287712327599
S108,5,b1c39,1,7C(40%)-3.6C,625.0,821.6493850178368
S109,1,b1c3,1,4C(80%)-4C,1226.0,848.3646520141094
S109,1,b1c4,1,4C(80%)-4C,1227.0,850.3524315046355
S109,1,b1c20,1,5.4C(80%)-5.4C,534.0,837.9439084898862
S109,1,b1c21,1,5.4C(80%)-5.4C,559.0,837.7801481953256
S109,1,b1c32,1,6C(60%)-3C,731.0,840.6497003003616
S109,1,b1c33,1,6C(60%)-3C,757.0,840.8492638481474
S109,1,b1c44,1,8C(35%)-3.6C,616.0,838.4619784602601
S109,1,b1c45,1,8C(35%)-3.6C,599.0,838.5064786746985
S109,2,b1c6,1,4.8C(80%)-4.8C,636.0,839.7697178773716
S109,2,b1c7,1,4.8C(80%)-4.8C,870.0,840.7210346007043
S109,2,b1c16,1,5.4C(60%)-3.6C,862.0,849.6018388908085
S109,2,b1c17,1,5.4C(60%)-3.6C,857.0,846.2901329375144
S109,2,b1c30,1,6C(50%)-3.6C,709.0,838.8490318801322
S109,2,b1c31,1,6C(50%)-3.6C,876.0,839.0463354975267
S109,2,b1c42,1,8C(25%)-3.6C,702.0,842.68053995459
S109,2,b1c43,1,8C(25%)-3.6C,651.0,841.1502878788361
S109,3,b1c5,1,4.4C(80%)-4.4C,1074.0,809.4280507387828
S109,3,b1c10,1,5.4C(50%)-3C,906.0,806.6490055840286
S109,3,b1c11,1,5.4C(50%)-3C,788.0,809.6560013265776
S109,3,b1c24,1,6C(40%)-3C,1017.0,804.961409155655
S109,3,b1c25,1,6C(40%)-3C,854.0,806.6857064710437
S109,3,b1c40,1,8C(15%)-3.6C,966.0,807.1568511243811
S109,3,b1c41,1,8C(15%)-3.6C,1051.0,808.0344957146998
S109,4,b1c12,1,5.4C(50%)-3.6C,902.0,838.9687561836564
S109,4,b1c13,1,5.4C(50%)-3.6C,897.0,837.0571137615035
S109,4,b1c26,1,6C(40%)-3.6C,870.0,830.6612014302667
S109,4,b1c27,1,6C(40%)-3.6C,842.0,832.1029690043551
S109,4,b1c36,1,7C(40%)-3C,704.0,831.4077437666881
S109,4,b1c37,1,7C(40%)-3C,648.0,831.2866361396846
S109,5,b1c8,1,5.4C(40%)-3.6C,879.0,829.3272617033728
S109,5,b1c9,1,5.4C(40%)-3.6C,1054.0,831.0317904764366
S109,5,b1c22,1,6C(30%)-3.6C,891.0,828.2129508381814
S109,5,b1c23,1,6C(30%)-3.6C,1014.0,830.0868006669207
S109,5,b1c38,1,7C(40%)-3.6C,617.0,814.9410630803358
S109,5,b1c39,1,7C(40%)-3.6C,625.0,816.7069587202436
S110,1,b1c3,1,4C(80%)-4C,1226.0,1449.3896482955538
S110,1,b1c4,1,4C(80%)-4C,1227.0,1572.8388522669297
S110,1,b1c20,1,5.4C(80%)-5.4C,534.0,566.6865203192478
S110,1,b1c21,1,5.4C(80%)-5.4C,559.0,565.3264736980908
S110,1,b1c32,1,6C(60%)-3C,731.0,692.1032988157331
S110,1,b1c33,1,6C(60%)-3C,757.0,682.2089843145185
S110,1,b1c44,1,8C(35%)-3.6C,616.0,639.2394034965583
S110,1,b1c45,1,8C(35%)-3.6C,599.0,608.8201614370748
S110,2,b1c6,1,4.8C(80%)-4.8C,636.0,675.6620437068882
S110,2,b1c7,1,4.8C(80%)-4.8C,870.0,772.226838479023
S110,2,b1c16,1,5.4C(60%)-3.6C,862.0,940.3585493610263
S110,2,b1c17,1,5.4C(60%)-3.6C,857.0,862.7257311221177
S110,2,b1c30,1,6C(50%)-3.6C,709.0,771.544644261958
S110,2,b1c31,1,6C(50%)-3.6C,876.0,772.9514126805998
S110,2,b1c42,1,8C(25%)-3.6C,702.0,737.7454849679054
S110,2,b1c43,1,8C(25%)-3.6C,651.0,761.1556776083742
S110,3,b1c5,1,4.4C(80%)-4.4C,1074.0,998.6584879163793
S110,3,b1c10,1,5.4C(50%)-3C,906.0,888.7415403156465
S110,3,b1c11,1,5.4C(50%)-3C,788.0,885.0760460165535
S110,3,b1c24,1,6C(40%)-3C,1017.0,825.2144842973221
S110,3,b1c25,1,6C(40%)-3C,854.0,864.425147997
S110,3,b1c40,1,8C(15%)-3.6C,966.0,909.8420856963647
S110,3,b1c41,1,8C(15%)-3.6C,1051.0,909.455871341971
S110,4,b1c12,1,5.4C(50%)-3.6C,902.0,900.5464175490886
S110,4,b1c13,1,5.4C(50%)-3.6C,897.0,908.4343386498948
S110,4,b1c26,1,6C(40%)-3.6C,870.0,776.0779897544178
S110,4,b1c27,1,6C(40%)-3.6C,842.0,787.7458751050017
S110,4,b1c36,1,7C(40%)-3C,704.0,783.7275238298099
S110,4,b1c37,1,7C(40%)-3C,648.0,755.771140151688
S110,5,b1c8,1,5.4C(40%)-3.6C,879.0,888.5041402119264
S110,5,b1c9,1,5.4C(40%)-3.6C,1054.0,879.2450879874139
S110,5,b1c22,1,6C(30%)-3.6C,891.0,848.1920710285682
S110,5,b1c23,1,6C(30%)-3.6C,1014.0,924.8343505798066
S110,5,b1c38,1,7C(40%)-3.6C,617.0,607.402654829441
S110,5,b1c39,1,7C(40%)-3.6C,625.0,636.5457704963175
S111,1,b1c3,1,4C(80%)-4C,1226.0,1448.051693175534
S111,1,b1c4,1,4C(80%)-4C,1227.0,1571.5538294224239
S111,1,b1c20,1,5.4C(80%)-5.4C,534.0,566.453521572854
S111,1,b1c21,1,5.4C(80%)-5.4C,559.0,565.2783324198829
S111,1,b1c32,1,6C(60%)-3C,731.0,692.200932334809
S111,1,b1c33,1,6C(60%)-3C,757.0,682.3328901129314
S111,1,b1c44,1,8C(35%)-3.6C,616.0,639.1554428953747
S111,1,b1c45,1,8C(35%)-3.6C,599.0,608.9347264647763
S111,2,b1c6,1,4.8C(80%)-4.8C,636.0,677.016950738001
S111,2,b1c7,1,4.8C(80%)-4.8C,870.0,772.7140938785489
S111,2,b1c16,1,5.4C(60%)-3.6C,862.0,940.7285209659105
S111,2,b1c17,1,5.4C(60%)-3.6C,857.0,863.2819496872424
S111,2,b1c30,1,6C(50%)-3.6C,709.0,771.2300608370222
S111,2,b1c31,1,6C(50%)-3.6C,876.0,773.3297551736171
S111,2,b1c42,1,8C(25%)-3.6C,702.0,737.7627307618943
S111,2,b1c43,1,8C(25%)-3.6C,651.0,760.5844259438784
S111,3,b1c5,1,4.4C(80%)-4.4C,1074.0,998.8750205136811
S111,3,b1c10,1,5.4C(50%)-3C,906.0,889.1843721860404
S111,3,b1c11,1,5.4C(50%)-3C,788.0,887.0883001350762
S111,3,b1c24,1,6C(40%)-3C,1017.0,825.9495924636749
S111,3,b1c25,1,6C(40%)-3C,854.0,865.0095439434102
S111,3,b1c40,1,8C(15%)-3.6C,966.0,909.6958804617661
S111,3,b1c41,1,8C(15%)-3.6C,1051.0,909.7993579967781
S111,4,b1c12,1,5.4C(50%)-3.6C,902.0,900.5353760357884
S111,4,b1c13,1,5.4C(50%)-3.6C,897.0,908.3827253248392
S111,4,b1c26,1,6C(40%)-3.6C,870.0,776.0010889943043
S111,4,b1c27,1,6C(40%)-3.6C,842.0,787.5953566874073
S111,4,b1c36,1,7C(40%)-3C,704.0,783.7770336375321
S111,4,b1c37,1,7C(40%)-3C,648.0,755.846569477125
S111,5,b1c8,1,5.4C(40%)-3.6C,879.0,888.4885448964088
S111,5,b1c9,1,5.4C(40%)-3.6C,1054.0,879.5543506929779
S111,5,b1c22,1,6C(30%)-3.6C,891.0,848.1468776519487
S111,5,b1c23,1,6C(30%)-3.6C,1014.0,924.5516526976114
S111,5,b1c38,1,7C(40%)-3.6C,617.0,607.7001691221633
S111,5,b1c39,1,7C(40%)-3.6C,625.0,636.852956628563
S112,1,b1c3,1,4C(80%)-4C,1226.0,1446.7148473560183
S112,1,b1c4,1,4C(80%)-4C,1227.0,1570.2698835577264
S112,1,b1c20,1,5.4C(80%)-5.4C,534.0,566.2206215969502
S112,1,b1c21,1,5.4C(80%)-5.4C,559.0,565.2301966616949
S112,1,b1c32,1,6C(60%)-3C,731.0,692.2985780452309
S112,1,b1c33,1,6C(60%)-3C,757.0,682.4568415648217
S112,1,b1c44,1,8C(35%)-3.6C,616.0,639.071438832167
S112,1,b1c45,1,8C(35%)-3.6C,599.0,609.0492774125075
S112,2,b1c6,1,4.8C(80%)-4.8C,636.0,678.3751708315135
S112,2,b1c7,1,4.8C(80%)-4.8C,870.0,773.2018947017681
S112,2,b1c16,1,5.4C(60%)-3.6C,862.0,941.0990273033614
S112,2,b1c17,1,5.4C(60%)-3.6C,857.0,863.8388906754308
S112,2,b1c30,1,6C(50%)-3.6C,709.0,770.9155451461543
S112,2,b1c31,1,6C(50%)-3.6C,876.0,773.708347766268
S112,2,b1c42,1,8C(25%)-3.6C,702.0,737.7799450839494
S112,2,b1c43,1,8C(25%)-3.6C,651.0,760.0132863275549
S112,3,b1c5,1,4.4C(80%)-4.4C,1074.0,999.0918741124179
S112,3,b1c10,1,5.4C(50%)-3C,906.0,889.6276269088074
S112,3,b1c11,1,5.4C(50%)-3C,788.0,889.1063459577324
S112,3,b1c24,1,6C(40%)-3C,1017.0,826.6856834631358
S112,3,b1c25,1,6C(40%)-3C,854.0,865.594504008829
S112,3,b1c40,1,8C(15%)-3.6C,966.0,909.5494133713983
S112,3,b1c41,1,8C(15%)-3.6C,1051.0,910.1430468658232
S112,4,b1c12,1,5.4C(50%)-3.6C,902.0,900.5243218851323
S112,4,b1c13,1,5.4C(50%)-3.6C,897.0,908.3311181891592
S112,4,b1c26,1,6C(40%)-3.6C,870.0,775.9241507373736
S112,4,b1c27,1,6C(40%)-3.6C,842.0,787.4447805139522
S112,4,b1c36,1,7C(40%)-3C,704.0,783.826585010749
S112,4,b1c37,1,7C(40%)-3C,648.0,755.9220324017904
S112,5,b1c8,1,5.4C(40%)-3.6C,879.0,888.4729843066668
S112,5,b1c9,1,5.4C(40%)-3.6C,1054.0,879.8638711664456
S112,5,b1c22,1,6C(30%)-3.6C,891.0,848.1016866436803
S112,5,b1c23,1,6C(30%)-3.6C,1014.0,924.2689622324286
S112,5,b1c38,1,7C(40%)-3.6C,617.0,607.9979529760152
S112,5,b1c39,1,7C(40%)-3.6C,625.0,637.1604174962789
S113,1,b1c3,1,4C(80%)-4C,1226.0,1445.5780235071604
S113,1,b1c4,1,4C(80%)-4C,1227.0,1568.439635817755
S113,1,b1c20,1,5.4C(80%)-5.4C,534.0,565.7444642577718
S113,1,b1c21,1,5.4C(80%)-5.4C,559.0,564.9845618236051
S113,1,b1c32,1,6C(60%)-3C,731.0,692.3538350527842
S113,1,b1c33,1,6C(60%)-3C,757.0,682.4291024388783
S113,1,b1c44,1,8C(35%)-3.6C,616.0,639.1157346838718
S113,1,b1c45,1,8C(35%)-3.6C,599.0,609.3078379540368
S113,2,b1c6,1,4.8C(80%)-4.8C,636.0,679.9421606979041
S113,2,b1c7,1,4.8C(80%)-4.8C,870.0,773.4584968953687
S113,2,b1c16,1,5.4C(60%)-3.6C,862.0,940.6290158650236
S113,2,b1c17,1,5.4C(60%)-3.6C,857.0,863.8910691600584
S113,2,b1c30,1,6C(50%)-3.6C,709.0,770.1924416151248
S113,2,b1c31,1,6C(50%)-3.6C,876.0,773.9893529178801
S113,2,b1c42,1,8C(25%)-3.6C,702.0,738.0155382227405
S113,2,b1c43,1,8C(25%)-3.6C,651.0,759.5508756256005
S113,3,b1c5,1,4.4C(80%)-4.4C,1074.0,999.3546248694165
S113,3,b1c10,1,5.4C(50%)-3C,906.0,889.8980252367942
S113,3,b1c11,1,5.4C(50%)-3C,788.0,890.8546618777533
S113,3,b1c24,1,6C(40%)-3C,1017.0,827.2325397211226
S113,3,b1c25,1,6C(40%)-3C,854.0,865.8241794663752
S113,3,b1c40,1,8C(15%)-3.6C,966.0,909.07376004472
S113,3,b1c41,1,8C(15%)-3.6C,1051.0,910.2208208429942
S113,4,b1c12,1,5.4C(50%)-3.6C,902.0,899.6900756061659
S113,4,b1c13,1,5.4C(50%)-3.6C,897.0,908.0085491179852
S113,4,b1c26,1,6C(40%)-3.6C,870.0,775.7584643610463
S113,4,b1c27,1,6C(40%)-3.6C,842.0,786.8899067146505
S113,4,b1c36,1,7C(40%)-3C,704.0,784.6464189810944
S113,4,b1c37,1,7C(40%)-3C,648.0,756.5073316519099
S113,5,b1c8,1,5.4C(40%)-3.6C,879.0,888.5573417169409
S113,5,b1c9,1,5.4C(40%)-3.6C,1054.0,880.2018560020393
S113,5,b1c22,1,6C(30%)-3.6C,891.0,848.1239946632853
S113,5,b1c23,1,6C(30%)-3.6C,1014.0,924.0467549864811
S113,5,b1c38,1,7C(40%)-3.6C,617.0,608.45410916767
S113,5,b1c39,1,7C(40%)-3.6C,625.0,637.5974028443849
S114,1,b1c3,1,4C(80%)-4C,1226.0,1432.2966520138687
S114,1,b1c4,1,4C(80%)-4C,1227.0,1555.6848780724583
S114,1,b1c20,1,5.4C(80%)-5.4C,534.0,563.427197736525
S114,1,b1c21,1,5.4C(80%)-5.4C,559.0,564.5060210213418
S114,1,b1c32,1,6C(60%)-3C,731.0,693.3308469839097
S114,1,b1c33,1,6C(60%)-3C,757.0,683.6699635736022
S114,1,b1c44,1,8C(35%)-3.6C,616.0,638.2767599589268
S114,1,b1c45,1,8C(35%)-3.6C,599.0,610.4536171564655
S114,2,b1c6,1,4.8C(80%)-4.8C,636.0,693.6561904568528
S114,2,b1c7,1,4.8C(80%)-4.8C,870.0,778.3437636560337
S114,2,b1c16,1,5.4C(60%)-3.6C,862.0,944.3404126585167
S114,2,b1c17,1,5.4C(60%)-3.6C,857.0,869.4703147856238
S114,2,b1c30,1,6C(50%)-3.6C,709.0,767.0744730507362
S114,2,b1c31,1,6C(50%)-3.6C,876.0,777.7804511891509
S114,2,b1c42,1,8C(25%)-3.6C,702.0,738.1833383943945
S114,2,b1c43,1,8C(25%)-3.6C,651.0,753.8847226807588
S114,3,b1c5,1,4.4C(80%)-4.4C,1074.0,1001.5359648781993
S114,3,b1c10,1,5.4C(50%)-3C,906.0,894.0889382070947
S114,3,b1c11,1,5.4C(50%)-3C,788.0,910.6428147858722
S114,3,b1c24,1,6C(40%)-3C,1017.0,834.0740295389003
S114,3,b1c25,1,6C(40%)-3C,854.0,871.1693546395261
S114,3,b1c40,1,8C(15%)-3.6C,966.0,907.2494461358699
S114,3,b1c41,1,8C(15%)-3.6C,1051.0,913.2043729086912
S114,4,b1c12,1,5.4C(50%)-3.6C,902.0,899.5958809195105
S114,4,b1c13,1,5.4C(50%)-3.6C,897.0,907.4984192296691
S114,4,b1c26,1,6C(40%)-3.6C,870.0,774.9937848888582
S114,4,b1c27,1,6C(40%)-3.6C,842.0,785.399156357888
S114,4,b1c36,1,7C(40%)-3C,704.0,785.1261313039896
S114,4,b1c37,1,7C(40%)-3C,648.0,757.2515462307699
S114,5,b1c8,1,5.4C(40%)-3.6C,879.0,888.3998365444899
S114,5,b1c9,1,5.4C(40%)-3.6C,1054.0,883.2963546193456
S114,5,b1c22,1,6C(30%)-3.6C,891.0,847.6721503393103
S114,5,b1c23,1,6C(30%)-3.6C,1014.0,921.2296693452757
S114,5,b1c38,1,7C(40%)-3.6C,617.0,611.434655808359
S114,5,b1c39,1,7C(40%)-3.6C,625.0,640.6747166530262
S115,1,b1c3,1,4C(80%)-4C,1226.0,1419.1203854775554
S115,1,b1c4,1,4C(80%)-4C,1227.0,1543.0083593444426
S115,1,b1c20,1,5.4C(80%)-5.4C,534.0,561.1090413581404
S115,1,b1c21,1,5.4C(80%)-5.4C,559.0,564.0221572227629
S115,1,b1c32,1,6C(60%)-3C,731.0,694.3096051121486
S115,1,b1c33,1,6C(60%)-3C,757.0,684.9122062807772
S115,1,b1c44,1,8C(35%)-3.6C,616.0,637.4379983543258
S115,1,b1c45,1,8C(35%)-3.6C,599.0,611.6046812366681
S115,2,b1c6,1,4.8C(80%)-4.8C,636.0,705.9493078058377
S115,2,b1c7,1,4.8C(80%)-4.8C,870.0,781.7192197769233
S115,2,b1c16,1,5.4C(60%)-3.6C,862.0,948.6629867847362
S115,2,b1c17,1,5.4C(60%)-3.6C,857.0,874.0658273214372
S115,2,b1c30,1,6C(50%)-3.6C,709.0,765.933513037396
S115,2,b1c31,1,6C(50%)-3.6C,876.0,776.6944787130114
S115,2,b1c42,1,8C(25%)-3.6C,702.0,738.871252021513
S115,2,b1c43,1,8C(25%)-3.6C,651.0,748.9533583320043
S115,3,b1c5,1,4.4C(80%)-4.4C,1074.0,1001.4936321223157
S115,3,b1c10,1,5.4C(50%)-3C,906.0,894.32520290811
S115,3,b1c11,1,5.4C(50%)-3C,788.0,916.3992978128622
S115,3,b1c24,1,6C(40%)-3C,1017.0,834.4977245123467
S115,3,b1c25,1,6C(40%)-3C,854.0,871.4955137854455
S115,3,b1c40,1,8C(15%)-3.6C,966.0,905.0191050705431
S115,3,b1c41,1,8C(15%)-3.6C,1051.0,912.3776862867983
S115,4,b1c12,1,5.4C(50%)-3.6C,902.0,899.4654079071313
S115,4,b1c13,1,5.4C(50%)-3.6C,897.0,906.9761766455529
S115,4,b1c26,1,6C(40%)-3.6C,870.0,774.2210473909956
S115,4,b1c27,1,6C(40%)-3.6C,842.0,783.8843755818338
S115,4,b1c36,1,7C(40%)-3C,704.0,785.6428583533138
S115,4,b1c37,1,7C(40%)-3C,648.0,758.0218192476889
S115,5,b1c8,1,5.4C(40%)-3.6C,879.0,888.2463659743617
S115,5,b1c9,1,5.4C(40%)-3.6C,1054.0,886.4176699662381
S115,5,b1c22,1,6C(30%)-3.6C,891.0,847.2208426052172
S115,5,b1c23,1,6C(30%)-3.6C,1014.0,918.412789023884
S115,5,b1c38,1,7C(40%)-3.6C,617.0,614.4446431129825
S115,5,b1c39,1,7C(40%)-3.6C,625.0,643.7817618673819
S116,1,b1c3,1,4C(80%)-4C,1226.0,1408.5213298426747
S116,1,b1c4,1,4C(80%)-4C,1227.0,1526.132570085622
S116,1,b1c20,1,5.4C(80%)-5.4C,534.0,556.9137333993334
S116,1,b1c21,1,5.4C(80%)-5.4C,559.0,561.8771658976403
S116,1,b1c32,1,6C(60%)-3C,731.0,694.8711300972676
S116,1,b1c33,1,6C(60%)-3C,757.0,684.7224826203217
S116,1,b1c44,1,8C(35%)-3.6C,616.0,637.8961558246776
S116,1,b1c45,1,8C(35%)-3.6C,599.0,614.0614060533361
S116,2,b1c6,1,4.8C(80%)-4.8C,636.0,716.5755479648604
S116,2,b1c7,1,4.8C(80%)-4.8C,870.0,781.5670684182521
S116,2,b1c16,1,5.4C(60%)-3.6C,862.0,945.0639625327956
S116,2,b1c17,1,5.4C(60%)-3.6C,857.0,872.7279009409232
S116,2,b1c30,1,6C(50%)-3.6C,709.0,762.7180822139491
S116,2,b1c31,1,6C(50%)-3.6C,876.0,772.4847527651951
S116,2,b1c42,1,8C(25%)-3.6C,702.0,741.6104420539268
S116,2,b1c43,1,8C(25%)-3.6C,651.0,746.5022177485388
S116,3,b1c5,1,4.4C(80%)-4.4C,1074.0,1000.1767614871642
S116,3,b1c10,1,5.4C(50%)-3C,906.0,892.3299508979052
S116,3,b1c11,1,5.4C(50%)-3C,788.0,914.5819727430688
S116,3,b1c24,1,6C(40%)-3C,1017.0,833.1994013994921
S116,3,b1c25,1,6C(40%)-3C,854.0,869.3037534758855
S116,3,b1c40,1,8C(15%)-3.6C,966.0,902.6595349298725
S116,3,b1c41,1,8C(15%)-3.6C,1051.0,910.2657370023554
S116,4,b1c12,1,5.4C(50%)-3.6C,902.0,892.840709449899
S116,4,b1c13,1,5.4C(50%)-3.6C,897.0,904.3294929785833
S116,4,b1c26,1,6C(40%)-3.6C,870.0,772.9334883367003
S116,4,b1c27,1,6C(40%)-3.6C,842.0,779.5347584377317
S116,4,b1c36,1,7C(40%)-3C,704.0,792.1971176722609
S116,4,b1c37,1,7C(40%)-3C,648.0,762.74824078235
S116,5,b1c8,1,5.4C(40%)-3.6C,879.0,888.9062318253237
S116,5,b1c9,1,5.4C(40%)-3.6C,1054.0,889.2271219988863
S116,5,b1c22,1,6C(30%)-3.6C,891.0,847.4015046473702
S116,5,b1c23,1,6C(30%)-3.6C,1014.0,916.482840854917
S116,5,b1c38,1,7C(40%)-3.6C,617.0,618.4858687064672
S116,5,b1c39,1,7C(40%)-3.6C,625.0,647.6350521970961
S117,1,b1c3,1,4C(80%)-4C,1226.0,1284.9801412467714
S117,1,b1c4,1,4C(80%)-4C,1227.0,1407.3447037609424
S117,1,b1c20,1,5.4C(80%)-5.4C,534.0,534.8496661709926
S117,1,b1c21,1,5.4C(80%)-5.4C,559.0,557.3155914015491
S117,1,b1c32,1,6C(60%)-3C,731.0,704.7147207302454
S117,1,b1c33,1,6C(60%)-3C,757.0,697.2830335323143
S117,1,b1c44,1,8C(35%)-3.6C,616.0,629.6137539652017
S117,1,b1c45,1,8C(35%)-3.6C,599.0,625.5949139150821
S117,2,b1c6,1,4.8C(80%)-4.8C,636.0,741.2781744963177
S117,2,b1c7,1,4.8C(80%)-4.8C,870.0,785.7994616595229
S117,2,b1c16,1,5.4C(60%)-3.6C,862.0,940.9662517011163
S117,2,b1c17,1,5.4C(60%)-3.6C,857.0,871.2214217651896
S117,2,b1c30,1,6C(50%)-3.6C,709.0,761.2499276987619
S117,2,b1c31,1,6C(50%)-3.6C,876.0,772.266117142408
S117,2,b1c42,1,8C(25%)-3.6C,702.0,739.2453535564704
S117,2,b1c43,1,8C(25%)-3.6C,651.0,740.15157395299
S117,3,b1c5,1,4.4C(80%)-4.4C,1074.0,986.1358628012658
S117,3,b1c10,1,5.4C(50%)-3C,906.0,889.276340978956
S117,3,b1c11,1,5.4C(50%)-3C,788.0,934.937169124383
S117,3,b1c24,1,6C(40%)-3C,1017.0,838.1305207930897
S117,3,b1c25,1,6C(40%)-3C,854.0,879.483124831804
S117,3,b1c40,1,8C(15%)-3.6C,966.0,903.318750353275
S117,3,b1c41,1,8C(15%)-3.6C,1051.0,911.5252563093511
S117,4,b1c12,1,5.4C(50%)-3.6C,902.0,907.8121837688265
S117,4,b1c13,1,5.4C(50%)-3.6C,897.0,901.7719208579325
S117,4,b1c26,1,6C(40%)-3.6C,870.0,776.2703599475252
S117,4,b1c27,1,6C(40%)-3.6C,842.0,789.2959398001348
S117,4,b1c36,1,7C(40%)-3C,704.0,773.8136859363227
S117,4,b1c37,1,7C(40%)-3C,648.0,755.6976016035018
S117,5,b1c8,1,5.4C(40%)-3.6C,879.0,881.8791380032254
S117,5,b1c9,1,5.4C(40%)-3.6C,1054.0,898.2971482141301
S117,5,b1c22,1,6C(30%)-3.6C,891.0,845.6377924453227
S117,5,b1c23,1,6C(30%)-3.6C,1014.0,900.850875917007
S117,5,b1c38,1,7C(40%)-3.6C,617.0,631.2942906487037
S117,5,b1c39,1,7C(40%)-3.6C,625.0,659.8169035037914
S118,1,b1c3,1,4C(80%)-4C,1226.0,1167.7519991720083
S118,1,b1c4,1,4C(80%)-4C,1227.0,1312.2654295059413
S118,1,b1c20,1,5.4C(80%)-5.4C,534.0,592.5473786264614
S118,1,b1c21,1,5.4C(80%)-5.4C,559.0,595.2101717718416
S118,1,b1c32,1,6C(60%)-3C,731.0,717.6787755219289
S118,1,b1c33,1,6C(60%)-3C,757.0,723.4087028461096
S118,1,b1c44,1,8C(35%)-3.6C,616.0,629.733569607451
S118,1,b1c45,1,8C(35%)-3.6C,599.0,631.4293206167572
S118,2,b1c6,1,4.8C(80%)-4.8C,636.0,758.9923915909744
S118,2,b1c7,1,4.8C(80%)-4.8C,870.0,787.74652650463
S118,2,b1c16,1,5.4C(60%)-3.6C,862.0,932.6616540367053
S118,2,b1c17,1,5.4C(60%)-3.6C,857.0,865.796224474535
S118,2,b1c30,1,6C(50%)-3.6C,709.0,760.0822869129731
S118,2,b1c31,1,6C(50%)-3.6C,876.0,773.2131705812542
S118,2,b1c42,1,8C(25%)-3.6C,702.0,736.1821462487733
S118,2,b1c43,1,8C(25%)-3.6C,651.0,737.0180778476097
S118,3,b1c5,1,4.4C(80%)-4.4C,1074.0,972.7232027974903
S118,3,b1c10,1,5.4C(50%)-3C,906.0,885.8878719592972
S118,3,b1c11,1,5.4C(50%)-3C,788.0,954.2891409843078
S118,3,b1c24,1,6C(40%)-3C,1017.0,842.5145683873429
S118,3,b1c25,1,6C(40%)-3C,854.0,888.7095645711585
S118,3,b1c40,1,8C(15%)-3.6C,966.0,903.3562244169369
S118,3,b1c41,1,8C(15%)-3.6C,1051.0,912.2090433115594
S118,4,b1c12,1,5.4C(50%)-3.6C,902.0,924.4645551768651
S118,4,b1c13,1,5.4C(50%)-3.6C,897.0,899.4882913257456
S118,4,b1c26,1,6C(40%)-3.6C,870.0,780.2081464365856
S118,4,b1c27,1,6C(40%)-3.6C,842.0,800.6730609929415
S118,4,b1c36,1,7C(40%)-3C,704.0,754.2158712660646
S118,4,b1c37,1,7C(40%)-3C,648.0,747.6849861560198
S118,5,b1c8,1,5.4C(40%)-3.6C,879.0,874.3722296533232
S118,5,b1c9,1,5.4C(40%)-3.6C,1054.0,897.8485932123835
S118,5,b1c22,1,6C(30%)-3.6C,891.0,846.0281422037369
S118,5,b1c23,1,6C(30%)-3.6C,1014.0,892.8262608250095
S118,5,b1c38,1,7C(40%)-3.6C,617.0,636.0302474007108
S118,5,b1c39,1,7C(40%)-3.6C,625.0,663.0296091556542
S119,1,b1c3,1,4C(80%)-4C,1226.0,1124.3865106034466
S119,1,b1c4,1,4C(80%)-4C,1227.0,1248.549986219869
S119,1,b1c20,1,5.4C(80%)-5.4C,534.0,626.4067659062588
S119,1,b1c21,1,5.4C(80%)-5.4C,559.0,619.1584551008058
S119,1,b1c32,1,6C(60%)-3C,731.0,727.0478265102623
S119,1,b1c33,1,6C(60%)-3C,757.0,733.8935018658625
S119,1,b1c44,1,8C(35%)-3.6C,616.0,646.2420185340095
S119,1,b1c45,1,8C(35%)-3.6C,599.0,647.0611516579856
S119,2,b1c6,1,4.8C(80%)-4.8C,636.0,763.1315978528896
S119,2,b1c7,1,4.8C(80%)-4.8C,870.0,779.0240203164573
S119,2,b1c16,1,5.4C(60%)-3.6C,862.0,901.0258462156531
S119,2,b1c17,1,5.4C(60%)-3.6C,857.0,846.7651530031807
S119,2,b1c30,1,6C(50%)-3.6C,709.0,753.888382410804
S119,2,b1c31,1,6C(50%)-3.6C,876.0,763.7647436493139
S119,2,b1c42,1,8C(25%)-3.6C,702.0,753.1531444244179
S119,2,b1c43,1,8C(25%)-3.6C,651.0,748.5188797058589
S119,3,b1c5,1,4.4C(80%)-4.4C,1074.0,962.2545858842017
S119,3,b1c10,1,5.4C(50%)-3C,906.0,881.4555031560349
S119,3,b1c11,1,5.4C(50%)-3C,788.0,939.7715602894233
S119,3,b1c24,1,6C(40%)-3C,1017.0,841.211552384042
S119,3,b1c25,1,6C(40%)-3C,854.0,873.6928938072776
S119,3,b1c40,1,8C(15%)-3.6C,966.0,885.7379094269544
S119,3,b1c41,1,8C(15%)-3.6C,1051.0,899.3171277411892
S119,4,b1c12,1,5.4C(50%)-3.6C,902.0,887.5566807218224
S119,4,b1c13,1,5.4C(50%)-3.6C,897.0,883.3424381751879
S119,4,b1c26,1,6C(40%)-3.6C,870.0,778.4629017111769
S119,4,b1c27,1,6C(40%)-3.6C,842.0,786.0420061282155
S119,4,b1c36,1,7C(40%)-3C,704.0,784.8537059910931
S119,4,b1c37,1,7C(40%)-3C,648.0,770.993661708865
S119,5,b1c8,1,5.4C(40%)-3.6C,879.0,870.6800346318104
S119,5,b1c9,1,5.4C(40%)-3.6C,1054.0,891.2964953911697
S119,5,b1c22,1,6C(30%)-3.6C,891.0,847.9522323914683
S119,5,b1c23,1,6C(30%)-3.6C,1014.0,889.4554758973602
S119,5,b1c38,1,7C(40%)-3.6C,617.0,648.0744893313296
S119,5,b1c39,1,7C(40%)-3.6C,625.0,672.0358977227128
S120,1,b1c3,1,4C(80%)-4C,1226.0,885.4533232255677
S120,1,b1c4,1,4C(80%)-4C,1227.0,906.4929992714428
S120,1,b1c20,1,5.4C(80%)-5.4C,534.0,782.8878151091269
S120,1,b1c21,1,5.4C(80%)-5.4C,559.0,781.374658402479
S120,1,b1c32,1,6C(60%)-3C,731.0,808.3180025740672
S120,1,b1c33,1,6C(60%)-3C,757.0,810.2259716134427
S120,1,b1c44,1,8C(35%)-3.6C,616.0,787.6941438605204
S120,1,b1c45,1,8C(35%)-3.6C,599.0,788.1083625455573
S120,2,b1c6,1,4.8C(80%)-4.8C,636.0,799.212054341636
S120,2,b1c7,1,4.8C(80%)-4.8C,870.0,809.853185332719
S120,2,b1c16,1,5.4C(60%)-3.6C,862.0,881.506799372355
S120,2,b1c17,1,5.4C(60%)-3.6C,857.0,848.3623478169499
S120,2,b1c30,1,6C(50%)-3.6C,709.0,793.5028602504144
S120,2,b1c31,1,6C(50%)-3.6C,876.0,801.31313767752
S120,2,b1c42,1,8C(25%)-3.6C,702.0,775.1677512000653
S120,2,b1c43,1,8C(25%)-3.6C,651.0,775.6099315866886
S120,3,b1c5,1,4.4C(80%)-4.4C,1074.0,863.3103044413568
S120,3,b1c10,1,5.4C(50%)-3C,906.0,826.8254102007359
S120,3,b1c11,1,5.4C(50%)-3C,788.0,855.7164137254617
S120,3,b1c24,1,6C(40%)-3C,1017.0,807.8791543708631
S120,3,b1c25,1,6C(40%)-3C,854.0,828.0404981076763
S120,3,b1c40,1,8C(15%)-3.6C,966.0,834.314588938569
S120,3,b1c41,1,8C(15%)-3.6C,1051.0,838.080291393104
S120,4,b1c12,1,5.4C(50%)-3.6C,902.0,876.1748271315853
S120,4,b1c13,1,5.4C(50%)-3.6C,897.0,856.8445783201951
S120,4,b1c26,1,6C(40%)-3.6C,870.0,796.4719150353538
S120,4,b1c27,1,6C(40%)-3.6C,842.0,810.0497671405856
S120,4,b1c36,1,7C(40%)-3C,704.0,768.0497476726804
S120,4,b1c37,1,7C(40%)-3C,648.0,769.035493379966
S120,5,b1c8,1,5.4C(40%)-3.6C,879.0,834.6674858069125
S120,5,b1c9,1,5.4C(40%)-3.6C,1054.0,847.0698076629458
S120,5,b1c22,1,6C(30%)-3.6C,891.0,824.3592346871085
S120,5,b1c23,1,6C(30%)-3.6C,1014.0,843.0876553661584
S120,5,b1c38,1,7C(40%)-3.6C,617.0,722.7189802293314
S120,5,b1c39,1,7C(40%)-3.6C,625.0,735.9340563556054
S121,1,b1c3,1,4C(80%)-4C,1226.0,831.4402759105707
S121,1,b1c4,1,4C(80%)-4C,1227.0,831.4402759105707
S121,1,b1c20,1,5.4C(80%)-5.4C,534.0,831.4402759105707
S121,1,b1c21,1,5.4C(80%)-5.4C,559.0,831.4402759105707
S121,1,b1c32,1,6C(60%)-3C,731.0,831.4402759105707
S121,1,b1c33,1,6C(60%)-3C,757.0,831.4402759105707
S121,1,b1c44,1,8C(35%)-3.6C,616.0,831.4402759105707
S121,1,b1c45,1,8C(35%)-3.6C,599.0,831.4402759105707
S121,2,b1c6,1,4.8C(80%)-4.8C,636.0,821.9037660446305
S121,2,b1c7,1,4.8C(80%)-4.8C,870.0,822.8986404234114
S121,2,b1c16,1,5.4C(60%)-3.6C,862.0,829.3042041491823
S121,2,b1c17,1,5.4C(60%)-3.6C,857.0,826.4024021668431
S121,2,b1c30,1,6C(50%)-3.6C,709.0,821.3650234530817
S121,2,b1c31,1,6C(50%)-3.6C,876.0,822.1011528976505
S121,2,b1c42,1,8C(25%)-3.6C,702.0,819.6107083292145
S121,2,b1c43,1,8C(25%)-3.6C,651.0,819.6534580210835
S121,3,b1c5,1,4.4C(80%)-4.4C,1074.0,779.299946698614
S121,3,b1c10,1,5.4C(50%)-3C,906.0,779.299946698614
S121,3,b1c11,1,5.4C(50%)-3C,788.0,779.299946698614
S121,3,b1c24,1,6C(40%)-3C,1017.0,779.299946698614
S121,3,b1c25,1,6C(40%)-3C,854.0,779.299946698614
S121,3,b1c40,1,8C(15%)-3.6C,966.0,779.299946698614
S121,3,b1c41,1,8C(15%)-3.6C,1051.0,779.299946698614
S121,4,b1c12,1,5.4C(50%)-3.6C,902.0,813.2221224796995
S121,4,b1c13,1,5.4C(50%)-3.6C,897.0,812.6552945678133
S121,4,b1c26,1,6C(40%)-3.6C,870.0,810.8016371190456
S121,4,b1c27,1,6C(40%)-3.6C,842.0,811.2301122110023
S121,4,b1c36,1,7C(40%)-3C,704.0,809.8813298921511
S121,4,b1c37,1,7C(40%)-3C,648.0,809.913796618895
S121,5,b1c8,1,5.4C(40%)-3.6C,879.0,806.3277853958002
S121,5,b1c9,1,5.4C(40%)-3.6C,1054.0,806.3277853958002
S121,5,b1c22,1,6C(30%)-3.6C,891.0,806.3277853958002
S121,5,b1c23,1,6C(30%)-3.6C,1014.0,806.3277853958002
S121,5,b1c38,1,7C(40%)-3.6C,617.0,806.3277853958002
S121,5,b1c39,1,7C(40%)-3.6C,625.0,806.3277853958002
S122,1,b1c3,1,4C(80%)-4C,1226.0,831.4402759105707
S122,1,b1c4,1,4C(80%)-4C,1227.0,831.4402759105707
S122,1,b1c20,1,5.4C(80%)-5.4C,534.0,831.4402759105707
S122,1,b1c21,1,5.4C(80%)-5.4C,559.0,831.4402759105707
S122,1,b1c32,1,6C(60%)-3C,731.0,831.4402759105707
S122,1,b1c33,1,6C(60%)-3C,757.0,831.4402759105707
S122,1,b1c44,1,8C(35%)-3.6C,616.0,831.4402759105707
S122,1,b1c45,1,8C(35%)-3.6C,599.0,831.4402759105707
S122,2,b1c6,1,4.8C(80%)-4.8C,636.0,824.2234832028455
S122,2,b1c7,1,4.8C(80%)-4.8C,870.0,824.2234832028455
S122,2,b1c16,1,5.4C(60%)-3.6C,862.0,824.2234832028455
S122,2,b1c17,1,5.4C(60%)-3.6C,857.0,824.2234832028455
S122,2,b1c30,1,6C(50%)-3.6C,709.0,824.2234832028455
S122,2,b1c31,1,6C(50%)-3.6C,876.0,824.2234832028455
S122,2,b1c42,1,8C(25%)-3.6C,702.0,824.2234832028455
S122,2,b1c43,1,8C(25%)-3.6C,651.0,824.2234832028455
S122,3,b1c5,1,4.4C(80%)-4.4C,1074.0,779.299946698614
S122,3,b1c10,1,5.4C(50%)-3C,906.0,779.299946698614
S122,3,b1c11,1,5.4C(50%)-3C,788.0,779.299946698614
S122,3,b1c24,1,6C(40%)-3C,1017.0,779.299946698614
S122,3,b1c25,1,6C(40%)-3C,854.0,779.299946698614
S122,3,b1c40,1,8C(15%)-3.6C,966.0,779.299946698614
S122,3,b1c41,1,8C(15%)-3.6C,1051.0,779.299946698614
S122,4,b1c12,1,5.4C(50%)-3.6C,902.0,811.2682220413403
S122,4,b1c13,1,5.4C(50%)-3.6C,897.0,811.2682220413403
S122,4,b1c26,1,6C(40%)-3.6C,870.0,811.2682220413403
S122,4,b1c27,1,6C(40%)-3.6C,842.0,811.2682220413403
S122,4,b1c36,1,7C(40%)-3C,704.0,811.2682220413403
S122,4,b1c37,1,7C(40%)-3C,648.0,811.2682220413403
S122,5,b1c8,1,5.4C(40%)-3.6C,879.0,806.3277853958002
S122,5,b1c9,1,5.4C(40%)-3.6C,1054.0,806.3277853958002
S122,5,b1c22,1,6C(30%)-3.6C,891.0,806.3277853958002
S122,5,b1c23,1,6C(30%)-3.6C,1014.0,806.3277853958002
S122,5,b1c38,1,7C(40%)-3.6C,617.0,806.3277853958002
S122,5,b1c39,1,7C(40%)-3.6C,625.0,806.3277853958002
S123,1,b1c3,1,4C(80%)-4C,1226.0,831.4402759105707
S123,1,b1c4,1,4C(80%)-4C,1227.0,831.4402759105707
S123,1,b1c20,1,5.4C(80%)-5.4C,534.0,831.4402759105707
S123,1,b1c21,1,5.4C(80%)-5.4C,559.0,831.4402759105707
S123,1,b1c32,1,6C(60%)-3C,731.0,831.4402759105707
S123,1,b1c33,1,6C(60%)-3C,757.0,831.4402759105707
S123,1,b1c44,1,8C(35%)-3.6C,616.0,831.4402759105707
S123,1,b1c45,1,8C(35%)-3.6C,599.0,831.4402759105707
S123,2,b1c6,1,4.8C(80%)-4.8C,636.0,824.2234832028455
S123,2,b1c7,1,4.8C(80%)-4.8C,870.0,824.2234832028455
S123,2,b1c16,1,5.4C(60%)-3.6C,862.0,824.2234832028455
S123,2,b1c17,1,5.4C(60%)-3.6C,857.0,824.2234832028455
S123,2,b1c30,1,6C(50%)-3.6C,709.0,824.2234832028455
S123,2,b1c31,1,6C(50%)-3.6C,876.0,824.2234832028455
S123,2,b1c42,1,8C(25%)-3.6C,702.0,824.2234832028455
S123,2,b1c43,1,8C(25%)-3.6C,651.0,824.2234832028455
S123,3,b1c5,1,4.4C(80%)-4.4C,1074.0,779.299946698614
S123,3,b1c10,1,5.4C(50%)-3C,906.0,779.299946698614
S123,3,b1c11,1,5.4C(50%)-3C,788.0,779.299946698614
S123,3,b1c24,1,6C(40%)-3C,1017.0,779.299946698614
S123,3,b1c25,1,6C(40%)-3C,854.0,779.299946698614
S123,3,b1c40,1,8C(15%)-3.6C,966.0,779.299946698614
S123,3,b1c41,1,8C(15%)-3.6C,1051.0,779.299946698614
S123,4,b1c12,1,5.4C(50%)-3.6C,902.0,811.2682220413403
S123,4,b1c13,1,5.4C(50%)-3.6C,897.0,811.2682220413403
S123,4,b1c26,1,6C(40%)-3.6C,870.0,811.2682220413403
S123,4,b1c27,1,6C(40%)-3.6C,842.0,811.2682220413403
S123,4,b1c36,1,7C(40%)-3C,704.0,811.2682220413403
S123,4,b1c37,1,7C(40%)-3C,648.0,811.2682220413403
S123,5,b1c8,1,5.4C(40%)-3.6C,879.0,806.3277853958002
S123,5,b1c9,1,5.4C(40%)-3.6C,1054.0,806.3277853958002
S123,5,b1c22,1,6C(30%)-3.6C,891.0,806.3277853958002
S123,5,b1c23,1,6C(30%)-3.6C,1014.0,806.3277853958002
S123,5,b1c38,1,7C(40%)-3.6C,617.0,806.3277853958002
S123,5,b1c39,1,7C(40%)-3.6C,625.0,806.3277853958002
S124,1,b1c3,1,4C(80%)-4C,1226.0,831.4402759105707
S124,1,b1c4,1,4C(80%)-4C,1227.0,831.4402759105707
S124,1,b1c20,1,5.4C(80%)-5.4C,534.0,831.4402759105707
S124,1,b1c21,1,5.4C(80%)-5.4C,559.0,831.4402759105707
S124,1,b1c32,1,6C(60%)-3C,731.0,831.4402759105707
S124,1,b1c33,1,6C(60%)-3C,757.0,831.4402759105707
S124,1,b1c44,1,8C(35%)-3.6C,616.0,831.4402759105707
S124,1,b1c45,1,8C(35%)-3.6C,599.0,831.4402759105707
S124,2,b1c6,1,4.8C(80%)-4.8C,636.0,824.2234832028455
S124,2,b1c7,1,4.8C(80%)-4.8C,870.0,824.2234832028455
S124,2,b1c16,1,5.4C(60%)-3.6C,862.0,824.2234832028455
S124,2,b1c17,1,5.4C(60%)-3.6C,857.0,824.2234832028455
S124,2,b1c30,1,6C(50%)-3.6C,709.0,824.2234832028455
S124,2,b1c31,1,6C(50%)-3.6C,876.0,824.2234832028455
S124,2,b1c42,1,8C(25%)-3.6C,702.0,824.2234832028455
S124,2,b1c43,1,8C(25%)-3.6C,651.0,824.2234832028455
S124,3,b1c5,1,4.4C(80%)-4.4C,1074.0,779.299946698614
S124,3,b1c10,1,5.4C(50%)-3C,906.0,779.299946698614
S124,3,b1c11,1,5.4C(50%)-3C,788.0,779.299946698614
S124,3,b1c24,1,6C(40%)-3C,1017.0,779.299946698614
S124,3,b1c25,1,6C(40%)-3C,854.0,779.299946698614
S124,3,b1c40,1,8C(15%)-3.6C,966.0,779.299946698614
S124,3,b1c41,1,8C(15%)-3.6C,1051.0,779.299946698614
S124,4,b1c12,1,5.4C(50%)-3.6C,902.0,811.2682220413403
S124,4,b1c13,1,5.4C(50%)-3.6C,897.0,811.2682220413403
S124,4,b1c26,1,6C(40%)-3.6C,870.0,811.2682220413403
S124,4,b1c27,1,6C(40%)-3.6C,842.0,811.2682220413403
S124,4,b1c36,1,7C(40%)-3C,704.0,811.2682220413403
S124,4,b1c37,1,7C(40%)-3C,648.0,811.2682220413403
S124,5,b1c8,1,5.4C(40%)-3.6C,879.0,806.3277853958002
S124,5,b1c9,1,5.4C(40%)-3.6C,1054.0,806.3277853958002
S124,5,b1c22,1,6C(30%)-3.6C,891.0,806.3277853958002
S124,5,b1c23,1,6C(30%)-3.6C,1014.0,806.3277853958002
S124,5,b1c38,1,7C(40%)-3.6C,617.0,806.3277853958002
S124,5,b1c39,1,7C(40%)-3.6C,625.0,806.3277853958002
S125,1,b1c3,1,4C(80%)-4C,1226.0,1314.768836004957
S125,1,b1c4,1,4C(80%)-4C,1227.0,1319.804074472921
S125,1,b1c20,1,5.4C(80%)-5.4C,534.0,401.9349971086309
S125,1,b1c21,1,5.4C(80%)-5.4C,559.0,530.2343263975497
S125,1,b1c32,1,6C(60%)-3C,731.0,584.813532405785
S125,1,b1c33,1,6C(60%)-3C,757.0,543.8560268516067
S125,1,b1c44,1,8C(35%)-3.6C,616.0,579.4908471998228
S125,1,b1c45,1,8C(35%)-3.6C,599.0,570.2568167397818
S125,2,b1c6,1,4.8C(80%)-4.8C,636.0,710.3190018600055
S125,2,b1c7,1,4.8C(80%)-4.8C,870.0,829.3951846048587
S125,2,b1c16,1,5.4C(60%)-3.6C,862.0,923.0752214396734
S125,2,b1c17,1,5.4C(60%)-3.6C,857.0,871.0481366655976
S125,2,b1c30,1,6C(50%)-3.6C,709.0,775.7384660320205
S125,2,b1c31,1,6C(50%)-3.6C,876.0,818.7264678465103
S125,2,b1c42,1,8C(25%)-3.6C,702.0,749.0183175753041
S125,2,b1c43,1,8C(25%)-3.6C,651.0,774.49783871361
S125,3,b1c5,1,4.4C(80%)-4.4C,1074.0,990.2583891717543
S125,3,b1c10,1,5.4C(50%)-3C,906.0,931.5155981445373
S125,3,b1c11,1,5.4C(50%)-3C,788.0,849.4189026187303
S125,3,b1c24,1,6C(40%)-3C,1017.0,871.2310240766451
S125,3,b1c25,1,6C(40%)-3C,854.0,885.7111115094445
S125,3,b1c40,1,8C(15%)-3.6C,966.0,840.6949514388955
S125,3,b1c41,1,8C(15%)-3.6C,1051.0,826.7006559723069
S125,4,b1c12,1,5.4C(50%)-3.6C,902.0,906.5563317821725
S125,4,b1c13,1,5.4C(50%)-3.6C,897.0,931.3599399856034
S125,4,b1c26,1,6C(40%)-3.6C,870.0,819.5721735531212
S125,4,b1c27,1,6C(40%)-3.6C,842.0,823.9267557944202
S125,4,b1c36,1,7C(40%)-3C,704.0,803.0405087344195
S125,4,b1c37,1,7C(40%)-3C,648.0,766.2429471405161
S125,5,b1c8,1,5.4C(40%)-3.6C,879.0,962.2751995336755
S125,5,b1c9,1,5.4C(40%)-3.6C,1054.0,932.2047869649233
S125,5,b1c22,1,6C(30%)-3.6C,891.0,919.4416038366744
S125,5,b1c23,1,6C(30%)-3.6C,1014.0,992.2589504482928
S125,5,b1c38,1,7C(40%)-3.6C,617.0,592.6238677402793
S125,5,b1c39,1,7C(40%)-3.6C,625.0,623.9687539151049
S126,1,b1c3,1,4C(80%)-4C,1226.0,1316.7159633411095
S126,1,b1c4,1,4C(80%)-4C,1227.0,1320.4490852718925
S126,1,b1c20,1,5.4C(80%)-5.4C,534.0,397.99057271756294
S126,1,b1c21,1,5.4C(80%)-5.4C,559.0,529.5266846923287
S126,1,b1c32,1,6C(60%)-3C,731.0,581.8094620912302
S126,1,b1c33,1,6C(60%)-3C,757.0,540.0998613265504
S126,1,b1c44,1,8C(35%)-3.6C,616.0,577.5909930486644
S126,1,b1c45,1,8C(35%)-3.6C,599.0,568.5224215939913
S126,2,b1c6,1,4.8C(80%)-4.8C,636.0,700.9469861314161
S126,2,b1c7,1,4.8C(80%)-4.8C,870.0,825.556647931606
S126,2,b1c16,1,5.4C(60%)-3.6C,862.0,925.7686591362442
S126,2,b1c17,1,5.4C(60%)-3.6C,857.0,872.1973790312016
S126,2,b1c30,1,6C(50%)-3.6C,709.0,778.686189564836
S126,2,b1c31,1,6C(50%)-3.6C,876.0,822.4696254919586
S126,2,b1c42,1,8C(25%)-3.6C,702.0,746.7287521190102
S126,2,b1c43,1,8C(25%)-3.6C,651.0,775.9079140559608
S126,3,b1c5,1,4.4C(80%)-4.4C,1074.0,988.5802254840729
S126,3,b1c10,1,5.4C(50%)-3C,906.0,931.1331826920365
S126,3,b1c11,1,5.4C(50%)-3C,788.0,842.7907094442286
S126,3,b1c24,1,6C(40%)-3C,1017.0,869.9799704031512
S126,3,b1c25,1,6C(40%)-3C,854.0,884.7324386773245
S126,3,b1c40,1,8C(15%)-3.6C,966.0,840.3729117302148
S126,3,b1c41,1,8C(15%)-3.6C,1051.0,824.6018539939479
S126,4,b1c12,1,5.4C(50%)-3.6C,902.0,909.8090751931879
S126,4,b1c13,1,5.4C(50%)-3.6C,897.0,933.2346181451204
S126,4,b1c26,1,6C(40%)-3.6C,870.0,821.2604949122907
S126,4,b1c27,1,6C(40%)-3.6C,842.0,826.8835507441172
S126,4,b1c36,1,7C(40%)-3C,704.0,799.3054621359954
S126,4,b1c37,1,7C(40%)-3C,648.0,763.1479531267122
S126,5,b1c8,1,5.4C(40%)-3.6C,879.0,965.3016248436957
S126,5,b1c9,1,5.4C(40%)-3.6C,1054.0,933.8800978360385
S126,5,b1c22,1,6C(30%)-3.6C,891.0,922.5453765866852
S126,5,b1c23,1,6C(30%)-3.6C,1014.0,996.3351333963096
S126,5,b1c38,1,7C(40%)-3.6C,617.0,590.9984123142837
S126,5,b1c39,1,7C(40%)-3.6C,625.0,622.3842565883504
S127,1,b1c3,1,4C(80%)-4C,1226.0,1318.6036072636446
S127,1,b1c4,1,4C(80%)-4C,1227.0,1320.8365874041356
S127,1,b1c20,1,5.4C(80%)-5.4C,534.0,393.59853678623523
S127,1,b1c21,1,5.4C(80%)-5.4C,559.0,528.6801536646635
S127,1,b1c32,1,6C(60%)-3C,731.0,578.5515742132344
S127,1,b1c33,1,6C(60%)-3C,757.0,536.004156206144
S127,1,b1c44,1,8C(35%)-3.6C,616.0,575.5447087074538
S127,1,b1c45,1,8C(35%)-3.6C,599.0,566.7109768415635
S127,2,b1c6,1,4.8C(80%)-4.8C,636.0,690.0684593887927
S127,2,b1c7,1,4.8C(80%)-4.8C,870.0,820.9848043071585
S127,2,b1c16,1,5.4C(60%)-3.6C,862.0,928.9854346170699
S127,2,b1c17,1,5.4C(60%)-3.6C,857.0,873.6366688077846
S127,2,b1c30,1,6C(50%)-3.6C,709.0,782.1166329881696
S127,2,b1c31,1,6C(50%)-3.6C,876.0,827.0660558829063
S127,2,b1c42,1,8C(25%)-3.6C,702.0,744.0089242923523
S127,2,b1c43,1,8C(25%)-3.6C,651.0,777.49901686448
S127,3,b1c5,1,4.4C(80%)-4.4C,1074.0,986.7341316602128
S127,3,b1c10,1,5.4C(50%)-3C,906.0,930.7581388519499
S127,3,b1c11,1,5.4C(50%)-3C,788.0,835.5165238795909
S127,3,b1c24,1,6C(40%)-3C,1017.0,868.6505209378747
S127,3,b1c25,1,6C(40%)-3C,854.0,883.661884604034
S127,3,b1c40,1,8C(15%)-3.6C,966.0,839.8863484761991
S127,3,b1c41,1,8C(15%)-3.6C,1051.0,822.1717603002645
S127,4,b1c12,1,5.4C(50%)-3.6C,902.0,913.5110433575747
S127,4,b1c13,1,5.4C(50%)-3.6C,897.0,935.3632767128704
S127,4,b1c26,1,6C(40%)-3.6C,870.0,823.1533280284109
S127,4,b1c27,1,6C(40%)-3.6C,842.0,830.2014319556033
S127,4,b1c36,1,7C(40%)-3C,704.0,795.063836653141
S127,4,b1c37,1,7C(40%)-3C,648.0,759.6378011927991
S127,5,b1c8,1,5.4C(40%)-3.6C,879.0,968.9377884909154
S127,5,b1c9,1,5.4C(40%)-3.6C,1054.0,936.0057715336508
S127,5,b1c22,1,6C(30%)-3.6C,891.0,926.2387281505394
S127,5,b1c23,1,6C(30%)-3.6C,1014.0,1001.0613733815844
S127,5,b1c38,1,7C(40%)-3.6C,617.0,589.385453096141
S127,5,b1c39,1,7C(40%)-3.6C,625.0,620.7841285518475
S128,1,b1c3,1,4C(80%)-4C,1226.0,1273.2660653007383
S128,1,b1c4,1,4C(80%)-4C,1227.0,1287.977320460197
S128,1,b1c20,1,5.4C(80%)-5.4C,534.0,443.165842155332
S128,1,b1c21,1,5.4C(80%)-5.4C,559.0,535.0855156529437
S128,1,b1c32,1,6C(60%)-3C,731.0,621.9377671725433
S128,1,b1c33,1,6C(60%)-3C,757.0,588.7611328354142
S128,1,b1c44,1,8C(35%)-3.6C,616.0,603.5779702089275
S128,1,b1c45,1,8C(35%)-3.6C,599.0,596.3285796178892
S128,2,b1c6,1,4.8C(80%)-4.8C,636.0,785.0693512148405
S128,2,b1c7,1,4.8C(80%)-4.8C,870.0,853.5780485794755
S128,2,b1c16,1,5.4C(60%)-3.6C,862.0,905.1982244936834
S128,2,b1c17,1,5.4C(60%)-3.6C,857.0,867.0131743884751
S128,2,b1c30,1,6C(50%)-3.6C,709.0,753.1907349363432
S128,2,b1c31,1,6C(50%)-3.6C,876.0,802.4461154117629
S128,2,b1c42,1,8C(25%)-3.6C,702.0,763.5832214715988
S128,2,b1c43,1,8C(25%)-3.6C,651.0,760.5104625593272
S128,3,b1c5,1,4.4C(80%)-4.4C,1074.0,1006.0889687346723
S128,3,b1c10,1,5.4C(50%)-3C,906.0,936.1934396218387
S128,3,b1c11,1,5.4C(50%)-3C,788.0,916.8842647906381
S128,3,b1c24,1,6C(40%)-3C,1017.0,884.7749903372951
S128,3,b1c25,1,6C(40%)-3C,854.0,894.6636950599302
S128,3,b1c40,1,8C(15%)-3.6C,966.0,837.3603515327143
S128,3,b1c41,1,8C(15%)-3.6C,1051.0,842.032035644493
S128,4,b1c12,1,5.4C(50%)-3.6C,902.0,880.018257306476
S128,4,b1c13,1,5.4C(50%)-3.6C,897.0,915.2432967356388
S128,4,b1c26,1,6C(40%)-3.6C,870.0,804.1239975019864
S128,4,b1c27,1,6C(40%)-3.6C,842.0,797.1543154435767
S128,4,b1c36,1,7C(40%)-3C,704.0,834.326204317472
S128,4,b1c37,1,7C(40%)-3C,648.0,792.9429457762063
S128,5,b1c8,1,5.4C(40%)-3.6C,879.0,937.6431795902851
S128,5,b1c9,1,5.4C(40%)-3.6C,1054.0,922.0124614300316
S128,5,b1c22,1,6C(30%)-3.6C,891.0,893.141665572604
S128,5,b1c23,1,6C(30%)-3.6C,1014.0,954.0481196355636
S128,5,b1c38,1,7C(40%)-3.6C,617.0,617.3458562604653
S128,5,b1c39,1,7C(40%)-3.6C,625.0,647.190825731649
S129,1,b1c3,1,4C(80%)-4C,1226.0,1292.7073458067919
S129,1,b1c4,1,4C(80%)-4C,1227.0,1305.2477313728848
S129,1,b1c20,1,5.4C(80%)-5.4C,534.0,428.36424195645566
S129,1,b1c21,1,5.4C(80%)-5.4C,559.0,533.4138449574647
S129,1,b1c32,1,6C(60%)-3C,731.0,607.7917050052374
S129,1,b1c33,1,6C(60%)-3C,757.0,571.9682428246662
S129,1,b1c44,1,8C(35%)-3.6C,616.0,594.202459975997
S129,1,b1c45,1,8C(35%)-3.6C,599.0,585.4529678511203
S129,2,b1c6,1,4.8C(80%)-4.8C,636.0,764.3452363440662
S129,2,b1c7,1,4.8C(80%)-4.8C,870.0,848.5912975004837
S129,2,b1c16,1,5.4C(60%)-3.6C,862.0,910.141879974486
S129,2,b1c17,1,5.4C(60%)-3.6C,857.0,867.2578903809073
S129,2,b1c30,1,6C(50%)-3.6C,709.0,759.3459764663553
S129,2,b1c31,1,6C(50%)-3.6C,876.0,803.1936115265064
S129,2,b1c42,1,8C(25%)-3.6C,702.0,760.660664303829
S129,2,b1c43,1,8C(25%)-3.6C,651.0,765.1936510908971
S129,3,b1c5,1,4.4C(80%)-4.4C,1074.0,1001.488341592511
S129,3,b1c10,1,5.4C(50%)-3C,906.0,934.6234166681628
S129,3,b1c11,1,5.4C(50%)-3C,788.0,895.238675751104
S129,3,b1c24,1,6C(40%)-3C,1017.0,880.2225919166854
S129,3,b1c25,1,6C(40%)-3C,854.0,892.0817378191933
S129,3,b1c40,1,8C(15%)-3.6C,966.0,840.0959092958135
S129,3,b1c41,1,8C(15%)-3.6C,1051.0,838.6092648853053
S129,4,b1c12,1,5.4C(50%)-3.6C,902.0,887.4928580532842
S129,4,b1c13,1,5.4C(50%)-3.6C,897.0,920.0051370259764
S129,4,b1c26,1,6C(40%)-3.6C,870.0,808.6186808560274
S129,4,b1c27,1,6C(40%)-3.6C,842.0,805.0903969765276
S129,4,b1c36,1,7C(40%)-3C,704.0,825.3772372720201
S129,4,b1c37,1,7C(40%)-3C,648.0,785.0760266127899
S129,5,b1c8,1,5.4C(40%)-3.6C,879.0,944.7903701134701
S129,5,b1c9,1,5.4C(40%)-3.6C,1054.0,924.2590162301142
S129,5,b1c22,1,6C(30%)-3.6C,891.0,901.0052812683805
S129,5,b1c23,1,6C(30%)-3.6C,1014.0,966.3230324362676
S129,5,b1c38,1,7C(40%)-3.6C,617.0,607.1868345019719
S129,5,b1c39,1,7C(40%)-3.6C,625.0,637.7987492778203
S130,1,b1c3,1,4C(80%)-4C,1226.0,1313.1562641452456
S130,1,b1c4,1,4C(80%)-4C,1227.0,1319.187579139116
S130,1,b1c20,1,5.4C(80%)-5.4C,534.0,403.58330064499796
S130,1,b1c21,1,5.4C(80%)-5.4C,559.0,530.2010112329481
S130,1,b1c32,1,6C(60%)-3C,731.0,586.6469312732349
S130,1,b1c33,1,6C(60%)-3C,757.0,546.1643963128354
S130,1,b1c44,1,8C(35%)-3.6C,616.0,580.4794999029732
S130,1,b1c45,1,8C(35%)-3.6C,599.0,571.3037126482129
S130,2,b1c6,1,4.8C(80%)-4.8C,636.0,714.9476075091219
S130,2,b1c7,1,4.8C(80%)-4.8C,870.0,831.0294248153704
S130,2,b1c16,1,5.4C(60%)-3.6C,862.0,923.3215332930267
S130,2,b1c17,1,5.4C(60%)-3.6C,857.0,871.4490943056941
S130,2,b1c30,1,6C(50%)-3.6C,709.0,774.7745509988526
S130,2,b1c31,1,6C(50%)-3.6C,876.0,817.1417496094389
S130,2,b1c42,1,8C(25%)-3.6C,702.0,750.2527649281553
S130,2,b1c43,1,8C(25%)-3.6C,651.0,773.8720505266097
S130,3,b1c5,1,4.4C(80%)-4.4C,1074.0,991.0127668471861
S130,3,b1c10,1,5.4C(50%)-3C,906.0,931.62378247798
S130,3,b1c11,1,5.4C(50%)-3C,788.0,853.6137222177395
S130,3,b1c24,1,6C(40%)-3C,1017.0,871.6957573014707
S130,3,b1c25,1,6C(40%)-3C,854.0,886.2303509719177
S130,3,b1c40,1,8C(15%)-3.6C,966.0,840.920796474666
S130,3,b1c41,1,8C(15%)-3.6C,1051.0,827.9671673361021
S130,4,b1c12,1,5.4C(50%)-3.6C,902.0,905.4584460368764
S130,4,b1c13,1,5.4C(50%)-3.6C,897.0,930.5214935145168
S130,4,b1c26,1,6C(40%)-3.6C,870.0,818.37701001738
S130,4,b1c27,1,6C(40%)-3.6C,842.0,822.318568248774
S130,4,b1c36,1,7C(40%)-3C,704.0,804.5203596039532
S130,4,b1c37,1,7C(40%)-3C,648.0,767.6045687698149
S130,5,b1c8,1,5.4C(40%)-3.6C,879.0,959.5898004543436
S130,5,b1c9,1,5.4C(40%)-3.6C,1054.0,930.5245331666907
S130,5,b1c22,1,6C(30%)-3.6C,891.0,916.8014696942934
S130,5,b1c23,1,6C(30%)-3.6C,1014.0,989.1929814808911
S130,5,b1c38,1,7C(40%)-3.6C,617.0,593.0167777464751
S130,5,b1c39,1,7C(40%)-3.6C,625.0,624.4890892640013
S131,1,b1c3,1,4C(80%)-4C,1226.0,1089.670392566794
S131,1,b1c4,1,4C(80%)-4C,1227.0,1105.6120420437883
S131,1,b1c20,1,5.4C(80%)-5.4C,534.0,571.599743381807
S131,1,b1c21,1,5.4C(80%)-5.4C,559.0,602.279626425864
S131,1,b1c32,1,6C(60%)-3C,731.0,722.3489768808264
S131,1,b1c33,1,6C(60%)-3C,757.0,706.0724545736794
S131,1,b1c44,1,8C(35%)-3.6C,616.0,676.8920805028164
S131,1,b1c45,1,8C(35%)-3.6C,599.0,683.1181756951737
S131,2,b1c6,1,4.8C(80%)-4.8C,636.0,828.9670028291566
S131,2,b1c7,1,4.8C(80%)-4.8C,870.0,849.1466372857606
S131,2,b1c16,1,5.4C(60%)-3.6C,862.0,892.7431211240539
S131,2,b1c17,1,5.4C(60%)-3.6C,857.0,874.2909473013592
S131,2,b1c30,1,6C(50%)-3.6C,709.0,761.5946056936186
S131,2,b1c31,1,6C(50%)-3.6C,876.0,833.297826592702
S131,2,b1c42,1,8C(25%)-3.6C,702.0,770.7247255724567
S131,2,b1c43,1,8C(25%)-3.6C,651.0,755.9978878916029
S131,3,b1c5,1,4.4C(80%)-4.4C,1074.0,980.272688216538
S131,3,b1c10,1,5.4C(50%)-3C,906.0,914.4689326278084
S131,3,b1c11,1,5.4C(50%)-3C,788.0,935.7927249974105
S131,3,b1c24,1,6C(40%)-3C,1017.0,874.9579197744027
S131,3,b1c25,1,6C(40%)-3C,854.0,876.3056432325176
S131,3,b1c40,1,8C(15%)-3.6C,966.0,813.3929064924399
S131,3,b1c41,1,8C(15%)-3.6C,1051.0,830.7695923956828
S131,4,b1c12,1,5.4C(50%)-3.6C,902.0,868.6017413257084
S131,4,b1c13,1,5.4C(50%)-3.6C,897.0,894.5221095881958
S131,4,b1c26,1,6C(40%)-3.6C,870.0,802.1616901944154
S131,4,b1c27,1,6C(40%)-3.6C,842.0,792.8260853023536
S131,4,b1c36,1,7C(40%)-3C,704.0,845.2733095399913
S131,4,b1c37,1,7C(40%)-3C,648.0,813.9455096029533
S131,5,b1c8,1,5.4C(40%)-3.6C,879.0,900.0684040882409
S131,5,b1c9,1,5.4C(40%)-3.6C,1054.0,901.2468817931452
S131,5,b1c22,1,6C(30%)-3.6C,891.0,859.537203102909
S131,5,b1c23,1,6C(30%)-3.6C,1014.0,896.7036464955794
S131,5,b1c38,1,7C(40%)-3.6C,617.0,687.7427419304836
S131,5,b1c39,1,7C(40%)-3.6C,625.0,709.6804450061829
S132,1,b1c3,1,4C(80%)-4C,1226.0,1146.023951541432
S132,1,b1c4,1,4C(80%)-4C,1227.0,1163.5003294372284
S132,1,b1c20,1,5.4C(80%)-5.4C,534.0,530.2092677262154
S132,1,b1c21,1,5.4C(80%)-5.4C,559.0,570.9782833954519
S132,1,b1c32,1,6C(60%)-3C,731.0,693.4139023210234
S132,1,b1c33,1,6C(60%)-3C,757.0,672.9169417722383
S132,1,b1c44,1,8C(35%)-3.6C,616.0,652.408079686266
S132,1,b1c45,1,8C(35%)-3.6C,599.0,655.029178351562
S132,2,b1c6,1,4.8C(80%)-4.8C,636.0,823.9847543386651
S132,2,b1c7,1,4.8C(80%)-4.8C,870.0,851.226677397963
S132,2,b1c16,1,5.4C(60%)-3.6C,862.0,896.480609373014
S132,2,b1c17,1,5.4C(60%)-3.6C,857.0,873.1902305443364
S132,2,b1c30,1,6C(50%)-3.6C,709.0,752.5181838686267
S132,2,b1c31,1,6C(50%)-3.6C,876.0,824.4925729724034
S132,2,b1c42,1,8C(25%)-3.6C,702.0,765.8528194044634
S132,2,b1c43,1,8C(25%)-3.6C,651.0,751.2313927338149
S132,3,b1c5,1,4.4C(80%)-4.4C,1074.0,998.2548131734065
S132,3,b1c10,1,5.4C(50%)-3C,906.0,926.6996970449411
S132,3,b1c11,1,5.4C(50%)-3C,788.0,947.0125875027151
S132,3,b1c24,1,6C(40%)-3C,1017.0,883.6291099596235
S132,3,b1c25,1,6C(40%)-3C,854.0,886.9075875004557
S132,3,b1c40,1,8C(15%)-3.6C,966.0,820.2435250893785
S132,3,b1c41,1,8C(15%)-3.6C,1051.0,837.478797053113
S132,4,b1c12,1,5.4C(50%)-3.6C,902.0,870.2088265576658
S132,4,b1c13,1,5.4C(50%)-3.6C,897.0,901.1844022029209
S132,4,b1c26,1,6C(40%)-3.6C,870.0,798.9320404869402
S132,4,b1c27,1,6C(40%)-3.6C,842.0,788.281997032268
S132,4,b1c36,1,7C(40%)-3C,704.0,845.8106449163547
S132,4,b1c37,1,7C(40%)-3C,648.0,809.6882916144878
S132,5,b1c8,1,5.4C(40%)-3.6C,879.0,910.698041369022
S132,5,b1c9,1,5.4C(40%)-3.6C,1054.0,909.4568360577716
S132,5,b1c22,1,6C(30%)-3.6C,891.0,866.9399533927068
S132,5,b1c23,1,6C(30%)-3.6C,1014.0,910.8327471738962
S132,5,b1c38,1,7C(40%)-3.6C,617.0,664.6872912344014
S132,5,b1c39,1,7C(40%)-3.6C,625.0,689.6487812496505
S133,1,b1c3,1,4C(80%)-4C,1226.0,1258.4995826302152
S133,1,b1c4,1,4C(80%)-4C,1227.0,1276.997793628185
S133,1,b1c20,1,5.4C(80%)-5.4C,534.0,446.814501670485
S133,1,b1c21,1,5.4C(80%)-5.4C,559.0,532.4854831854733
S133,1,b1c32,1,6C(60%)-3C,731.0,631.543037064582
S133,1,b1c33,1,6C(60%)-3C,757.0,600.4015859396407
S133,1,b1c44,1,8C(35%)-3.6C,616.0,608.2342142045484
S133,1,b1c45,1,8C(35%)-3.6C,599.0,603.087825931861
S133,2,b1c6,1,4.8C(80%)-4.8C,636.0,789.4650921161125
S133,2,b1c7,1,4.8C(80%)-4.8C,870.0,851.4609477942215
S133,2,b1c16,1,5.4C(60%)-3.6C,862.0,905.7482691980782
S133,2,b1c17,1,5.4C(60%)-3.6C,857.0,867.6026590657842
S133,2,b1c30,1,6C(50%)-3.6C,709.0,752.7052368184017
S133,2,b1c31,1,6C(50%)-3.6C,876.0,802.5813891952345
S133,2,b1c42,1,8C(25%)-3.6C,702.0,763.4251259931332
S133,2,b1c43,1,8C(25%)-3.6C,651.0,759.3535189438325
S133,3,b1c5,1,4.4C(80%)-4.4C,1074.0,1007.0868094661598
S133,3,b1c10,1,5.4C(50%)-3C,906.0,934.9736596142006
S133,3,b1c11,1,5.4C(50%)-3C,788.0,923.9587840898965
S133,3,b1c24,1,6C(40%)-3C,1017.0,885.2963209443758
S133,3,b1c25,1,6C(40%)-3C,854.0,895.8705445736593
S133,3,b1c40,1,8C(15%)-3.6C,966.0,839.8444835385626
S133,3,b1c41,1,8C(15%)-3.6C,1051.0,846.1965057355062
S133,4,b1c12,1,5.4C(50%)-3.6C,902.0,878.2948414185597
S133,4,b1c13,1,5.4C(50%)-3.6C,897.0,912.9125103517733
S133,4,b1c26,1,6C(40%)-3.6C,870.0,799.9787920254795
S133,4,b1c27,1,6C(40%)-3.6C,842.0,792.0875380397844
S133,4,b1c36,1,7C(40%)-3C,704.0,837.96075740451
S133,4,b1c37,1,7C(40%)-3C,648.0,797.0512923694187
S133,5,b1c8,1,5.4C(40%)-3.6C,879.0,929.5381342774004
S133,5,b1c9,1,5.4C(40%)-3.6C,1054.0,918.3784809080317
S133,5,b1c22,1,6C(30%)-3.6C,891.0,884.9968652503563
S133,5,b1c23,1,6C(30%)-3.6C,1014.0,943.4697793674014
S133,5,b1c38,1,7C(40%)-3.6C,617.0,621.3920232438077
S133,5,b1c39,1,7C(40%)-3.6C,625.0,651.4499183848501
S134,1,b1c3,1,4C(80%)-4C,1226.0,901.2426325611618
S134,1,b1c4,1,4C(80%)-4C,1227.0,907.180489617178
S134,1,b1c20,1,5.4C(80%)-5.4C,534.0,773.7972129366958
S134,1,b1c21,1,5.4C(80%)-5.4C,559.0,779.3622024546114
S134,1,b1c32,1,6C(60%)-3C,731.0,817.0425334186036
S134,1,b1c33,1,6C(60%)-3C,757.0,814.0075590944916
S134,1,b1c44,1,8C(35%)-3.6C,616.0,796.0748959507238
S134,1,b1c45,1,8C(35%)-3.6C,599.0,800.1112018673351
S134,2,b1c6,1,4.8C(80%)-4.8C,636.0,840.2272691338184
S134,2,b1c7,1,4.8C(80%)-4.8C,870.0,845.0776908456997
S134,2,b1c16,1,5.4C(60%)-3.6C,862.0,862.3456214333519
S134,2,b1c17,1,5.4C(60%)-3.6C,857.0,857.5992110263602
S134,2,b1c30,1,6C(50%)-3.6C,709.0,820.1521126885299
S134,2,b1c31,1,6C(50%)-3.6C,876.0,844.9031666412658
S134,2,b1c42,1,8C(25%)-3.6C,702.0,820.8963099570287
S134,2,b1c43,1,8C(25%)-3.6C,651.0,815.2925472416842
S134,3,b1c5,1,4.4C(80%)-4.4C,1074.0,856.754277924406
S134,3,b1c10,1,5.4C(50%)-3C,906.0,835.0240906082082
S134,3,b1c11,1,5.4C(50%)-3C,788.0,842.4861774720983
S134,3,b1c24,1,6C(40%)-3C,1017.0,821.8720750778001
S134,3,b1c25,1,6C(40%)-3C,854.0,821.5368067026182
S134,3,b1c40,1,8C(15%)-3.6C,966.0,800.5189923405461
S134,3,b1c41,1,8C(15%)-3.6C,1051.0,806.7517737162865
S134,4,b1c12,1,5.4C(50%)-3.6C,902.0,846.2149042222576
S134,4,b1c13,1,5.4C(50%)-3.6C,897.0,852.061331623392
S134,4,b1c26,1,6C(40%)-3.6C,870.0,823.5400040483676
S134,4,b1c27,1,6C(40%)-3.6C,842.0,821.4974089493849
S134,4,b1c36,1,7C(40%)-3C,704.0,836.6198813394216
S134,4,b1c37,1,7C(40%)-3C,648.0,828.1476727739524
S134,5,b1c8,1,5.4C(40%)-3.6C,879.0,846.7323494841179
S134,5,b1c9,1,5.4C(40%)-3.6C,1054.0,848.4239409790891
S134,5,b1c22,1,6C(30%)-3.6C,891.0,833.9441711228185
S134,5,b1c23,1,6C(30%)-3.6C,1014.0,843.8367425872877
S134,5,b1c38,1,7C(40%)-3.6C,617.0,787.2378389662418
S134,5,b1c39,1,7C(40%)-3.6C,625.0,793.6372482302329
S135,1,b1c3,1,4C(80%)-4C,1226.0,929.700120550569
S135,1,b1c4,1,4C(80%)-4C,1227.0,938.7048887237255
S135,1,b1c20,1,5.4C(80%)-5.4C,534.0,738.1962829287196
S135,1,b1c21,1,5.4C(80%)-5.4C,559.0,747.7410757466355
S135,1,b1c32,1,6C(60%)-3C,731.0,805.4815240755282
S135,1,b1c33,1,6C(60%)-3C,757.0,800.8976671670392
S135,1,b1c44,1,8C(35%)-3.6C,616.0,775.3331311611148
S135,1,b1c45,1,8C(35%)-3.6C,599.0,780.6380562127166
S135,2,b1c6,1,4.8C(80%)-4.8C,636.0,839.2375718533267
S135,2,b1c7,1,4.8C(80%)-4.8C,870.0,845.076511559803
S135,2,b1c16,1,5.4C(60%)-3.6C,862.0,869.0301591014819
S135,2,b1c17,1,5.4C(60%)-3.6C,857.0,861.6523338935
S135,2,b1c30,1,6C(50%)-3.6C,709.0,807.5139958699662
S135,2,b1c31,1,6C(50%)-3.6C,876.0,843.0668495986824
S135,2,b1c42,1,8C(25%)-3.6C,702.0,809.5158168919097
S135,2,b1c43,1,8C(25%)-3.6C,651.0,801.4543206659313
S135,3,b1c5,1,4.4C(80%)-4.4C,1074.0,883.4705512603118
S135,3,b1c10,1,5.4C(50%)-3C,906.0,851.0187356166313
S135,3,b1c11,1,5.4C(50%)-3C,788.0,863.8773961046998
S135,3,b1c24,1,6C(40%)-3C,1017.0,832.7106232358094
S135,3,b1c25,1,6C(40%)-3C,854.0,832.6302509627297
S135,3,b1c40,1,8C(15%)-3.6C,966.0,803.2971100524795
S135,3,b1c41,1,8C(15%)-3.6C,1051.0,812.5435596949715
S135,4,b1c12,1,5.4C(50%)-3.6C,902.0,852.2409390158051
S135,4,b1c13,1,5.4C(50%)-3.6C,897.0,860.9383921450238
S135,4,b1c26,1,6C(40%)-3.6C,870.0,819.1574882701827
S135,4,b1c27,1,6C(40%)-3.6C,842.0,816.0081646551039
S135,4,b1c36,1,7C(40%)-3C,704.0,837.4857957846795
S135,4,b1c37,1,7C(40%)-3C,648.0,825.1195739097998
S135,5,b1c8,1,5.4C(40%)-3.6C,879.0,857.1433104821128
S135,5,b1c9,1,5.4C(40%)-3.6C,1054.0,859.8980562077979
S135,5,b1c22,1,6C(30%)-3.6C,891.0,839.1114219960072
S135,5,b1c23,1,6C(30%)-3.6C,1014.0,853.7255085043184
S135,5,b1c38,1,7C(40%)-3.6C,617.0,768.3299225128766
S135,5,b1c39,1,7C(40%)-3.6C,625.0,777.8256497091139
S136,1,b1c3,1,4C(80%)-4C,1226.0,1042.0878806855676
S136,1,b1c4,1,4C(80%)-4C,1227.0,1067.3260863187218
S136,1,b1c20,1,5.4C(80%)-5.4C,534.0,647.6113058963294
S136,1,b1c21,1,5.4C(80%)-5.4C,559.0,647.9274507680313
S136,1,b1c32,1,6C(60%)-3C,731.0,757.0697698699066
S136,1,b1c33,1,6C(60%)-3C,757.0,750.6152415279558
S136,1,b1c44,1,8C(35%)-3.6C,616.0,702.0906699579995
S136,1,b1c45,1,8C(35%)-3.6C,599.0,703.5405739651457
S136,2,b1c6,1,4.8C(80%)-4.8C,636.0,825.838371907617
S136,2,b1c7,1,4.8C(80%)-4.8C,870.0,838.0062057831648
S136,2,b1c16,1,5.4C(60%)-3.6C,862.0,889.5494445813301
S136,2,b1c17,1,5.4C(60%)-3.6C,857.0,871.6258494398774
S136,2,b1c30,1,6C(50%)-3.6C,709.0,769.646659134295
S136,2,b1c31,1,6C(50%)-3.6C,876.0,833.7534264964859
S136,2,b1c42,1,8C(25%)-3.6C,702.0,773.2868030235845
S136,2,b1c43,1,8C(25%)-3.6C,651.0,760.9190211828308
S136,3,b1c5,1,4.4C(80%)-4.4C,1074.0,964.8277839331472
S136,3,b1c10,1,5.4C(50%)-3C,906.0,899.3185458860015
S136,3,b1c11,1,5.4C(50%)-3C,788.0,926.8405488713892
S136,3,b1c24,1,6C(40%)-3C,1017.0,866.2464879327108
S136,3,b1c25,1,6C(40%)-3C,854.0,869.286127646273
S136,3,b1c40,1,8C(15%)-3.6C,966.0,819.6972853617066
S136,3,b1c41,1,8C(15%)-3.6C,1051.0,836.4220493072182
S136,4,b1c12,1,5.4C(50%)-3.6C,902.0,867.8318039183978
S136,4,b1c13,1,5.4C(50%)-3.6C,897.0,886.8616761274556
S136,4,b1c26,1,6C(40%)-3.6C,870.0,803.1202392486102
S136,4,b1c27,1,6C(40%)-3.6C,842.0,796.2127913372142
S136,4,b1c36,1,7C(40%)-3C,704.0,837.4638072274292
S136,4,b1c37,1,7C(40%)-3C,648.0,812.2456613632426
S136,5,b1c8,1,5.4C(40%)-3.6C,879.0,891.2297017156544
S136,5,b1c9,1,5.4C(40%)-3.6C,1054.0,896.2499970297247
S136,5,b1c22,1,6C(30%)-3.6C,891.0,858.3218636216325
S136,5,b1c23,1,6C(30%)-3.6C,1014.0,890.2933415326472
S136,5,b1c38,1,7C(40%)-3.6C,617.0,699.2457193874578
S136,5,b1c39,1,7C(40%)-3.6C,625.0,719.2691112644011
S137,1,b1c3,1,4C(80%)-4C,1226.0,849.1257548518191
S137,1,b1c4,1,4C(80%)-4C,1227.0,849.8637985713225
S137,1,b1c20,1,5.4C(80%)-5.4C,534.0,835.7296380387429
S137,1,b1c21,1,5.4C(80%)-5.4C,559.0,836.4221248761689
S137,1,b1c32,1,6C(60%)-3C,731.0,840.512438462862
S137,1,b1c33,1,6C(60%)-3C,757.0,840.2239409577869
S137,1,b1c44,1,8C(35%)-3.6C,616.0,838.0460146826388
S137,1,b1c45,1,8C(35%)-3.6C,599.0,838.5104664828816
S137,2,b1c6,1,4.8C(80%)-4.8C,636.0,845.4886161859087
S137,2,b1c7,1,4.8C(80%)-4.8C,870.0,845.950393723077
S137,2,b1c16,1,5.4C(60%)-3.6C,862.0,848.0820917698323
S137,2,b1c17,1,5.4C(60%)-3.6C,857.0,847.5009312559326
S137,2,b1c30,1,6C(50%)-3.6C,709.0,843.1113732043902
S137,2,b1c31,1,6C(50%)-3.6C,876.0,845.9672831042334
S137,2,b1c42,1,8C(25%)-3.6C,702.0,843.3129280907044
S137,2,b1c43,1,8C(25%)-3.6C,651.0,842.6206360799723
S137,3,b1c5,1,4.4C(80%)-4.4C,1074.0,805.2853360391227
S137,3,b1c10,1,5.4C(50%)-3C,906.0,802.6045748123821
S137,3,b1c11,1,5.4C(50%)-3C,788.0,803.6500460097213
S137,3,b1c24,1,6C(40%)-3C,1017.0,801.1134527870063
S137,3,b1c25,1,6C(40%)-3C,854.0,801.0911104226055
S137,3,b1c40,1,8C(15%)-3.6C,966.0,798.7488897090057
S137,3,b1c41,1,8C(15%)-3.6C,1051.0,799.5100840000296
S137,4,b1c12,1,5.4C(50%)-3.6C,902.0,834.3542253185883
S137,4,b1c13,1,5.4C(50%)-3.6C,897.0,834.9414209362105
S137,4,b1c26,1,6C(40%)-3.6C,870.0,831.6391495351573
S137,4,b1c27,1,6C(40%)-3.6C,842.0,831.4341663912994
S137,4,b1c36,1,7C(40%)-3C,704.0,833.0617714471905
S137,4,b1c37,1,7C(40%)-3C,648.0,832.1387965810453
S137,5,b1c8,1,5.4C(40%)-3.6C,879.0,827.6848216673372
S137,5,b1c9,1,5.4C(40%)-3.6C,1054.0,827.9644956363472
S137,5,b1c22,1,6C(30%)-3.6C,891.0,826.3107455417365
S137,5,b1c23,1,6C(30%)-3.6C,1014.0,827.3957950039044
S137,5,b1c38,1,7C(40%)-3.6C,617.0,820.8814121277719
S137,5,b1c39,1,7C(40%)-3.6C,625.0,821.6178021640651
S138,1,b1c3,1,4C(80%)-4C,1226.0,846.4330600424651
S138,1,b1c4,1,4C(80%)-4C,1227.0,847.6720605976193
S138,1,b1c20,1,5.4C(80%)-5.4C,534.0,839.7159682294614
S138,1,b1c21,1,5.4C(80%)-5.4C,559.0,839.6109684986448
S138,1,b1c32,1,6C(60%)-3C,731.0,841.48331908593
S138,1,b1c33,1,6C(60%)-3C,757.0,841.6077151665568
S138,1,b1c44,1,8C(35%)-3.6C,616.0,840.1290868112818
S138,1,b1c45,1,8C(35%)-3.6C,599.0,840.1567673261741
S138,2,b1c6,1,4.8C(80%)-4.8C,636.0,845.0540868203581
S138,2,b1c7,1,4.8C(80%)-4.8C,870.0,845.5627627020184
S138,2,b1c16,1,5.4C(60%)-3.6C,862.0,848.2602130043729
S138,2,b1c17,1,5.4C(60%)-3.6C,857.0,847.3680299092287
S138,2,b1c30,1,6C(50%)-3.6C,709.0,842.6136114650765
S138,2,b1c31,1,6C(50%)-3.6C,876.0,845.1130644132764
S138,2,b1c42,1,8C(25%)-3.6C,702.0,843.2388585123523
S138,2,b1c43,1,8C(25%)-3.6C,651.0,842.4178824064056
S138,3,b1c5,1,4.4C(80%)-4.4C,1074.0,805.9811301777014
S138,3,b1c10,1,5.4C(50%)-3C,906.0,803.0296266196807
S138,3,b1c11,1,5.4C(50%)-3C,788.0,804.2880314582894
S138,3,b1c24,1,6C(40%)-3C,1017.0,801.4910560089911
S138,3,b1c25,1,6C(40%)-3C,854.0,801.6462102290548
S138,3,b1c40,1,8C(15%)-3.6C,966.0,799.6115592602562
S138,3,b1c41,1,8C(15%)-3.6C,1051.0,800.3985876255854
S138,4,b1c12,1,5.4C(50%)-3.6C,902.0,834.7588160463724
S138,4,b1c13,1,5.4C(50%)-3.6C,897.0,835.0835410125628
S138,4,b1c26,1,6C(40%)-3.6C,870.0,831.4409280911796
S138,4,b1c27,1,6C(40%)-3.6C,842.0,831.4018125064257
S138,4,b1c36,1,7C(40%)-3C,704.0,832.6354791334306
S138,4,b1c37,1,7C(40%)-3C,648.0,831.7909091631223
S138,5,b1c8,1,5.4C(40%)-3.6C,879.0,827.7129139498581
S138,5,b1c9,1,5.4C(40%)-3.6C,1054.0,828.3188317803794
S138,5,b1c22,1,6C(30%)-3.6C,891.0,826.6523425231915
S138,5,b1c23,1,6C(30%)-3.6C,1014.0,827.6475387308836
S138,5,b1c38,1,7C(40%)-3.6C,617.0,820.4458675785484
S138,5,b1c39,1,7C(40%)-3.6C,625.0,821.264128532549
S139,1,b1c3,1,4C(80%)-4C,1226.0,848.3646520141094
S139,1,b1c4,1,4C(80%)-4C,1227.0,850.3524315046355
S139,1,b1c20,1,5.4C(80%)-5.4C,534.0,837.9439084898862
S139,1,b1c21,1,5.4C(80%)-5.4C,559.0,837.7801481953256
S139,1,b1c32,1,6C(60%)-3C,731.0,840.6497003003616
S139,1,b1c33,1,6C(60%)-3C,757.0,840.8492638481474
S139,1,b1c44,1,8C(35%)-3.6C,616.0,838.4619784602601
S139,1,b1c45,1,8C(35%)-3.6C,599.0,838.5064786746985
S139,2,b1c6,1,4.8C(80%)-4.8C,636.0,839.7697178773716
S139,2,b1c7,1,4.8C(80%)-4.8C,870.0,840.7210346007043
S139,2,b1c16,1,5.4C(60%)-3.6C,862.0,849.6018388908085
S139,2,b1c17,1,5.4C(60%)-3.6C,857.0,846.2901329375144
S139,2,b1c30,1,6C(50%)-3.6C,709.0,838.8490318801322
S139,2,b1c31,1,6C(50%)-3.6C,876.0,839.0463354975267
S139,2,b1c42,1,8C(25%)-3.6C,702.0,842.68053995459
S139,2,b1c43,1,8C(25%)-3.6C,651.0,841.1502878788361
S139,3,b1c5,1,4.4C(80%)-4.4C,1074.0,811.8853341466948
S139,3,b1c10,1,5.4C(50%)-3C,906.0,807.6740676585962
S139,3,b1c11,1,5.4C(50%)-3C,788.0,810.5988938409488
S139,3,b1c24,1,6C(40%)-3C,1017.0,805.0325027062173
S139,3,b1c25,1,6C(40%)-3C,854.0,806.7677139960035
S139,3,b1c40,1,8C(15%)-3.6C,966.0,803.8244136186199
S139,3,b1c41,1,8C(15%)-3.6C,1051.0,804.6580897312998
S139,4,b1c12,1,5.4C(50%)-3.6C,902.0,838.9687561836564
S139,4,b1c13,1,5.4C(50%)-3.6C,897.0,837.0571137615035
S139,4,b1c26,1,6C(40%)-3.6C,870.0,830.6612014302667
S139,4,b1c27,1,6C(40%)-3.6C,842.0,832.1029690043551
S139,4,b1c36,1,7C(40%)-3C,704.0,831.4077437666881
S139,4,b1c37,1,7C(40%)-3C,648.0,831.2866361396846
S139,5,b1c8,1,5.4C(40%)-3.6C,879.0,829.3272617033728
S139,5,b1c9,1,5.4C(40%)-3.6C,1054.0,831.0317904764366
S139,5,b1c22,1,6C(30%)-3.6C,891.0,828.2129508381814
S139,5,b1c23,1,6C(30%)-3.6C,1014.0,830.0868006669207
S139,5,b1c38,1,7C(40%)-3.6C,617.0,814.9410630803358
S139,5,b1c39,1,7C(40%)-3.6C,625.0,816.7069587202436
S140,1,b1c3,1,4C(80%)-4C,1226.0,1488.200173602619
S140,1,b1c4,1,4C(80%)-4C,1227.0,1509.8338850003236
S140,1,b1c20,1,5.4C(80%)-5.4C,534.0,489.38166802164557
S140,1,b1c21,1,5.4C(80%)-5.4C,559.0,568.1850782119401
S140,1,b1c32,1,6C(60%)-3C,731.0,612.1501547072145
S140,1,b1c33,1,6C(60%)-3C,757.0,584.2738384922386
S140,1,b1c44,1,8C(35%)-3.6C,616.0,596.9352368020119
S140,1,b1c45,1,8C(35%)-3.6C,599.0,586.4467262224341
S140,2,b1c6,1,4.8C(80%)-4.8C,636.0,654.0536904029337
S140,2,b1c7,1,4.8C(80%)-4.8C,870.0,761.5010831892664
S140,2,b1c16,1,5.4C(60%)-3.6C,862.0,919.9049311004001
S140,2,b1c17,1,5.4C(60%)-3.6C,857.0,856.9114627242301
S140,2,b1c30,1,6C(50%)-3.6C,709.0,774.6626165161618
S140,2,b1c31,1,6C(50%)-3.6C,876.0,806.3341556583506
S140,2,b1c42,1,8C(25%)-3.6C,702.0,723.953849884999
S140,2,b1c43,1,8C(25%)-3.6C,651.0,754.2708031871637
S140,3,b1c5,1,4.4C(80%)-4.4C,1074.0,952.5233563341568
S140,3,b1c10,1,5.4C(50%)-3C,906.0,924.1102671507939
S140,3,b1c11,1,5.4C(50%)-3C,788.0,828.5305724371577
S140,3,b1c24,1,6C(40%)-3C,1017.0,845.8598639274741
S140,3,b1c25,1,6C(40%)-3C,854.0,859.0687123904319
S140,3,b1c40,1,8C(15%)-3.6C,966.0,798.1088292688052
S140,3,b1c41,1,8C(15%)-3.6C,1051.0,784.7308059668047
S140,4,b1c12,1,5.4C(50%)-3.6C,902.0,919.2987139046214
S140,4,b1c13,1,5.4C(50%)-3.6C,897.0,934.9616118617467
S140,4,b1c26,1,6C(40%)-3.6C,870.0,813.1178384061875
S140,4,b1c27,1,6C(40%)-3.6C,842.0,823.2353719874294
S140,4,b1c36,1,7C(40%)-3C,704.0,766.8443365018692
S140,4,b1c37,1,7C(40%)-3C,648.0,737.6895689573538
S140,5,b1c8,1,5.4C(40%)-3.6C,879.0,995.8914492586948
S140,5,b1c9,1,5.4C(40%)-3.6C,1054.0,964.7229820699382
S140,5,b1c22,1,6C(30%)-3.6C,891.0,943.9131818932798
S140,5,b1c23,1,6C(30%)-3.6C,1014.0,1026.6698889665977
S140,5,b1c38,1,7C(40%)-3.6C,617.0,624.043553831641
S140,5,b1c39,1,7C(40%)-3.6C,625.0,647.9140615902903
S141,1,b1c3,1,4C(80%)-4C,1226.0,1486.5465251582784
S141,1,b1c4,1,4C(80%)-4C,1227.0,1509.3599791651543
S141,1,b1c20,1,5.4C(80%)-5.4C,534.0,489.8244067718205
S141,1,b1c21,1,5.4C(80%)-5.4C,559.0,568.1033699129395
S141,1,b1c32,1,6C(60%)-3C,731.0,612.9024556554285
S141,1,b1c33,1,6C(60%)-3C,757.0,585.1902977535893
S141,1,b1c44,1,8C(35%)-3.6C,616.0,597.2883062778927
S141,1,b1c45,1,8C(35%)-3.6C,599.0,586.829856209242
S141,2,b1c6,1,4.8C(80%)-4.8C,636.0,655.9436008033811
S141,2,b1c7,1,4.8C(80%)-4.8C,870.0,762.2192186832348
S141,2,b1c16,1,5.4C(60%)-3.6C,862.0,920.5808511934199
S141,2,b1c17,1,5.4C(60%)-3.6C,857.0,857.3792971112293
S141,2,b1c30,1,6C(50%)-3.6C,709.0,774.3242801957972
S141,2,b1c31,1,6C(50%)-3.6C,876.0,805.4433854327784
S141,2,b1c42,1,8C(25%)-3.6C,702.0,724.5990573339396
S141,2,b1c43,1,8C(25%)-3.6C,651.0,754.0555418702828
S141,3,b1c5,1,4.4C(80%)-4.4C,1074.0,953.2777851509014
S141,3,b1c10,1,5.4C(50%)-3C,906.0,924.4838012982332
S141,3,b1c11,1,5.4C(50%)-3C,788.0,830.5558610695019
S141,3,b1c24,1,6C(40%)-3C,1017.0,846.5603219583256
S141,3,b1c25,1,6C(40%)-3C,854.0,859.7615547507443
S141,3,b1c40,1,8C(15%)-3.6C,966.0,798.6211830320199
S141,3,b1c41,1,8C(15%)-3.6C,1051.0,785.680421292686
S141,4,b1c12,1,5.4C(50%)-3.6C,902.0,918.944848427985
S141,4,b1c13,1,5.4C(50%)-3.6C,897.0,934.5344238806542
S141,4,b1c26,1,6C(40%)-3.6C,870.0,812.3680067938951
S141,4,b1c27,1,6C(40%)-3.6C,842.0,822.3768216608547
S141,4,b1c36,1,7C(40%)-3C,704.0,767.3668398661903
S141,4,b1c37,1,7C(40%)-3C,648.0,738.2161975082479
S141,5,b1c8,1,5.4C(40%)-3.6C,879.0,993.3129808812403
S141,5,b1c9,1,5.4C(40%)-3.6C,1054.0,963.0015456147488
S141,5,b1c22,1,6C(30%)-3.6C,891.0,941.5637272430608
S141,5,b1c23,1,6C(30%)-3.6C,1014.0,1023.9306431787976
S141,5,b1c38,1,7C(40%)-3.6C,617.0,623.9394172631241
S141,5,b1c39,1,7C(40%)-3.6C,625.0,647.929710754516
S142,1,b1c3,1,4C(80%)-4C,1226.0,1484.8948872350102
S142,1,b1c4,1,4C(80%)-4C,1227.0,1508.8875460124048
S142,1,b1c20,1,5.4C(80%)-5.4C,534.0,490.268373975554
S142,1,b1c21,1,5.4C(80%)-5.4C,559.0,568.0219795458885
S142,1,b1c32,1,6C(60%)-3C,731.0,613.6562846321845
S142,1,b1c33,1,6C(60%)-3C,757.0,586.1089648732132
S142,1,b1c44,1,8C(35%)-3.6C,616.0,597.6419089419632
S142,1,b1c45,1,8C(35%)-3.6C,599.0,587.2134028874592
S142,2,b1c6,1,4.8C(80%)-4.8C,636.0,657.8004346708558
S142,2,b1c7,1,4.8C(80%)-4.8C,870.0,762.9128286773706
S142,2,b1c16,1,5.4C(60%)-3.6C,862.0,921.3753612067477
S142,2,b1c17,1,5.4C(60%)-3.6C,857.0,857.9315892781585
S142,2,b1c30,1,6C(50%)-3.6C,709.0,774.0306240472855
S142,2,b1c31,1,6C(50%)-3.6C,876.0,804.6527815738627
S142,2,b1c42,1,8C(25%)-3.6C,702.0,725.223480688321
S142,2,b1c43,1,8C(25%)-3.6C,651.0,753.8346335618731
S142,3,b1c5,1,4.4C(80%)-4.4C,1074.0,954.0333708470778
S142,3,b1c10,1,5.4C(50%)-3C,906.0,924.8576680413976
S142,3,b1c11,1,5.4C(50%)-3C,788.0,832.5878106023767
S142,3,b1c24,1,6C(40%)-3C,1017.0,847.2617958973266
S142,3,b1c25,1,6C(40%)-3C,854.0,860.4554012721192
S142,3,b1c40,1,8C(15%)-3.6C,966.0,799.1342294498533
S142,3,b1c41,1,8C(15%)-3.6C,1051.0,786.631929345648
S142,4,b1c12,1,5.4C(50%)-3.6C,902.0,918.5910380259535
S142,4,b1c13,1,5.4C(50%)-3.6C,897.0,934.1071140666852
S142,4,b1c26,1,6C(40%)-3.6C,870.0,811.6179599103435
S142,4,b1c27,1,6C(40%)-3.6C,842.0,821.5182907163727
S142,4,b1c36,1,7C(40%)-3C,704.0,767.8899104329518
S142,4,b1c37,1,7C(40%)-3C,648.0,738.7434546796824
S142,5,b1c8,1,5.4C(40%)-3.6C,879.0,990.7350952306784
S142,5,b1c9,1,5.4C(40%)-3.6C,1054.0,961.2783921327949
S142,5,b1c22,1,6C(30%)-3.6C,891.0,939.2146605230048
S142,5,b1c23,1,6C(30%)-3.6C,1014.0,1021.1928356483764
S142,5,b1c38,1,7C(40%)-3.6C,617.0,623.8343647661712
S142,5,b1c39,1,7C(40%)-3.6C,625.0,647.9446969970336
S143,1,b1c3,1,4C(80%)-4C,1226.0,1483.7297076869802
S143,1,b1c4,1,4C(80%)-4C,1227.0,1508.528374283103
S143,1,b1c20,1,5.4C(80%)-5.4C,534.0,490.8722840094182
S143,1,b1c21,1,5.4C(80%)-5.4C,559.0,568.083683725443
S143,1,b1c32,1,6C(60%)-3C,731.0,614.354561079624
S143,1,b1c33,1,6C(60%)-3C,757.0,586.9409379698772
S143,1,b1c44,1,8C(35%)-3.6C,616.0,598.0605584460321
S143,1,b1c45,1,8C(35%)-3.6C,599.0,587.6220634748574
S143,2,b1c6,1,4.8C(80%)-4.8C,636.0,660.3656621987507
S143,2,b1c7,1,4.8C(80%)-4.8C,870.0,764.1304983847219
S143,2,b1c16,1,5.4C(60%)-3.6C,862.0,921.3273184075755
S143,2,b1c17,1,5.4C(60%)-3.6C,857.0,858.1312117041709
S143,2,b1c30,1,6C(50%)-3.6C,709.0,773.3600432883675
S143,2,b1c31,1,6C(50%)-3.6C,876.0,803.6834216251704
S143,2,b1c42,1,8C(25%)-3.6C,702.0,725.9712056546205
S143,2,b1c43,1,8C(25%)-3.6C,651.0,753.4380586439569
S143,3,b1c5,1,4.4C(80%)-4.4C,1074.0,954.7775391980122
S143,3,b1c10,1,5.4C(50%)-3C,906.0,924.9802030232785
S143,3,b1c11,1,5.4C(50%)-3C,788.0,834.8808750469279
S143,3,b1c24,1,6C(40%)-3C,1017.0,847.7464808803013
S143,3,b1c25,1,6C(40%)-3C,854.0,860.9631998371333
S143,3,b1c40,1,8C(15%)-3.6C,966.0,799.6836917168383
S143,3,b1c41,1,8C(15%)-3.6C,1051.0,787.7124155106378
S143,4,b1c12,1,5.4C(50%)-3.6C,902.0,917.3302257627478
S143,4,b1c13,1,5.4C(50%)-3.6C,897.0,933.2723892097215
S143,4,b1c26,1,6C(40%)-3.6C,870.0,810.8847476139991
S143,4,b1c27,1,6C(40%)-3.6C,842.0,820.3937089376712
S143,4,b1c36,1,7C(40%)-3C,704.0,769.1395760833493
S143,4,b1c37,1,7C(40%)-3C,648.0,739.7846860494807
S143,5,b1c8,1,5.4C(40%)-3.6C,879.0,988.0720204517968
S143,5,b1c9,1,5.4C(40%)-3.6C,1054.0,959.4128351509129
S143,5,b1c22,1,6C(30%)-3.6C,891.0,936.7634055024912
S143,5,b1c23,1,6C(30%)-3.6C,1014.0,1018.2057278412585
S143,5,b1c38,1,7C(40%)-3.6C,617.0,623.9036092980872
S143,5,b1c39,1,7C(40%)-3.6C,625.0,648.0852016110643
S144,1,b1c3,1,4C(80%)-4C,1226.0,1467.3181362955033
S144,1,b1c4,1,4C(80%)-4C,1227.0,1503.7339817056431
S144,1,b1c20,1,5.4C(80%)-5.4C,534.0,495.2907153790142
S144,1,b1c21,1,5.4C(80%)-5.4C,559.0,567.2539529369438
S144,1,b1c32,1,6C(60%)-3C,731.0,621.9175836125228
S144,1,b1c33,1,6C(60%)-3C,757.0,596.1749882025092
S144,1,b1c44,1,8C(35%)-3.6C,616.0,601.5913980895192
S144,1,b1c45,1,8C(35%)-3.6C,599.0,591.4641238875328
S144,2,b1c6,1,4.8C(80%)-4.8C,636.0,678.9139742103748
S144,2,b1c7,1,4.8C(80%)-4.8C,870.0,770.8874781485063
S144,2,b1c16,1,5.4C(60%)-3.6C,862.0,930.0517960929521
S144,2,b1c17,1,5.4C(60%)-3.6C,857.0,864.2045299470981
S144,2,b1c30,1,6C(50%)-3.6C,709.0,770.7476152451518
S144,2,b1c31,1,6C(50%)-3.6C,876.0,796.529953354386
S144,2,b1c42,1,8C(25%)-3.6C,702.0,732.0608488727636
S144,2,b1c43,1,8C(25%)-3.6C,651.0,751.2015219571138
S144,3,b1c5,1,4.4C(80%)-4.4C,1074.0,961.8342646920023
S144,3,b1c10,1,5.4C(50%)-3C,906.0,926.349488434568
S144,3,b1c11,1,5.4C(50%)-3C,788.0,854.3729772697017
S144,3,b1c24,1,6C(40%)-3C,1017.0,851.6867618320211
S144,3,b1c25,1,6C(40%)-3C,854.0,865.2616101326269
S144,3,b1c40,1,8C(15%)-3.6C,966.0,805.1063717673995
S144,3,b1c41,1,8C(15%)-3.6C,1051.0,797.7313490364321
S144,4,b1c12,1,5.4C(50%)-3.6C,902.0,914.1066779784209
S144,4,b1c13,1,5.4C(50%)-3.6C,897.0,928.8823680243075
S144,4,b1c26,1,6C(40%)-3.6C,870.0,803.659593894062
S144,4,b1c27,1,6C(40%)-3.6C,842.0,812.3525421001925
S144,4,b1c36,1,7C(40%)-3C,704.0,773.3542758016212
S144,4,b1c37,1,7C(40%)-3C,648.0,744.2089216780139
S144,5,b1c8,1,5.4C(40%)-3.6C,879.0,963.0514322079468
S144,5,b1c9,1,5.4C(40%)-3.6C,1054.0,942.6396628484179
S144,5,b1c22,1,6C(30%)-3.6C,891.0,913.9440534660904
S144,5,b1c23,1,6C(30%)-3.6C,1014.0,991.6162916954149
S144,5,b1c38,1,7C(40%)-3.6C,617.0,622.906878782752
S144,5,b1c39,1,7C(40%)-3.6C,625.0,648.2726250845664
S145,1,b1c3,1,4C(80%)-4C,1226.0,1451.1063519861484
S145,1,b1c4,1,4C(80%)-4C,1227.0,1499.1092251642838
S145,1,b1c20,1,5.4C(80%)-5.4C,534.0,499.84451148756574
S145,1,b1c21,1,5.4C(80%)-5.4C,559.0,566.4571990720383
S145,1,b1c32,1,6C(60%)-3C,731.0,629.642539618701
S145,1,b1c33,1,6C(60%)-3C,757.0,605.6437371919031
S145,1,b1c44,1,8C(35%)-3.6C,616.0,605.1806081153542
S145,1,b1c45,1,8C(35%)-3.6C,599.0,595.350713007028
S145,2,b1c6,1,4.8C(80%)-4.8C,636.0,698.4894481989321
S145,2,b1c7,1,4.8C(80%)-4.8C,870.0,777.9816286875405
S145,2,b1c16,1,5.4C(60%)-3.6C,862.0,938.1551020393279
S145,2,b1c17,1,5.4C(60%)-3.6C,857.0,869.8194699227267
S145,2,b1c30,1,6C(50%)-3.6C,709.0,767.8115670859236
S145,2,b1c31,1,6C(50%)-3.6C,876.0,788.7072405423571
S145,2,b1c42,1,8C(25%)-3.6C,702.0,738.4348153036198
S145,2,b1c43,1,8C(25%)-3.6C,651.0,748.9971072486721
S145,3,b1c5,1,4.4C(80%)-4.4C,1074.0,968.05980335093
S145,3,b1c10,1,5.4C(50%)-3C,906.0,923.2874055924051
S145,3,b1c11,1,5.4C(50%)-3C,788.0,872.5174326196399
S145,3,b1c24,1,6C(40%)-3C,1017.0,849.9011252555315
S145,3,b1c25,1,6C(40%)-3C,854.0,864.6614236253686
S145,3,b1c40,1,8C(15%)-3.6C,966.0,811.2192798174157
S145,3,b1c41,1,8C(15%)-3.6C,1051.0,808.9249233792332
S145,4,b1c12,1,5.4C(50%)-3.6C,902.0,911.2895485938687
S145,4,b1c13,1,5.4C(50%)-3.6C,897.0,924.1755442492689
S145,4,b1c26,1,6C(40%)-3.6C,870.0,796.7150872451438
S145,4,b1c27,1,6C(40%)-3.6C,842.0,805.010196456376
S145,4,b1c36,1,7C(40%)-3C,704.0,775.9395408793038
S145,4,b1c37,1,7C(40%)-3C,648.0,747.281855555162
S145,5,b1c8,1,5.4C(40%)-3.6C,879.0,938.0490501647351
S145,5,b1c9,1,5.4C(40%)-3.6C,1054.0,925.6699433953795
S145,5,b1c22,1,6C(30%)-3.6C,891.0,891.1287058452726
S145,5,b1c23,1,6C(30%)-3.6C,1014.0,965.1320512716927
S145,5,b1c38,1,7C(40%)-3.6C,617.0,621.8107857992408
S145,5,b1c39,1,7C(40%)-3.6C,625.0,648.3885811080133
S146,1,b1c3,1,4C(80%)-4C,1226.0,1439.1978085600313
S146,1,b1c4,1,4C(80%)-4C,1227.0,1491.125446015414
S146,1,b1c20,1,5.4C(80%)-5.4C,534.0,503.28224463405314
S146,1,b1c21,1,5.4C(80%)-5.4C,559.0,566.1869038104555
S146,1,b1c32,1,6C(60%)-3C,731.0,634.8238078474611
S146,1,b1c33,1,6C(60%)-3C,757.0,611.6789000800713
S146,1,b1c44,1,8C(35%)-3.6C,616.0,608.3217805735914
S146,1,b1c45,1,8C(35%)-3.6C,599.0,598.9075041900809
S146,2,b1c6,1,4.8C(80%)-4.8C,636.0,719.0585368963929
S146,2,b1c7,1,4.8C(80%)-4.8C,870.0,787.2991767821712
S146,2,b1c16,1,5.4C(60%)-3.6C,862.0,932.256664593521
S146,2,b1c17,1,5.4C(60%)-3.6C,857.0,867.7632012036064
S146,2,b1c30,1,6C(50%)-3.6C,709.0,761.4680562950133
S146,2,b1c31,1,6C(50%)-3.6C,876.0,779.485987271346
S146,2,b1c42,1,8C(25%)-3.6C,702.0,743.9045893725531
S146,2,b1c43,1,8C(25%)-3.6C,651.0,745.9391855413905
S146,3,b1c5,1,4.4C(80%)-4.4C,1074.0,972.659007963919
S146,3,b1c10,1,5.4C(50%)-3C,906.0,920.7705610628374
S146,3,b1c11,1,5.4C(50%)-3C,788.0,887.81400183961
S146,3,b1c24,1,6C(40%)-3C,1017.0,848.5547777037591
S146,3,b1c25,1,6C(40%)-3C,854.0,863.7617273174187
S146,3,b1c40,1,8C(15%)-3.6C,966.0,814.0015185416529
S146,3,b1c41,1,8C(15%)-3.6C,1051.0,816.036482033305
S146,4,b1c12,1,5.4C(50%)-3.6C,902.0,902.0548719753436
S146,4,b1c13,1,5.4C(50%)-3.6C,897.0,918.0910885066556
S146,4,b1c26,1,6C(40%)-3.6C,870.0,792.2890881562852
S146,4,b1c27,1,6C(40%)-3.6C,842.0,797.7407122404201
S146,4,b1c36,1,7C(40%)-3C,704.0,784.6957985395936
S146,4,b1c37,1,7C(40%)-3C,648.0,754.5129551938329
S146,5,b1c8,1,5.4C(40%)-3.6C,879.0,928.8934510013585
S146,5,b1c9,1,5.4C(40%)-3.6C,1054.0,920.3645502501872
S146,5,b1c22,1,6C(30%)-3.6C,891.0,882.3167267169808
S146,5,b1c23,1,6C(30%)-3.6C,1014.0,952.576198329463
S146,5,b1c38,1,7C(40%)-3.6C,617.0,624.8554857505026
S146,5,b1c39,1,7C(40%)-3.6C,625.0,651.417400126266
S147,1,b1c3,1,4C(80%)-4C,1226.0,1284.8416043608704
S147,1,b1c4,1,4C(80%)-4C,1227.0,1405.275968156121
S147,1,b1c20,1,5.4C(80%)-5.4C,534.0,530.7306618990262
S147,1,b1c21,1,5.4C(80%)-5.4C,559.0,556.4755701466896
S147,1,b1c32,1,6C(60%)-3C,731.0,699.9108868213093
S147,1,b1c33,1,6C(60%)-3C,757.0,691.5904490212201
S147,1,b1c44,1,8C(35%)-3.6C,616.0,629.1010706888269
S147,1,b1c45,1,8C(35%)-3.6C,599.0,626.3739219601634
S147,2,b1c6,1,4.8C(80%)-4.8C,636.0,738.4544967981584
S147,2,b1c7,1,4.8C(80%)-4.8C,870.0,781.1594605842906
S147,2,b1c16,1,5.4C(60%)-3.6C,862.0,945.8375414427
S147,2,b1c17,1,5.4C(60%)-3.6C,857.0,873.6415764745528
S147,2,b1c30,1,6C(50%)-3.6C,709.0,763.2066428283255
S147,2,b1c31,1,6C(50%)-3.6C,876.0,775.0743966440722
S147,2,b1c42,1,8C(25%)-3.6C,702.0,740.9352435620002
S147,2,b1c43,1,8C(25%)-3.6C,651.0,741.8650449917762
S147,3,b1c5,1,4.4C(80%)-4.4C,1074.0,981.0909411881747
S147,3,b1c10,1,5.4C(50%)-3C,906.0,891.9307787304209
S147,3,b1c11,1,5.4C(50%)-3C,788.0,953.0539481156511
S147,3,b1c24,1,6C(40%)-3C,1017.0,844.3668592001949
S147,3,b1c25,1,6C(40%)-3C,854.0,885.7110780042873
S147,3,b1c40,1,8C(15%)-3.6C,966.0,903.0486600017275
S147,3,b1c41,1,8C(15%)-3.6C,1051.0,914.0676861060849
S147,4,b1c12,1,5.4C(50%)-3.6C,902.0,907.8122041685696
S147,4,b1c13,1,5.4C(50%)-3.6C,897.0,901.7719287193913
S147,4,b1c26,1,6C(40%)-3.6C,870.0,776.2703611177853
S147,4,b1c27,1,6C(40%)-3.6C,842.0,789.2959480026294
S147,4,b1c36,1,7C(40%)-3C,704.0,773.8136685352605
S147,4,b1c37,1,7C(40%)-3C,648.0,755.6975891367362
S147,5,b1c8,1,5.4C(40%)-3.6C,879.0,881.8791380032254
S147,5,b1c9,1,5.4C(40%)-3.6C,1054.0,898.2971482141301
S147,5,b1c22,1,6C(30%)-3.6C,891.0,845.6377924453227
S147,5,b1c23,1,6C(30%)-3.6C,1014.0,900.850875917007
S147,5,b1c38,1,7C(40%)-3.6C,617.0,631.2942906487037
S147,5,b1c39,1,7C(40%)-3.6C,625.0,659.8169035037914
S148,1,b1c3,1,4C(80%)-4C,1226.0,1167.7519991720083
S148,1,b1c4,1,4C(80%)-4C,1227.0,1312.2654295059413
S148,1,b1c20,1,5.4C(80%)-5.4C,534.0,592.5473786264614
S148,1,b1c21,1,5.4C(80%)-5.4C,559.0,595.2101717718416
S148,1,b1c32,1,6C(60%)-3C,731.0,717.6787755219289
S148,1,b1c33,1,6C(60%)-3C,757.0,723.4087028461096
S148,1,b1c44,1,8C(35%)-3.6C,616.0,629.733569607451
S148,1,b1c45,1,8C(35%)-3.6C,599.0,631.4293206167572
S148,2,b1c6,1,4.8C(80%)-4.8C,636.0,758.9923915909744
S148,2,b1c7,1,4.8C(80%)-4.8C,870.0,787.74652650463
S148,2,b1c16,1,5.4C(60%)-3.6C,862.0,932.6616540367053
S148,2,b1c17,1,5.4C(60%)-3.6C,857.0,865.796224474535
S148,2,b1c30,1,6C(50%)-3.6C,709.0,760.0822869129731
S148,2,b1c31,1,6C(50%)-3.6C,876.0,773.2131705812542
S148,2,b1c42,1,8C(25%)-3.6C,702.0,736.1821462487733
S148,2,b1c43,1,8C(25%)-3.6C,651.0,737.0180778476097
S148,3,b1c5,1,4.4C(80%)-4.4C,1074.0,971.8323971460022
S148,3,b1c10,1,5.4C(50%)-3C,906.0,886.6482954349983
S148,3,b1c11,1,5.4C(50%)-3C,788.0,955.0679389879108
S148,3,b1c24,1,6C(40%)-3C,1017.0,843.2617997560768
S148,3,b1c25,1,6C(40%)-3C,854.0,889.4708038280364
S148,3,b1c40,1,8C(15%)-3.6C,966.0,903.4549658368678
S148,3,b1c41,1,8C(15%)-3.6C,1051.0,912.3037000238132
S148,4,b1c12,1,5.4C(50%)-3.6C,902.0,924.4645551768651
S148,4,b1c13,1,5.4C(50%)-3.6C,897.0,899.4882913257456
S148,4,b1c26,1,6C(40%)-3.6C,870.0,780.2081464365856
S148,4,b1c27,1,6C(40%)-3.6C,842.0,800.6730609929415
S148,4,b1c36,1,7C(40%)-3C,704.0,754.2158712660646
S148,4,b1c37,1,7C(40%)-3C,648.0,747.6849861560198
S148,5,b1c8,1,5.4C(40%)-3.6C,879.0,874.3722296533232
S148,5,b1c9,1,5.4C(40%)-3.6C,1054.0,897.8485932123835
S148,5,b1c22,1,6C(30%)-3.6C,891.0,846.0281422037369
S148,5,b1c23,1,6C(30%)-3.6C,1014.0,892.8262608250095
S148,5,b1c38,1,7C(40%)-3.6C,617.0,636.0302474007108
S148,5,b1c39,1,7C(40%)-3.6C,625.0,663.0296091556542
S149,1,b1c3,1,4C(80%)-4C,1226.0,1124.3865106034466
S149,1,b1c4,1,4C(80%)-4C,1227.0,1248.549986219869
S149,1,b1c20,1,5.4C(80%)-5.4C,534.0,626.4067659062588
S149,1,b1c21,1,5.4C(80%)-5.4C,559.0,619.1584551008058
S149,1,b1c32,1,6C(60%)-3C,731.0,727.0478265102623
S149,1,b1c33,1,6C(60%)-3C,757.0,733.8935018658625
S149,1,b1c44,1,8C(35%)-3.6C,616.0,646.2420185340095
S149,1,b1c45,1,8C(35%)-3.6C,599.0,647.0611516579856
S149,2,b1c6,1,4.8C(80%)-4.8C,636.0,763.1315978528896
S149,2,b1c7,1,4.8C(80%)-4.8C,870.0,779.0240203164573
S149,2,b1c16,1,5.4C(60%)-3.6C,862.0,901.0258462156531
S149,2,b1c17,1,5.4C(60%)-3.6C,857.0,846.7651530031807
S149,2,b1c30,1,6C(50%)-3.6C,709.0,753.888382410804
S149,2,b1c31,1,6C(50%)-3.6C,876.0,763.7647436493139
S149,2,b1c42,1,8C(25%)-3.6C,702.0,753.1531444244179
S149,2,b1c43,1,8C(25%)-3.6C,651.0,748.5188797058589
S149,3,b1c5,1,4.4C(80%)-4.4C,1074.0,965.7306217963909
S149,3,b1c10,1,5.4C(50%)-3C,906.0,889.101647339041
S149,3,b1c11,1,5.4C(50%)-3C,788.0,943.4889497451621
S149,3,b1c24,1,6C(40%)-3C,1017.0,847.4432753133677
S149,3,b1c25,1,6C(40%)-3C,854.0,878.6443481583188
S149,3,b1c40,1,8C(15%)-3.6C,966.0,873.0002404670131
S149,3,b1c41,1,8C(15%)-3.6C,1051.0,885.7132604572706
S149,4,b1c12,1,5.4C(50%)-3.6C,902.0,887.5566807218224
S149,4,b1c13,1,5.4C(50%)-3.6C,897.0,883.3424381751879
S149,4,b1c26,1,6C(40%)-3.6C,870.0,778.4629017111769
S149,4,b1c27,1,6C(40%)-3.6C,842.0,786.0420061282155
S149,4,b1c36,1,7C(40%)-3C,704.0,784.8537059910931
S149,4,b1c37,1,7C(40%)-3C,648.0,770.993661708865
S149,5,b1c8,1,5.4C(40%)-3.6C,879.0,870.6800346318104
S149,5,b1c9,1,5.4C(40%)-3.6C,1054.0,891.2964953911697
S149,5,b1c22,1,6C(30%)-3.6C,891.0,847.9522323914683
S149,5,b1c23,1,6C(30%)-3.6C,1014.0,889.4554758973602
S149,5,b1c38,1,7C(40%)-3.6C,617.0,648.0744893313296
S149,5,b1c39,1,7C(40%)-3.6C,625.0,672.0358977227128
S150,1,b1c3,1,4C(80%)-4C,1226.0,885.4533232255677
S150,1,b1c4,1,4C(80%)-4C,1227.0,906.4929992714428
S150,1,b1c20,1,5.4C(80%)-5.4C,534.0,782.8878151091269
S150,1,b1c21,1,5.4C(80%)-5.4C,559.0,781.374658402479
S150,1,b1c32,1,6C(60%)-3C,731.0,808.3180025740672
S150,1,b1c33,1,6C(60%)-3C,757.0,810.2259716134427
S150,1,b1c44,1,8C(35%)-3.6C,616.0,787.6941438605204
S150,1,b1c45,1,8C(35%)-3.6C,599.0,788.1083625455573
S150,2,b1c6,1,4.8C(80%)-4.8C,636.0,799.212054341636
S150,2,b1c7,1,4.8C(80%)-4.8C,870.0,809.853185332719
S150,2,b1c16,1,5.4C(60%)-3.6C,862.0,881.506799372355
S150,2,b1c17,1,5.4C(60%)-3.6C,857.0,848.3623478169499
S150,2,b1c30,1,6C(50%)-3.6C,709.0,793.5028602504144
S150,2,b1c31,1,6C(50%)-3.6C,876.0,801.31313767752
S150,2,b1c42,1,8C(25%)-3.6C,702.0,775.1677512000653
S150,2,b1c43,1,8C(25%)-3.6C,651.0,775.6099315866886
S150,3,b1c5,1,4.4C(80%)-4.4C,1074.0,863.3103044413568
S150,3,b1c10,1,5.4C(50%)-3C,906.0,826.8254102007359
S150,3,b1c11,1,5.4C(50%)-3C,788.0,855.7164137254617
S150,3,b1c24,1,6C(40%)-3C,1017.0,807.8791543708631
S150,3,b1c25,1,6C(40%)-3C,854.0,828.0404981076763
S150,3,b1c40,1,8C(15%)-3.6C,966.0,834.314588938569
S150,3,b1c41,1,8C(15%)-3.6C,1051.0,838.080291393104
S150,4,b1c12,1,5.4C(50%)-3.6C,902.0,876.1748271315853
S150,4,b1c13,1,5.4C(50%)-3.6C,897.0,856.8445783201951
S150,4,b1c26,1,6C(40%)-3.6C,870.0,796.4719150353538
S150,4,b1c27,1,6C(40%)-3.6C,842.0,810.0497671405856
S150,4,b1c36,1,7C(40%)-3C,704.0,768.0497476726804
S150,4,b1c37,1,7C(40%)-3C,648.0,769.035493379966
S150,5,b1c8,1,5.4C(40%)-3.6C,879.0,834.6674858069125
S150,5,b1c9,1,5.4C(40%)-3.6C,1054.0,847.0698076629458
S150,5,b1c22,1,6C(30%)-3.6C,891.0,824.3592346871085
S150,5,b1c23,1,6C(30%)-3.6C,1014.0,843.0876553661584
S150,5,b1c38,1,7C(40%)-3.6C,617.0,722.7189802293314
S150,5,b1c39,1,7C(40%)-3.6C,625.0,735.9340563556054
S151,1,b1c3,1,4C(80%)-4C,1226.0,831.4402759105707
S151,1,b1c4,1,4C(80%)-4C,1227.0,831.4402759105707
S151,1,b1c20,1,5.4C(80%)-5.4C,534.0,831.4402759105707
S151,1,b1c21,1,5.4C(80%)-5.4C,559.0,831.4402759105707
S151,1,b1c32,1,6C(60%)-3C,731.0,831.4402759105707
S151,1,b1c33,1,6C(60%)-3C,757.0,831.4402759105707
S151,1,b1c44,1,8C(35%)-3.6C,616.0,831.4402759105707
S151,1,b1c45,1,8C(35%)-3.6C,599.0,831.4402759105707
S151,2,b1c6,1,4.8C(80%)-4.8C,636.0,821.9037660446305
S151,2,b1c7,1,4.8C(80%)-4.8C,870.0,822.8986404234114
S151,2,b1c16,1,5.4C(60%)-3.6C,862.0,829.3042041491823
S151,2,b1c17,1,5.4C(60%)-3.6C,857.0,826.4024021668431
S151,2,b1c30,1,6C(50%)-3.6C,709.0,821.3650234530817
S151,2,b1c31,1,6C(50%)-3.6C,876.0,822.1011528976505
S151,2,b1c42,1,8C(25%)-3.6C,702.0,819.6107083292145
S151,2,b1c43,1,8C(25%)-3.6C,651.0,819.6534580210835
S151,3,b1c5,1,4.4C(80%)-4.4C,1074.0,779.299946698614
S151,3,b1c10,1,5.4C(50%)-3C,906.0,779.299946698614
S151,3,b1c11,1,5.4C(50%)-3C,788.0,779.299946698614
S151,3,b1c24,1,6C(40%)-3C,1017.0,779.299946698614
S151,3,b1c25,1,6C(40%)-3C,854.0,779.299946698614
S151,3,b1c40,1,8C(15%)-3.6C,966.0,779.299946698614
S151,3,b1c41,1,8C(15%)-3.6C,1051.0,779.299946698614
S151,4,b1c12,1,5.4C(50%)-3.6C,902.0,813.2221224796995
S151,4,b1c13,1,5.4C(50%)-3.6C,897.0,812.6552945678133
S151,4,b1c26,1,6C(40%)-3.6C,870.0,810.8016371190456
S151,4,b1c27,1,6C(40%)-3.6C,842.0,811.2301122110023
S151,4,b1c36,1,7C(40%)-3C,704.0,809.8813298921511
S151,4,b1c37,1,7C(40%)-3C,648.0,809.913796618895
S151,5,b1c8,1,5.4C(40%)-3.6C,879.0,806.3277853958002
S151,5,b1c9,1,5.4C(40%)-3.6C,1054.0,806.3277853958002
S151,5,b1c22,1,6C(30%)-3.6C,891.0,806.3277853958002
S151,5,b1c23,1,6C(30%)-3.6C,1014.0,806.3277853958002
S151,5,b1c38,1,7C(40%)-3.6C,617.0,806.3277853958002
S151,5,b1c39,1,7C(40%)-3.6C,625.0,806.3277853958002
S152,1,b1c3,1,4C(80%)-4C,1226.0,831.4402759105707
S152,1,b1c4,1,4C(80%)-4C,1227.0,831.4402759105707
S152,1,b1c20,1,5.4C(80%)-5.4C,534.0,831.4402759105707
S152,1,b1c21,1,5.4C(80%)-5.4C,559.0,831.4402759105707
S152,1,b1c32,1,6C(60%)-3C,731.0,831.4402759105707
S152,1,b1c33,1,6C(60%)-3C,757.0,831.4402759105707
S152,1,b1c44,1,8C(35%)-3.6C,616.0,831.4402759105707
S152,1,b1c45,1,8C(35%)-3.6C,599.0,831.4402759105707
S152,2,b1c6,1,4.8C(80%)-4.8C,636.0,824.2234832028455
S152,2,b1c7,1,4.8C(80%)-4.8C,870.0,824.2234832028455
S152,2,b1c16,1,5.4C(60%)-3.6C,862.0,824.2234832028455
S152,2,b1c17,1,5.4C(60%)-3.6C,857.0,824.2234832028455
S152,2,b1c30,1,6C(50%)-3.6C,709.0,824.2234832028455
S152,2,b1c31,1,6C(50%)-3.6C,876.0,824.2234832028455
S152,2,b1c42,1,8C(25%)-3.6C,702.0,824.2234832028455
S152,2,b1c43,1,8C(25%)-3.6C,651.0,824.2234832028455
S152,3,b1c5,1,4.4C(80%)-4.4C,1074.0,779.299946698614
S152,3,b1c10,1,5.4C(50%)-3C,906.0,779.299946698614
S152,3,b1c11,1,5.4C(50%)-3C,788.0,779.299946698614
S152,3,b1c24,1,6C(40%)-3C,1017.0,779.299946698614
S152,3,b1c25,1,6C(40%)-3C,854.0,779.299946698614
S152,3,b1c40,1,8C(15%)-3.6C,966.0,779.299946698614
S152,3,b1c41,1,8C(15%)-3.6C,1051.0,779.299946698614
S152,4,b1c12,1,5.4C(50%)-3.6C,902.0,811.2682220413403
S152,4,b1c13,1,5.4C(50%)-3.6C,897.0,811.2682220413403
S152,4,b1c26,1,6C(40%)-3.6C,870.0,811.2682220413403
S152,4,b1c27,1,6C(40%)-3.6C,842.0,811.2682220413403
S152,4,b1c36,1,7C(40%)-3C,704.0,811.2682220413403
S152,4,b1c37,1,7C(40%)-3C,648.0,811.2682220413403
S152,5,b1c8,1,5.4C(40%)-3.6C,879.0,806.3277853958002
S152,5,b1c9,1,5.4C(40%)-3.6C,1054.0,806.3277853958002
S152,5,b1c22,1,6C(30%)-3.6C,891.0,806.3277853958002
S152,5,b1c23,1,6C(30%)-3.6C,1014.0,806.3277853958002
S152,5,b1c38,1,7C(40%)-3.6C,617.0,806.3277853958002
S152,5,b1c39,1,7C(40%)-3.6C,625.0,806.3277853958002
S153,1,b1c3,1,4C(80%)-4C,1226.0,831.4402759105707
S153,1,b1c4,1,4C(80%)-4C,1227.0,831.4402759105707
S153,1,b1c20,1,5.4C(80%)-5.4C,534.0,831.4402759105707
S153,1,b1c21,1,5.4C(80%)-5.4C,559.0,831.4402759105707
S153,1,b1c32,1,6C(60%)-3C,731.0,831.4402759105707
S153,1,b1c33,1,6C(60%)-3C,757.0,831.4402759105707
S153,1,b1c44,1,8C(35%)-3.6C,616.0,831.4402759105707
S153,1,b1c45,1,8C(35%)-3.6C,599.0,831.4402759105707
S153,2,b1c6,1,4.8C(80%)-4.8C,636.0,824.2234832028455
S153,2,b1c7,1,4.8C(80%)-4.8C,870.0,824.2234832028455
S153,2,b1c16,1,5.4C(60%)-3.6C,862.0,824.2234832028455
S153,2,b1c17,1,5.4C(60%)-3.6C,857.0,824.2234832028455
S153,2,b1c30,1,6C(50%)-3.6C,709.0,824.2234832028455
S153,2,b1c31,1,6C(50%)-3.6C,876.0,824.2234832028455
S153,2,b1c42,1,8C(25%)-3.6C,702.0,824.2234832028455
S153,2,b1c43,1,8C(25%)-3.6C,651.0,824.2234832028455
S153,3,b1c5,1,4.4C(80%)-4.4C,1074.0,779.299946698614
S153,3,b1c10,1,5.4C(50%)-3C,906.0,779.299946698614
S153,3,b1c11,1,5.4C(50%)-3C,788.0,779.299946698614
S153,3,b1c24,1,6C(40%)-3C,1017.0,779.299946698614
S153,3,b1c25,1,6C(40%)-3C,854.0,779.299946698614
S153,3,b1c40,1,8C(15%)-3.6C,966.0,779.299946698614
S153,3,b1c41,1,8C(15%)-3.6C,1051.0,779.299946698614
S153,4,b1c12,1,5.4C(50%)-3.6C,902.0,811.2682220413403
S153,4,b1c13,1,5.4C(50%)-3.6C,897.0,811.2682220413403
S153,4,b1c26,1,6C(40%)-3.6C,870.0,811.2682220413403
S153,4,b1c27,1,6C(40%)-3.6C,842.0,811.2682220413403
S153,4,b1c36,1,7C(40%)-3C,704.0,811.2682220413403
S153,4,b1c37,1,7C(40%)-3C,648.0,811.2682220413403
S153,5,b1c8,1,5.4C(40%)-3.6C,879.0,806.3277853958002
S153,5,b1c9,1,5.4C(40%)-3.6C,1054.0,806.3277853958002
S153,5,b1c22,1,6C(30%)-3.6C,891.0,806.3277853958002
S153,5,b1c23,1,6C(30%)-3.6C,1014.0,806.3277853958002
S153,5,b1c38,1,7C(40%)-3.6C,617.0,806.3277853958002
S153,5,b1c39,1,7C(40%)-3.6C,625.0,806.3277853958002
S154,1,b1c3,1,4C(80%)-4C,1226.0,831.4402759105707
S154,1,b1c4,1,4C(80%)-4C,1227.0,831.4402759105707
S154,1,b1c20,1,5.4C(80%)-5.4C,534.0,831.4402759105707
S154,1,b1c21,1,5.4C(80%)-5.4C,559.0,831.4402759105707
S154,1,b1c32,1,6C(60%)-3C,731.0,831.4402759105707
S154,1,b1c33,1,6C(60%)-3C,757.0,831.4402759105707
S154,1,b1c44,1,8C(35%)-3.6C,616.0,831.4402759105707
S154,1,b1c45,1,8C(35%)-3.6C,599.0,831.4402759105707
S154,2,b1c6,1,4.8C(80%)-4.8C,636.0,824.2234832028455
S154,2,b1c7,1,4.8C(80%)-4.8C,870.0,824.2234832028455
S154,2,b1c16,1,5.4C(60%)-3.6C,862.0,824.2234832028455
S154,2,b1c17,1,5.4C(60%)-3.6C,857.0,824.2234832028455
S154,2,b1c30,1,6C(50%)-3.6C,709.0,824.2234832028455
S154,2,b1c31,1,6C(50%)-3.6C,876.0,824.2234832028455
S154,2,b1c42,1,8C(25%)-3.6C,702.0,824.2234832028455
S154,2,b1c43,1,8C(25%)-3.6C,651.0,824.2234832028455
S154,3,b1c5,1,4.4C(80%)-4.4C,1074.0,779.299946698614
S154,3,b1c10,1,5.4C(50%)-3C,906.0,779.299946698614
S154,3,b1c11,1,5.4C(50%)-3C,788.0,779.299946698614
S154,3,b1c24,1,6C(40%)-3C,1017.0,779.299946698614
S154,3,b1c25,1,6C(40%)-3C,854.0,779.299946698614
S154,3,b1c40,1,8C(15%)-3.6C,966.0,779.299946698614
S154,3,b1c41,1,8C(15%)-3.6C,1051.0,779.299946698614
S154,4,b1c12,1,5.4C(50%)-3.6C,902.0,811.2682220413403
S154,4,b1c13,1,5.4C(50%)-3.6C,897.0,811.2682220413403
S154,4,b1c26,1,6C(40%)-3.6C,870.0,811.2682220413403
S154,4,b1c27,1,6C(40%)-3.6C,842.0,811.2682220413403
S154,4,b1c36,1,7C(40%)-3C,704.0,811.2682220413403
S154,4,b1c37,1,7C(40%)-3C,648.0,811.2682220413403
S154,5,b1c8,1,5.4C(40%)-3.6C,879.0,806.3277853958002
S154,5,b1c9,1,5.4C(40%)-3.6C,1054.0,806.3277853958002
S154,5,b1c22,1,6C(30%)-3.6C,891.0,806.3277853958002
S154,5,b1c23,1,6C(30%)-3.6C,1014.0,806.3277853958002
S154,5,b1c38,1,7C(40%)-3.6C,617.0,806.3277853958002
S154,5,b1c39,1,7C(40%)-3.6C,625.0,806.3277853958002
S155,1,b1c3,1,4C(80%)-4C,1226.0,1374.5032763728996
S155,1,b1c4,1,4C(80%)-4C,1227.0,1382.3443357061578
S155,1,b1c20,1,5.4C(80%)-5.4C,534.0,429.67888483917045
S155,1,b1c21,1,5.4C(80%)-5.4C,559.0,535.5341235911123
S155,1,b1c32,1,6C(60%)-3C,731.0,654.3664543684948
S155,1,b1c33,1,6C(60%)-3C,757.0,622.3618840507345
S155,1,b1c44,1,8C(35%)-3.6C,616.0,582.4349171461927
S155,1,b1c45,1,8C(35%)-3.6C,599.0,560.5816639907605
S155,2,b1c6,1,4.8C(80%)-4.8C,636.0,768.1139779162186
S155,2,b1c7,1,4.8C(80%)-4.8C,870.0,873.1746564163515
S155,2,b1c16,1,5.4C(60%)-3.6C,862.0,879.5209749856241
S155,2,b1c17,1,5.4C(60%)-3.6C,857.0,846.846308360643
S155,2,b1c30,1,6C(50%)-3.6C,709.0,765.3388109504716
S155,2,b1c31,1,6C(50%)-3.6C,876.0,754.6637683408896
S155,2,b1c42,1,8C(25%)-3.6C,702.0,763.5074949552614
S155,2,b1c43,1,8C(25%)-3.6C,651.0,779.2695471207053
S155,3,b1c5,1,4.4C(80%)-4.4C,1074.0,1023.8036554816142
S155,3,b1c10,1,5.4C(50%)-3C,906.0,907.4854527160878
S155,3,b1c11,1,5.4C(50%)-3C,788.0,873.9878152956089
S155,3,b1c24,1,6C(40%)-3C,1017.0,856.4314851814947
S155,3,b1c25,1,6C(40%)-3C,854.0,883.3042148832692
S155,3,b1c40,1,8C(15%)-3.6C,966.0,938.55067879771
S155,3,b1c41,1,8C(15%)-3.6C,1051.0,932.1824563099585
S155,4,b1c12,1,5.4C(50%)-3.6C,902.0,892.3768324935754
S155,4,b1c13,1,5.4C(50%)-3.6C,897.0,915.4246637838164
S155,4,b1c26,1,6C(40%)-3.6C,870.0,806.0772213099309
S155,4,b1c27,1,6C(40%)-3.6C,842.0,809.8404281509958
S155,4,b1c36,1,7C(40%)-3C,704.0,798.3221907757099
S155,4,b1c37,1,7C(40%)-3C,648.0,763.6936028241903
S155,5,b1c8,1,5.4C(40%)-3.6C,879.0,925.1021801093383
S155,5,b1c9,1,5.4C(40%)-3.6C,1054.0,898.4186239632517
S155,5,b1c22,1,6C(30%)-3.6C,891.0,885.8788479648147
S155,5,b1c23,1,6C(30%)-3.6C,1014.0,948.5525658920453
S155,5,b1c38,1,7C(40%)-3.6C,617.0,592.2587622117111
S155,5,b1c39,1,7C(40%)-3.6C,625.0,619.41919184797
S156,1,b1c3,1,4C(80%)-4C,1226.0,1377.0499263381034
S156,1,b1c4,1,4C(80%)-4C,1227.0,1385.1618855653498
S156,1,b1c20,1,5.4C(80%)-5.4C,534.0,429.4318014621586
S156,1,b1c21,1,5.4C(80%)-5.4C,559.0,536.0091124443575
S156,1,b1c32,1,6C(60%)-3C,731.0,653.8783699917622
S156,1,b1c33,1,6C(60%)-3C,757.0,621.834648829773
S156,1,b1c44,1,8C(35%)-3.6C,616.0,581.9489547502021
S156,1,b1c45,1,8C(35%)-3.6C,599.0,559.6324381355016
S156,2,b1c6,1,4.8C(80%)-4.8C,636.0,763.3871220710239
S156,2,b1c7,1,4.8C(80%)-4.8C,870.0,871.5865172328546
S156,2,b1c16,1,5.4C(60%)-3.6C,862.0,879.5098035816811
S156,2,b1c17,1,5.4C(60%)-3.6C,857.0,846.0411436487046
S156,2,b1c30,1,6C(50%)-3.6C,709.0,766.2699963564875
S156,2,b1c31,1,6C(50%)-3.6C,876.0,754.439528024402
S156,2,b1c42,1,8C(25%)-3.6C,702.0,763.0847026247527
S156,2,b1c43,1,8C(25%)-3.6C,651.0,780.6295348359978
S156,3,b1c5,1,4.4C(80%)-4.4C,1074.0,1022.4272099456321
S156,3,b1c10,1,5.4C(50%)-3C,906.0,906.8019371870853
S156,3,b1c11,1,5.4C(50%)-3C,788.0,871.7428824167657
S156,3,b1c24,1,6C(40%)-3C,1017.0,855.6367392316608
S156,3,b1c25,1,6C(40%)-3C,854.0,883.9095819115475
S156,3,b1c40,1,8C(15%)-3.6C,966.0,940.3172355773273
S156,3,b1c41,1,8C(15%)-3.6C,1051.0,932.8704177396296
S156,4,b1c12,1,5.4C(50%)-3.6C,902.0,894.2335327631039
S156,4,b1c13,1,5.4C(50%)-3.6C,897.0,916.2418293366126
S156,4,b1c26,1,6C(40%)-3.6C,870.0,806.2656025247024
S156,4,b1c27,1,6C(40%)-3.6C,842.0,810.9938780269019
S156,4,b1c36,1,7C(40%)-3C,704.0,796.8682645531317
S156,4,b1c37,1,7C(40%)-3C,648.0,762.6871553544997
S156,5,b1c8,1,5.4C(40%)-3.6C,879.0,924.4205394251956
S156,5,b1c9,1,5.4C(40%)-3.6C,1054.0,897.158629408527
S156,5,b1c22,1,6C(30%)-3.6C,891.0,885.4676381069879
S156,5,b1c23,1,6C(30%)-3.6C,1014.0,949.2520791330068
S156,5,b1c38,1,7C(40%)-3.6C,617.0,589.8511704852715
S156,5,b1c39,1,7C(40%)-3.6C,625.0,617.4375194482493
S157,1,b1c3,1,4C(80%)-4C,1226.0,1379.6280712807775
S157,1,b1c4,1,4C(80%)-4C,1227.0,1388.032935499524
S157,1,b1c20,1,5.4C(80%)-5.4C,534.0,429.22961901755923
S157,1,b1c21,1,5.4C(80%)-5.4C,559.0,536.5262826160824
S157,1,b1c32,1,6C(60%)-3C,731.0,653.3906208408766
S157,1,b1c33,1,6C(60%)-3C,757.0,621.3145276544664
S157,1,b1c44,1,8C(35%)-3.6C,616.0,581.4622174072083
S157,1,b1c45,1,8C(35%)-3.6C,599.0,558.6682323797777
S157,2,b1c6,1,4.8C(80%)-4.8C,636.0,757.8951760408182
S157,2,b1c7,1,4.8C(80%)-4.8C,870.0,869.5992297936228
S157,2,b1c16,1,5.4C(60%)-3.6C,862.0,879.8394242580587
S157,2,b1c17,1,5.4C(60%)-3.6C,857.0,845.3636852644889
S157,2,b1c30,1,6C(50%)-3.6C,709.0,767.3989772753755
S157,2,b1c31,1,6C(50%)-3.6C,876.0,754.5413750178604
S157,2,b1c42,1,8C(25%)-3.6C,702.0,762.5184639581399
S157,2,b1c43,1,8C(25%)-3.6C,651.0,782.1016724247775
S157,3,b1c5,1,4.4C(80%)-4.4C,1074.0,1020.8659661431464
S157,3,b1c10,1,5.4C(50%)-3C,906.0,906.0149997546854
S157,3,b1c11,1,5.4C(50%)-3C,788.0,869.3631324251486
S157,3,b1c24,1,6C(40%)-3C,1017.0,854.7377890130257
S157,3,b1c25,1,6C(40%)-3C,854.0,884.564303152146
S157,3,b1c40,1,8C(15%)-3.6C,966.0,942.2109309274266
S157,3,b1c41,1,8C(15%)-3.6C,1051.0,933.6032924163409
S157,4,b1c12,1,5.4C(50%)-3.6C,902.0,896.3977105889297
S157,4,b1c13,1,5.4C(50%)-3.6C,897.0,917.1957586757769
S157,4,b1c26,1,6C(40%)-3.6C,870.0,806.4503365802804
S157,4,b1c27,1,6C(40%)-3.6C,842.0,812.2753708883133
S157,4,b1c36,1,7C(40%)-3C,704.0,795.204615369823
S157,4,b1c37,1,7C(40%)-3C,648.0,761.5422410085728
S157,5,b1c8,1,5.4C(40%)-3.6C,879.0,923.6203089649791
S157,5,b1c9,1,5.4C(40%)-3.6C,1054.0,895.7690034473152
S157,5,b1c22,1,6C(30%)-3.6C,891.0,884.9617905980285
S157,5,b1c23,1,6C(30%)-3.6C,1014.0,949.9918718916425
S157,5,b1c38,1,7C(40%)-3.6C,617.0,587.2025886823335
S157,5,b1c39,1,7C(40%)-3.6C,625.0,615.2836153889552
S158,1,b1c3,1,4C(80%)-4C,1226.0,1328.1039201427923
S158,1,b1c4,1,4C(80%)-4C,1227.0,1333.4979190887034
S158,1,b1c20,1,5.4C(80%)-5.4C,534.0,439.91086976437026
S158,1,b1c21,1,5.4C(80%)-5.4C,559.0,531.8447683144334
S158,1,b1c32,1,6C(60%)-3C,731.0,664.1142572717933
S158,1,b1c33,1,6C(60%)-3C,757.0,633.7470958455203
S158,1,b1c44,1,8C(35%)-3.6C,616.0,591.9043988696221
S158,1,b1c45,1,8C(35%)-3.6C,599.0,577.5005546340806
S158,2,b1c6,1,4.8C(80%)-4.8C,636.0,812.4560967377687
S158,2,b1c7,1,4.8C(80%)-4.8C,870.0,882.4450146010923
S158,2,b1c16,1,5.4C(60%)-3.6C,862.0,890.0753591150622
S158,2,b1c17,1,5.4C(60%)-3.6C,857.0,862.6013637858742
S158,2,b1c30,1,6C(50%)-3.6C,709.0,758.041027818809
S158,2,b1c31,1,6C(50%)-3.6C,876.0,771.0100793266158
S158,2,b1c42,1,8C(25%)-3.6C,702.0,765.5128948133486
S158,2,b1c43,1,8C(25%)-3.6C,651.0,763.6643061143054
S158,3,b1c5,1,4.4C(80%)-4.4C,1074.0,1033.7581028471093
S158,3,b1c10,1,5.4C(50%)-3C,906.0,911.7225690525403
S158,3,b1c11,1,5.4C(50%)-3C,788.0,901.901796185502
S158,3,b1c24,1,6C(40%)-3C,1017.0,862.6005439338664
S158,3,b1c25,1,6C(40%)-3C,854.0,875.8550726517324
S158,3,b1c40,1,8C(15%)-3.6C,966.0,916.5943574561479
S158,3,b1c41,1,8C(15%)-3.6C,1051.0,922.8517772445349
S158,4,b1c12,1,5.4C(50%)-3.6C,902.0,879.3023015415065
S158,4,b1c13,1,5.4C(50%)-3.6C,897.0,909.257789007908
S158,4,b1c26,1,6C(40%)-3.6C,870.0,802.9241344176422
S158,4,b1c27,1,6C(40%)-3.6C,842.0,798.4269413525776
S158,4,b1c36,1,7C(40%)-3C,704.0,810.030443364183
S158,4,b1c37,1,7C(40%)-3C,648.0,772.4832076464726
S158,5,b1c8,1,5.4C(40%)-3.6C,879.0,928.5872926364314
S158,5,b1c9,1,5.4C(40%)-3.6C,1054.0,911.1989347306423
S158,5,b1c22,1,6C(30%)-3.6C,891.0,886.5609792361654
S158,5,b1c23,1,6C(30%)-3.6C,1014.0,938.5885617286622
S158,5,b1c38,1,7C(40%)-3.6C,617.0,618.9331049939437
S158,5,b1c39,1,7C(40%)-3.6C,625.0,643.1036072065795
S159,1,b1c3,1,4C(80%)-4C,1226.0,1348.9626293323106
S159,1,b1c4,1,4C(80%)-4C,1227.0,1355.1655980606902
S159,1,b1c20,1,5.4C(80%)-5.4C,534.0,433.83445094198305
S159,1,b1c21,1,5.4C(80%)-5.4C,559.0,532.237747084321
S159,1,b1c32,1,6C(60%)-3C,731.0,659.5481731033099
S159,1,b1c33,1,6C(60%)-3C,757.0,628.2936939309545
S159,1,b1c44,1,8C(35%)-3.6C,616.0,587.4059277794904
S159,1,b1c45,1,8C(35%)-3.6C,599.0,569.8770562735914
S159,2,b1c6,1,4.8C(80%)-4.8C,636.0,798.1071837071872
S159,2,b1c7,1,4.8C(80%)-4.8C,870.0,880.5315681031703
S159,2,b1c16,1,5.4C(60%)-3.6C,862.0,885.1946809199167
S159,2,b1c17,1,5.4C(60%)-3.6C,857.0,856.2212728764272
S159,2,b1c30,1,6C(50%)-3.6C,709.0,760.2066221277735
S159,2,b1c31,1,6C(50%)-3.6C,876.0,762.658800058609
S159,2,b1c42,1,8C(25%)-3.6C,702.0,765.0558388656266
S159,2,b1c43,1,8C(25%)-3.6C,651.0,768.9733162701706
S159,3,b1c5,1,4.4C(80%)-4.4C,1074.0,1031.5348679748272
S159,3,b1c10,1,5.4C(50%)-3C,906.0,911.0871323756181
S159,3,b1c11,1,5.4C(50%)-3C,788.0,892.534433408238
S159,3,b1c24,1,6C(40%)-3C,1017.0,861.1381309766693
S159,3,b1c25,1,6C(40%)-3C,854.0,878.893933780094
S159,3,b1c40,1,8C(15%)-3.6C,966.0,924.7884950066015
S159,3,b1c41,1,8C(15%)-3.6C,1051.0,926.6752756186379
S159,4,b1c12,1,5.4C(50%)-3.6C,902.0,882.598155810836
S159,4,b1c13,1,5.4C(50%)-3.6C,897.0,911.0314861778486
S159,4,b1c26,1,6C(40%)-3.6C,870.0,804.1783086287642
S159,4,b1c27,1,6C(40%)-3.6C,842.0,802.1181317281363
S159,4,b1c36,1,7C(40%)-3C,704.0,806.8169977880212
S159,4,b1c37,1,7C(40%)-3C,648.0,769.8636115301744
S159,5,b1c8,1,5.4C(40%)-3.6C,879.0,928.237210725719
S159,5,b1c9,1,5.4C(40%)-3.6C,1054.0,907.0493281640618
S159,5,b1c22,1,6C(30%)-3.6C,891.0,887.1406374052066
S159,5,b1c23,1,6C(30%)-3.6C,1014.0,942.651158574368
S159,5,b1c38,1,7C(40%)-3.6C,617.0,609.2365705539355
S159,5,b1c39,1,7C(40%)-3.6C,625.0,634.1713206451712
S160,1,b1c3,1,4C(80%)-4C,1226.0,1372.5618396128416
S160,1,b1c4,1,4C(80%)-4C,1227.0,1380.5705105469156
S160,1,b1c20,1,5.4C(80%)-5.4C,534.0,429.56676536927773
S160,1,b1c21,1,5.4C(80%)-5.4C,559.0,535.0000924687552
S160,1,b1c32,1,6C(60%)-3C,731.0,654.7586792678073
S160,1,b1c33,1,6C(60%)-3C,757.0,622.8586071544484
S160,1,b1c44,1,8C(35%)-3.6C,616.0,582.6695785975857
S160,1,b1c45,1,8C(35%)-3.6C,599.0,561.1782308724687
S160,2,b1c6,1,4.8C(80%)-4.8C,636.0,770.7669979975311
S160,2,b1c7,1,4.8C(80%)-4.8C,870.0,873.8294312738822
S160,2,b1c16,1,5.4C(60%)-3.6C,862.0,880.0571933762847
S160,2,b1c17,1,5.4C(60%)-3.6C,857.0,847.714240893921
S160,2,b1c30,1,6C(50%)-3.6C,709.0,764.7542795014424
S160,2,b1c31,1,6C(50%)-3.6C,876.0,755.4895355541232
S160,2,b1c42,1,8C(25%)-3.6C,702.0,763.558093914603
S160,2,b1c43,1,8C(25%)-3.6C,651.0,778.2729642669597
S160,3,b1c5,1,4.4C(80%)-4.4C,1074.0,1024.1488067754121
S160,3,b1c10,1,5.4C(50%)-3C,906.0,907.7385610733361
S160,3,b1c11,1,5.4C(50%)-3C,788.0,876.5489068877505
S160,3,b1c24,1,6C(40%)-3C,1017.0,856.8100119222303
S160,3,b1c25,1,6C(40%)-3C,854.0,883.3084882385156
S160,3,b1c40,1,8C(15%)-3.6C,966.0,937.5165215252522
S160,3,b1c41,1,8C(15%)-3.6C,1051.0,931.9407883880763
S160,4,b1c12,1,5.4C(50%)-3.6C,902.0,891.9715583244613
S160,4,b1c13,1,5.4C(50%)-3.6C,897.0,915.2599092483421
S160,4,b1c26,1,6C(40%)-3.6C,870.0,805.8926516109522
S160,4,b1c27,1,6C(40%)-3.6C,842.0,809.3126175368895
S160,4,b1c36,1,7C(40%)-3C,704.0,798.8833265022124
S160,4,b1c37,1,7C(40%)-3C,648.0,764.1507625663045
S160,5,b1c8,1,5.4C(40%)-3.6C,879.0,925.1872612353491
S160,5,b1c9,1,5.4C(40%)-3.6C,1054.0,899.0193601204214
S160,5,b1c22,1,6C(30%)-3.6C,891.0,885.8826644460206
S160,5,b1c23,1,6C(30%)-3.6C,1014.0,948.1288057780498
S160,5,b1c38,1,7C(40%)-3.6C,617.0,593.2092175785244
S160,5,b1c39,1,7C(40%)-3.6C,625.0,620.3037116188797
S161,1,b1c3,1,4C(80%)-4C,1226.0,1131.07117734181
S161,1,b1c4,1,4C(80%)-4C,1227.0,1141.5188464903297
S161,1,b1c20,1,5.4C(80%)-5.4C,534.0,558.6835719536193
S161,1,b1c21,1,5.4C(80%)-5.4C,559.0,597.9093286526836
S161,1,b1c32,1,6C(60%)-3C,731.0,720.1454963695301
S161,1,b1c33,1,6C(60%)-3C,757.0,703.669927659046
S161,1,b1c44,1,8C(35%)-3.6C,616.0,653.4160596900451
S161,1,b1c45,1,8C(35%)-3.6C,599.0,658.0420096666459
S161,2,b1c6,1,4.8C(80%)-4.8C,636.0,853.2179428473463
S161,2,b1c7,1,4.8C(80%)-4.8C,870.0,875.8559145468572
S161,2,b1c16,1,5.4C(60%)-3.6C,862.0,897.4799828252085
S161,2,b1c17,1,5.4C(60%)-3.6C,857.0,879.6706086528221
S161,2,b1c30,1,6C(50%)-3.6C,709.0,765.1564007759766
S161,2,b1c31,1,6C(50%)-3.6C,876.0,822.0192022593475
S161,2,b1c42,1,8C(25%)-3.6C,702.0,780.0640955572911
S161,2,b1c43,1,8C(25%)-3.6C,651.0,764.2542256254801
S161,3,b1c5,1,4.4C(80%)-4.4C,1074.0,993.8673617528287
S161,3,b1c10,1,5.4C(50%)-3C,906.0,889.5941606561514
S161,3,b1c11,1,5.4C(50%)-3C,788.0,908.2041678306255
S161,3,b1c24,1,6C(40%)-3C,1017.0,850.6834557355677
S161,3,b1c25,1,6C(40%)-3C,854.0,851.5042039786184
S161,3,b1c40,1,8C(15%)-3.6C,966.0,871.1441669743946
S161,3,b1c41,1,8C(15%)-3.6C,1051.0,888.2093682632867
S161,4,b1c12,1,5.4C(50%)-3.6C,902.0,872.8437370799388
S161,4,b1c13,1,5.4C(50%)-3.6C,897.0,894.1288631441186
S161,4,b1c26,1,6C(40%)-3.6C,870.0,803.3841214287667
S161,4,b1c27,1,6C(40%)-3.6C,842.0,796.7382822979419
S161,4,b1c36,1,7C(40%)-3C,704.0,813.9539556456041
S161,4,b1c37,1,7C(40%)-3C,648.0,784.9060927592038
S161,5,b1c8,1,5.4C(40%)-3.6C,879.0,906.2768890038247
S161,5,b1c9,1,5.4C(40%)-3.6C,1054.0,906.8771847113042
S161,5,b1c22,1,6C(30%)-3.6C,891.0,869.4038451789015
S161,5,b1c23,1,6C(30%)-3.6C,1014.0,904.0602020952558
S161,5,b1c38,1,7C(40%)-3.6C,617.0,683.452845729953
S161,5,b1c39,1,7C(40%)-3.6C,625.0,703.446878934508
S162,1,b1c3,1,4C(80%)-4C,1226.0,1192.676050085558
S162,1,b1c4,1,4C(80%)-4C,1227.0,1201.8397678304184
S162,1,b1c20,1,5.4C(80%)-5.4C,534.0,515.3224179675373
S162,1,b1c21,1,5.4C(80%)-5.4C,559.0,566.3969892035813
S162,1,b1c32,1,6C(60%)-3C,731.0,699.8522523300113
S162,1,b1c33,1,6C(60%)-3C,757.0,679.2014204942459
S162,1,b1c44,1,8C(35%)-3.6C,616.0,629.1476258781412
S162,1,b1c45,1,8C(35%)-3.6C,599.0,629.1127396759001
S162,2,b1c6,1,4.8C(80%)-4.8C,636.0,848.7521075449284
S162,2,b1c7,1,4.8C(80%)-4.8C,870.0,879.1278891533441
S162,2,b1c16,1,5.4C(60%)-3.6C,862.0,900.142696964673
S162,2,b1c17,1,5.4C(60%)-3.6C,857.0,879.007598826714
S162,2,b1c30,1,6C(50%)-3.6C,709.0,758.4084373756373
S162,2,b1c31,1,6C(50%)-3.6C,876.0,809.3613756746531
S162,2,b1c42,1,8C(25%)-3.6C,702.0,772.7616231939767
S162,2,b1c43,1,8C(25%)-3.6C,651.0,757.5197213201321
S162,3,b1c5,1,4.4C(80%)-4.4C,1074.0,1014.7961528151434
S162,3,b1c10,1,5.4C(50%)-3C,906.0,900.3894734531073
S162,3,b1c11,1,5.4C(50%)-3C,788.0,917.7899644552169
S162,3,b1c24,1,6C(40%)-3C,1017.0,857.6675322334663
S162,3,b1c25,1,6C(40%)-3C,854.0,860.5340305356136
S162,3,b1c40,1,8C(15%)-3.6C,966.0,884.2153433967878
S162,3,b1c41,1,8C(15%)-3.6C,1051.0,901.1579471838443
S162,4,b1c12,1,5.4C(50%)-3.6C,902.0,875.4967812017205
S162,4,b1c13,1,5.4C(50%)-3.6C,897.0,900.7700258739154
S162,4,b1c26,1,6C(40%)-3.6C,870.0,801.2189580220551
S162,4,b1c27,1,6C(40%)-3.6C,842.0,793.8169437115888
S162,4,b1c36,1,7C(40%)-3C,704.0,813.5758315138103
S162,4,b1c37,1,7C(40%)-3C,648.0,780.5934933518179
S162,5,b1c8,1,5.4C(40%)-3.6C,879.0,916.4180701966743
S162,5,b1c9,1,5.4C(40%)-3.6C,1054.0,913.9587755038302
S162,5,b1c22,1,6C(30%)-3.6C,891.0,876.0967804071411
S162,5,b1c23,1,6C(30%)-3.6C,1014.0,916.0041065012854
S162,5,b1c38,1,7C(40%)-3.6C,617.0,661.7886194420013
S162,5,b1c39,1,7C(40%)-3.6C,625.0,683.7627384987007
S163,1,b1c3,1,4C(80%)-4C,1226.0,1312.3650285105339
S163,1,b1c4,1,4C(80%)-4C,1227.0,1319.5328546027874
S163,1,b1c20,1,5.4C(80%)-5.4C,534.0,439.40078662691843
S163,1,b1c21,1,5.4C(80%)-5.4C,559.0,528.6801056278185
S163,1,b1c32,1,6C(60%)-3C,731.0,667.4068213691493
S163,1,b1c33,1,6C(60%)-3C,757.0,638.0151017183737
S163,1,b1c44,1,8C(35%)-3.6C,616.0,593.753082868237
S163,1,b1c45,1,8C(35%)-3.6C,599.0,582.2767717119292
S163,2,b1c6,1,4.8C(80%)-4.8C,636.0,815.4677404928453
S163,2,b1c7,1,4.8C(80%)-4.8C,870.0,879.9093198225687
S163,2,b1c16,1,5.4C(60%)-3.6C,862.0,890.506859404878
S163,2,b1c17,1,5.4C(60%)-3.6C,857.0,862.8908682975491
S163,2,b1c30,1,6C(50%)-3.6C,709.0,757.5479970947956
S163,2,b1c31,1,6C(50%)-3.6C,876.0,772.9693127747322
S163,2,b1c42,1,8C(25%)-3.6C,702.0,765.5233382151389
S163,2,b1c43,1,8C(25%)-3.6C,651.0,762.6979687782213
S163,3,b1c5,1,4.4C(80%)-4.4C,1074.0,1031.3752018661748
S163,3,b1c10,1,5.4C(50%)-3C,906.0,911.2784775238152
S163,3,b1c11,1,5.4C(50%)-3C,788.0,909.9831522385253
S163,3,b1c24,1,6C(40%)-3C,1017.0,864.4951864685835
S163,3,b1c25,1,6C(40%)-3C,854.0,877.7186048673753
S163,3,b1c40,1,8C(15%)-3.6C,966.0,915.2509777308874
S163,3,b1c41,1,8C(15%)-3.6C,1051.0,923.2920678754643
S163,4,b1c12,1,5.4C(50%)-3.6C,902.0,879.6602471314848
S163,4,b1c13,1,5.4C(50%)-3.6C,897.0,909.1356254399933
S163,4,b1c26,1,6C(40%)-3.6C,870.0,801.8425233297947
S163,4,b1c27,1,6C(40%)-3.6C,842.0,796.5035078700295
S163,4,b1c36,1,7C(40%)-3C,704.0,811.5227541677634
S163,4,b1c37,1,7C(40%)-3C,648.0,774.3055458891522
S163,5,b1c8,1,5.4C(40%)-3.6C,879.0,927.6570304036693
S163,5,b1c9,1,5.4C(40%)-3.6C,1054.0,913.8601223495755
S163,5,b1c22,1,6C(30%)-3.6C,891.0,885.5726552757554
S163,5,b1c23,1,6C(30%)-3.6C,1014.0,935.7455850326692
S163,5,b1c38,1,7C(40%)-3.6C,617.0,623.5501543299312
S163,5,b1c39,1,7C(40%)-3.6C,625.0,647.8837123381641
S164,1,b1c3,1,4C(80%)-4C,1226.0,913.2154862427724
S164,1,b1c4,1,4C(80%)-4C,1227.0,918.8496586319515
S164,1,b1c20,1,5.4C(80%)-5.4C,534.0,769.4943598431812
S164,1,b1c21,1,5.4C(80%)-5.4C,559.0,775.7423403556764
S164,1,b1c32,1,6C(60%)-3C,731.0,810.1043108857613
S164,1,b1c33,1,6C(60%)-3C,757.0,807.0380947510338
S164,1,b1c44,1,8C(35%)-3.6C,616.0,787.2665225368726
S164,1,b1c45,1,8C(35%)-3.6C,599.0,791.2519464073781
S164,2,b1c6,1,4.8C(80%)-4.8C,636.0,849.9119864346508
S164,2,b1c7,1,4.8C(80%)-4.8C,870.0,855.019859471914
S164,2,b1c16,1,5.4C(60%)-3.6C,862.0,863.3083780852943
S164,2,b1c17,1,5.4C(60%)-3.6C,857.0,858.3847081229437
S164,2,b1c30,1,6C(50%)-3.6C,709.0,819.6008361374738
S164,2,b1c31,1,6C(50%)-3.6C,876.0,843.4357988454722
S164,2,b1c42,1,8C(25%)-3.6C,702.0,825.5472441585674
S164,2,b1c43,1,8C(25%)-3.6C,651.0,819.7883651457926
S164,3,b1c5,1,4.4C(80%)-4.4C,1074.0,859.6070938717679
S164,3,b1c10,1,5.4C(50%)-3C,906.0,826.6988508377273
S164,3,b1c11,1,5.4C(50%)-3C,788.0,834.0959137761514
S164,3,b1c24,1,6C(40%)-3C,1017.0,814.4402786642154
S164,3,b1c25,1,6C(40%)-3C,854.0,813.971203962561
S164,3,b1c40,1,8C(15%)-3.6C,966.0,819.3060601590337
S164,3,b1c41,1,8C(15%)-3.6C,1051.0,825.4938744589399
S164,4,b1c12,1,5.4C(50%)-3.6C,902.0,846.2725357134458
S164,4,b1c13,1,5.4C(50%)-3.6C,897.0,851.7782421784354
S164,4,b1c26,1,6C(40%)-3.6C,870.0,823.1972722569149
S164,4,b1c27,1,6C(40%)-3.6C,842.0,821.3220417005803
S164,4,b1c36,1,7C(40%)-3C,704.0,825.7703433440129
S164,4,b1c37,1,7C(40%)-3C,648.0,817.3560098729197
S164,5,b1c8,1,5.4C(40%)-3.6C,879.0,849.2727604043381
S164,5,b1c9,1,5.4C(40%)-3.6C,1054.0,850.9760990742584
S164,5,b1c22,1,6C(30%)-3.6C,891.0,838.0812899366825
S164,5,b1c23,1,6C(30%)-3.6C,1014.0,847.8971196671387
S164,5,b1c38,1,7C(40%)-3.6C,617.0,784.7745766451492
S164,5,b1c39,1,7C(40%)-3.6C,625.0,790.9905248308063
S165,1,b1c3,1,4C(80%)-4C,1226.0,946.9042647811636
S165,1,b1c4,1,4C(80%)-4C,1227.0,955.1316500330572
S165,1,b1c20,1,5.4C(80%)-5.4C,534.0,732.2590529242593
S165,1,b1c21,1,5.4C(80%)-5.4C,559.0,743.3067578538289
S165,1,b1c32,1,6C(60%)-3C,731.0,794.7084145267097
S165,1,b1c33,1,6C(60%)-3C,757.0,790.0236038940221
S165,1,b1c44,1,8C(35%)-3.6C,616.0,762.6435999012651
S165,1,b1c45,1,8C(35%)-3.6C,599.0,767.8377917774247
S165,2,b1c6,1,4.8C(80%)-4.8C,636.0,852.0521995580817
S165,2,b1c7,1,4.8C(80%)-4.8C,870.0,858.3054884213132
S165,2,b1c16,1,5.4C(60%)-3.6C,862.0,870.6923421658475
S165,2,b1c17,1,5.4C(60%)-3.6C,857.0,863.0935188844584
S165,2,b1c30,1,6C(50%)-3.6C,709.0,806.9914505572843
S165,2,b1c31,1,6C(50%)-3.6C,876.0,840.4277159521844
S165,2,b1c42,1,8C(25%)-3.6C,702.0,815.4983771336833
S165,2,b1c43,1,8C(25%)-3.6C,651.0,807.1546558697106
S165,3,b1c5,1,4.4C(80%)-4.4C,1074.0,888.0487150634915
S165,3,b1c10,1,5.4C(50%)-3C,906.0,839.9396575089238
S165,3,b1c11,1,5.4C(50%)-3C,788.0,852.6460610059871
S165,3,b1c24,1,6C(40%)-3C,1017.0,822.6684020185618
S165,3,b1c25,1,6C(40%)-3C,854.0,822.3822089341571
S165,3,b1c40,1,8C(15%)-3.6C,966.0,829.7815152454558
S165,3,b1c41,1,8C(15%)-3.6C,1051.0,838.9572948122263
S165,4,b1c12,1,5.4C(50%)-3.6C,902.0,852.7487484315503
S165,4,b1c13,1,5.4C(50%)-3.6C,897.0,860.6914270262332
S165,4,b1c26,1,6C(40%)-3.6C,870.0,818.82878944578
S165,4,b1c27,1,6C(40%)-3.6C,842.0,816.083813728291
S165,4,b1c36,1,7C(40%)-3C,704.0,822.7326018544397
S165,4,b1c37,1,7C(40%)-3C,648.0,810.5971222890364
S165,5,b1c8,1,5.4C(40%)-3.6C,879.0,860.5977876646663
S165,5,b1c9,1,5.4C(40%)-3.6C,1054.0,863.3294454303372
S165,5,b1c22,1,6C(30%)-3.6C,891.0,844.6065549801268
S165,5,b1c23,1,6C(30%)-3.6C,1014.0,858.9570503812042
S165,5,b1c38,1,7C(40%)-3.6C,617.0,764.6791667675844
S165,5,b1c39,1,7C(40%)-3.6C,625.0,773.8119260162642
S166,1,b1c3,1,4C(80%)-4C,1226.0,1070.5593058509178
S166,1,b1c4,1,4C(80%)-4C,1227.0,1092.263411250395
S166,1,b1c20,1,5.4C(80%)-5.4C,534.0,650.9443126452285
S166,1,b1c21,1,5.4C(80%)-5.4C,559.0,648.9233690811564
S166,1,b1c32,1,6C(60%)-3C,731.0,738.2305477565103
S166,1,b1c33,1,6C(60%)-3C,757.0,732.9595546903763
S166,1,b1c44,1,8C(35%)-3.6C,616.0,677.0332453519775
S166,1,b1c45,1,8C(35%)-3.6C,599.0,677.3753223610499
S166,2,b1c6,1,4.8C(80%)-4.8C,636.0,855.138001843998
S166,2,b1c7,1,4.8C(80%)-4.8C,870.0,865.3719354884041
S166,2,b1c16,1,5.4C(60%)-3.6C,862.0,889.9362063395058
S166,2,b1c17,1,5.4C(60%)-3.6C,857.0,872.0510264608466
S166,2,b1c30,1,6C(50%)-3.6C,709.0,769.5685441521753
S166,2,b1c31,1,6C(50%)-3.6C,876.0,819.628165640043
S166,2,b1c42,1,8C(25%)-3.6C,702.0,784.2010749050037
S166,2,b1c43,1,8C(25%)-3.6C,651.0,769.6300830234761
S166,3,b1c5,1,4.4C(80%)-4.4C,1074.0,973.3158131443273
S166,3,b1c10,1,5.4C(50%)-3C,906.0,882.5831174699588
S166,3,b1c11,1,5.4C(50%)-3C,788.0,910.3334692557158
S166,3,b1c24,1,6C(40%)-3C,1017.0,851.4654361466072
S166,3,b1c25,1,6C(40%)-3C,854.0,853.9935135098406
S166,3,b1c40,1,8C(15%)-3.6C,966.0,868.6510328915724
S166,3,b1c41,1,8C(15%)-3.6C,1051.0,885.2678586227313
S166,4,b1c12,1,5.4C(50%)-3.6C,902.0,871.1992517956252
S166,4,b1c13,1,5.4C(50%)-3.6C,897.0,888.1491285599423
S166,4,b1c26,1,6C(40%)-3.6C,870.0,806.0882126305369
S166,4,b1c27,1,6C(40%)-3.6C,842.0,800.2069738901438
S166,4,b1c36,1,7C(40%)-3C,704.0,816.4596456315472
S166,4,b1c37,1,7C(40%)-3C,648.0,792.4813302141675
S166,5,b1c8,1,5.4C(40%)-3.6C,879.0,896.8516628357663
S166,5,b1c9,1,5.4C(40%)-3.6C,1054.0,901.2206000165058
S166,5,b1c22,1,6C(30%)-3.6C,891.0,867.3265455249523
S166,5,b1c23,1,6C(30%)-3.6C,1014.0,897.0028435652384
S166,5,b1c38,1,7C(40%)-3.6C,617.0,694.4578770840058
S166,5,b1c39,1,7C(40%)-3.6C,625.0,712.6661911069459
S167,1,b1c3,1,4C(80%)-4C,1226.0,850.4051838396425
S167,1,b1c4,1,4C(80%)-4C,1227.0,851.1386081677279
S167,1,b1c20,1,5.4C(80%)-5.4C,534.0,834.9792814213944
S167,1,b1c21,1,5.4C(80%)-5.4C,559.0,835.6978882845808
S167,1,b1c32,1,6C(60%)-3C,731.0,839.5041499582726
S167,1,b1c33,1,6C(60%)-3C,757.0,839.2142968603981
S167,1,b1c44,1,8C(35%)-3.6C,616.0,836.9936245384026
S167,1,b1c45,1,8C(35%)-3.6C,599.0,837.4596356484946
S167,2,b1c6,1,4.8C(80%)-4.8C,636.0,846.6793556398516
S167,2,b1c7,1,4.8C(80%)-4.8C,870.0,847.1412062950786
S167,2,b1c16,1,5.4C(60%)-3.6C,862.0,848.2109312335594
S167,2,b1c17,1,5.4C(60%)-3.6C,857.0,847.6092449668563
S167,2,b1c30,1,6C(50%)-3.6C,709.0,843.0140727515985
S167,2,b1c31,1,6C(50%)-3.6C,876.0,845.8558157582779
S167,2,b1c42,1,8C(25%)-3.6C,702.0,843.7587832744578
S167,2,b1c43,1,8C(25%)-3.6C,651.0,843.0652766444366
S167,3,b1c5,1,4.4C(80%)-4.4C,1074.0,805.5926660873189
S167,3,b1c10,1,5.4C(50%)-3C,906.0,801.750565082707
S167,3,b1c11,1,5.4C(50%)-3C,788.0,802.8025746956197
S167,3,b1c24,1,6C(40%)-3C,1017.0,800.3648517527818
S167,3,b1c25,1,6C(40%)-3C,854.0,800.3286468077663
S167,3,b1c40,1,8C(15%)-3.6C,966.0,800.9044382637159
S167,3,b1c41,1,8C(15%)-3.6C,1051.0,801.6596818438857
S167,4,b1c12,1,5.4C(50%)-3.6C,902.0,834.3418339561597
S167,4,b1c13,1,5.4C(50%)-3.6C,897.0,834.9231319167387
S167,4,b1c26,1,6C(40%)-3.6C,870.0,831.5749772402273
S167,4,b1c27,1,6C(40%)-3.6C,842.0,831.3671630423097
S167,4,b1c36,1,7C(40%)-3C,704.0,831.8490903228957
S167,4,b1c37,1,7C(40%)-3C,648.0,830.9173747419724
S167,5,b1c8,1,5.4C(40%)-3.6C,879.0,827.966915706724
S167,5,b1c9,1,5.4C(40%)-3.6C,1054.0,828.2487580343025
S167,5,b1c22,1,6C(30%)-3.6C,891.0,826.7434482703786
S167,5,b1c23,1,6C(30%)-3.6C,1014.0,827.8320816913326
S167,5,b1c38,1,7C(40%)-3.6C,617.0,820.5199387312286
S167,5,b1c39,1,7C(40%)-3.6C,625.0,821.2408779993897
S168,1,b1c3,1,4C(80%)-4C,1226.0,847.9273279658202
S168,1,b1c4,1,4C(80%)-4C,1227.0,849.1576491682938
S168,1,b1c20,1,5.4C(80%)-5.4C,534.0,837.6911329511986
S168,1,b1c21,1,5.4C(80%)-5.4C,559.0,837.5704831257287
S168,1,b1c32,1,6C(60%)-3C,731.0,840.3774213759366
S168,1,b1c33,1,6C(60%)-3C,757.0,840.4989869196902
S168,1,b1c44,1,8C(35%)-3.6C,616.0,838.7557377636992
S168,1,b1c45,1,8C(35%)-3.6C,599.0,838.7861060400087
S168,2,b1c6,1,4.8C(80%)-4.8C,636.0,845.7484292306834
S168,2,b1c7,1,4.8C(80%)-4.8C,870.0,846.2560706200742
S168,2,b1c16,1,5.4C(60%)-3.6C,862.0,848.2321950958825
S168,2,b1c17,1,5.4C(60%)-3.6C,857.0,847.3177484554469
S168,2,b1c30,1,6C(50%)-3.6C,709.0,842.3615705377292
S168,2,b1c31,1,6C(50%)-3.6C,876.0,844.8407125119834
S168,2,b1c42,1,8C(25%)-3.6C,702.0,843.6662731442751
S168,2,b1c43,1,8C(25%)-3.6C,651.0,842.8484111897923
S168,3,b1c5,1,4.4C(80%)-4.4C,1074.0,806.218318744142
S168,3,b1c10,1,5.4C(50%)-3C,906.0,802.7566613723208
S168,3,b1c11,1,5.4C(50%)-3C,788.0,804.0214052781969
S168,3,b1c24,1,6C(40%)-3C,1017.0,801.4196017059314
S168,3,b1c25,1,6C(40%)-3C,854.0,801.55889550419
S168,3,b1c40,1,8C(15%)-3.6C,966.0,802.1366703397413
S168,3,b1c41,1,8C(15%)-3.6C,1051.0,802.9160284036517
S168,4,b1c12,1,5.4C(50%)-3.6C,902.0,834.8795474475331
S168,4,b1c13,1,5.4C(50%)-3.6C,897.0,835.2030570122954
S168,4,b1c26,1,6C(40%)-3.6C,870.0,831.5702196380477
S168,4,b1c27,1,6C(40%)-3.6C,842.0,831.5235110722347
S168,4,b1c36,1,7C(40%)-3C,704.0,832.1729574416247
S168,4,b1c37,1,7C(40%)-3C,648.0,831.3166485355493
S168,5,b1c8,1,5.4C(40%)-3.6C,879.0,828.1822710902427
S168,5,b1c9,1,5.4C(40%)-3.6C,1054.0,828.786785811904
S168,5,b1c22,1,6C(30%)-3.6C,891.0,827.271310545847
S168,5,b1c23,1,6C(30%)-3.6C,1014.0,828.2687373092426
S168,5,b1c38,1,7C(40%)-3.6C,617.0,819.91315127122
S168,5,b1c39,1,7C(40%)-3.6C,625.0,820.7109063829463
S169,1,b1c3,1,4C(80%)-4C,1226.0,848.3646520141094
S169,1,b1c4,1,4C(80%)-4C,1227.0,850.3524315046355
S169,1,b1c20,1,5.4C(80%)-5.4C,534.0,837.9439084898862
S169,1,b1c21,1,5.4C(80%)-5.4C,559.0,837.7801481953256
S169,1,b1c32,1,6C(60%)-3C,731.0,840.6497003003616
S169,1,b1c33,1,6C(60%)-3C,757.0,840.8492638481474
S169,1,b1c44,1,8C(35%)-3.6C,616.0,838.4619784602601
S169,1,b1c45,1,8C(35%)-3.6C,599.0,838.5064786746985
S169,2,b1c6,1,4.8C(80%)-4.8C,636.0,840.9219162534297
S169,2,b1c7,1,4.8C(80%)-4.8C,870.0,841.850283917178
S169,2,b1c16,1,5.4C(60%)-3.6C,862.0,848.8699869414924
S169,2,b1c17,1,5.4C(60%)-3.6C,857.0,845.623692673864
S169,2,b1c30,1,6C(50%)-3.6C,709.0,837.3809296017083
S169,2,b1c31,1,6C(50%)-3.6C,876.0,837.5949385428548
S169,2,b1c42,1,8C(25%)-3.6C,702.0,841.3892705279818
S169,2,b1c43,1,8C(25%)-3.6C,651.0,839.9833036342961
S169,3,b1c5,1,4.4C(80%)-4.4C,1074.0,812.8415433918734
S169,3,b1c10,1,5.4C(50%)-3C,906.0,809.6949395286439
S169,3,b1c11,1,5.4C(50%)-3C,788.0,812.5768506637933
S169,3,b1c24,1,6C(40%)-3C,1017.0,808.2652183229533
S169,3,b1c25,1,6C(40%)-3C,854.0,809.9610367675971
S169,3,b1c40,1,8C(15%)-3.6C,966.0,810.9334742267829
S169,3,b1c41,1,8C(15%)-3.6C,1051.0,811.7008431043969
S169,4,b1c12,1,5.4C(50%)-3.6C,902.0,839.8666120778099
S169,4,b1c13,1,5.4C(50%)-3.6C,897.0,837.8935596706566
S169,4,b1c26,1,6C(40%)-3.6C,870.0,831.1647411853622
S169,4,b1c27,1,6C(40%)-3.6C,842.0,832.6106417490831
S169,4,b1c36,1,7C(40%)-3C,704.0,829.6608496778125
S169,4,b1c37,1,7C(40%)-3C,648.0,829.6050712489623
S169,5,b1c8,1,5.4C(40%)-3.6C,879.0,831.4495131415439
S169,5,b1c9,1,5.4C(40%)-3.6C,1054.0,833.0512344410788
S169,5,b1c22,1,6C(30%)-3.6C,891.0,830.5566176302813
S169,5,b1c23,1,6C(30%)-3.6C,1014.0,832.3744124822275
S169,5,b1c38,1,7C(40%)-3.6C,617.0,812.2445204129015
S169,5,b1c39,1,7C(40%)-3.6C,625.0,813.9011821693053
S170,1,b1c3,1,4C(80%)-4C,1226.0,1596.9570421813128
S170,1,b1c4,1,4C(80%)-4C,1227.0,1639.2582622414866
S170,1,b1c20,1,5.4C(80%)-5.4C,534.0,508.8407498027522
S170,1,b1c21,1,5.4C(80%)-5.4C,559.0,573.1012300006573
S170,1,b1c32,1,6C(60%)-3C,731.0,662.4588411623126
S170,1,b1c33,1,6C(60%)-3C,757.0,639.8097935251917
S170,1,b1c44,1,8C(35%)-3.6C,616.0,604.580712042342
S170,1,b1c45,1,8C(35%)-3.6C,599.0,585.8407253920308
S170,2,b1c6,1,4.8C(80%)-4.8C,636.0,735.7988536771012
S170,2,b1c7,1,4.8C(80%)-4.8C,870.0,824.7260418749462
S170,2,b1c16,1,5.4C(60%)-3.6C,862.0,864.1540918305546
S170,2,b1c17,1,5.4C(60%)-3.6C,857.0,821.4444983508776
S170,2,b1c30,1,6C(50%)-3.6C,709.0,752.5678100720562
S170,2,b1c31,1,6C(50%)-3.6C,876.0,711.8901433280339
S170,2,b1c42,1,8C(25%)-3.6C,702.0,756.833374997055
S170,2,b1c43,1,8C(25%)-3.6C,651.0,764.1266276510243
S170,3,b1c5,1,4.4C(80%)-4.4C,1074.0,1003.9603824313215
S170,3,b1c10,1,5.4C(50%)-3C,906.0,897.9114362027399
S170,3,b1c11,1,5.4C(50%)-3C,788.0,885.35404637984
S170,3,b1c24,1,6C(40%)-3C,1017.0,839.5979264410616
S170,3,b1c25,1,6C(40%)-3C,854.0,874.9679687988602
S170,3,b1c40,1,8C(15%)-3.6C,966.0,921.5860108803297
S170,3,b1c41,1,8C(15%)-3.6C,1051.0,919.8524052265278
S170,4,b1c12,1,5.4C(50%)-3.6C,902.0,889.6062561460484
S170,4,b1c13,1,5.4C(50%)-3.6C,897.0,902.4724747820385
S170,4,b1c26,1,6C(40%)-3.6C,870.0,784.1984026390636
S170,4,b1c27,1,6C(40%)-3.6C,842.0,793.0073374614487
S170,4,b1c36,1,7C(40%)-3C,704.0,781.8605288426319
S170,4,b1c37,1,7C(40%)-3C,648.0,753.5920515501698
S170,5,b1c8,1,5.4C(40%)-3.6C,879.0,901.2955476016195
S170,5,b1c9,1,5.4C(40%)-3.6C,1054.0,886.4439239113256
S170,5,b1c22,1,6C(30%)-3.6C,891.0,860.8580565964284
S170,5,b1c23,1,6C(30%)-3.6C,1014.0,924.9266281724715
S170,5,b1c38,1,7C(40%)-3.6C,617.0,617.5608280372765
S170,5,b1c39,1,7C(40%)-3.6C,625.0,641.1085590548472
S171,1,b1c3,1,4C(80%)-4C,1226.0,1594.8109473599293
S171,1,b1c4,1,4C(80%)-4C,1227.0,1637.47277982031
S171,1,b1c20,1,5.4C(80%)-5.4C,534.0,508.75763566131985
S171,1,b1c21,1,5.4C(80%)-5.4C,559.0,572.8534201512222
S171,1,b1c32,1,6C(60%)-3C,731.0,662.6451873343487
S171,1,b1c33,1,6C(60%)-3C,757.0,640.0546386156221
S171,1,b1c44,1,8C(35%)-3.6C,616.0,604.6526645624099
S171,1,b1c45,1,8C(35%)-3.6C,599.0,586.0558503889883
S171,2,b1c6,1,4.8C(80%)-4.8C,636.0,737.0964816578999
S171,2,b1c7,1,4.8C(80%)-4.8C,870.0,825.0415214962522
S171,2,b1c16,1,5.4C(60%)-3.6C,862.0,864.5699236800995
S171,2,b1c17,1,5.4C(60%)-3.6C,857.0,821.9986150361127
S171,2,b1c30,1,6C(50%)-3.6C,709.0,752.2513016104185
S171,2,b1c31,1,6C(50%)-3.6C,876.0,712.3974496752955
S171,2,b1c42,1,8C(25%)-3.6C,702.0,756.81711165873
S171,2,b1c43,1,8C(25%)-3.6C,651.0,763.570284674611
S171,3,b1c5,1,4.4C(80%)-4.4C,1074.0,1003.9864734494702
S171,3,b1c10,1,5.4C(50%)-3C,906.0,897.9975722344049
S171,3,b1c11,1,5.4C(50%)-3C,788.0,887.3142089519597
S171,3,b1c24,1,6C(40%)-3C,1017.0,839.769500499419
S171,3,b1c25,1,6C(40%)-3C,854.0,875.1143543654417
S171,3,b1c40,1,8C(15%)-3.6C,966.0,920.9816096423053
S171,3,b1c41,1,8C(15%)-3.6C,1051.0,919.7841286496948
S171,4,b1c12,1,5.4C(50%)-3.6C,902.0,889.6282845372485
S171,4,b1c13,1,5.4C(50%)-3.6C,897.0,902.5006412758869
S171,4,b1c26,1,6C(40%)-3.6C,870.0,784.0821397504266
S171,4,b1c27,1,6C(40%)-3.6C,842.0,792.7893006710576
S171,4,b1c36,1,7C(40%)-3C,704.0,782.0488676477785
S171,4,b1c37,1,7C(40%)-3C,648.0,753.7697637758645
S171,5,b1c8,1,5.4C(40%)-3.6C,879.0,901.2275248209335
S171,5,b1c9,1,5.4C(40%)-3.6C,1054.0,886.7243374088008
S171,5,b1c22,1,6C(30%)-3.6C,891.0,860.7762310018751
S171,5,b1c23,1,6C(30%)-3.6C,1014.0,924.6832875518238
S171,5,b1c38,1,7C(40%)-3.6C,617.0,617.7980197572926
S171,5,b1c39,1,7C(40%)-3.6C,625.0,641.3788507973989
S172,1,b1c3,1,4C(80%)-4C,1226.0,1592.6675046143682
S172,1,b1c4,1,4C(80%)-4C,1227.0,1635.6888282405096
S172,1,b1c20,1,5.4C(80%)-5.4C,534.0,508.6744119104797
S172,1,b1c21,1,5.4C(80%)-5.4C,559.0,572.6056481811407
S172,1,b1c32,1,6C(60%)-3C,731.0,662.8315915035089
S172,1,b1c33,1,6C(60%)-3C,757.0,640.2995599788819
S172,1,b1c44,1,8C(35%)-3.6C,616.0,604.7246410961603
S172,1,b1c45,1,8C(35%)-3.6C,599.0,586.2711099559009
S172,2,b1c6,1,4.8C(80%)-4.8C,636.0,738.3980744592052
S172,2,b1c7,1,4.8C(80%)-4.8C,870.0,825.3579772377404
S172,2,b1c16,1,5.4C(60%)-3.6C,862.0,864.9854523726458
S172,2,b1c17,1,5.4C(60%)-3.6C,857.0,822.5530522332705
S172,2,b1c30,1,6C(50%)-3.6C,709.0,751.9345211343168
S172,2,b1c31,1,6C(50%)-3.6C,876.0,712.9046943284114
S172,2,b1c42,1,8C(25%)-3.6C,702.0,756.8010884257206
S172,2,b1c43,1,8C(25%)-3.6C,651.0,763.0139757141097
S172,3,b1c5,1,4.4C(80%)-4.4C,1074.0,1004.0128524400805
S172,3,b1c10,1,5.4C(50%)-3C,906.0,898.0837067816309
S172,3,b1c11,1,5.4C(50%)-3C,788.0,889.2808875428714
S172,3,b1c24,1,6C(40%)-3C,1017.0,839.9411570057375
S172,3,b1c25,1,6C(40%)-3C,854.0,875.2607643907531
S172,3,b1c40,1,8C(15%)-3.6C,966.0,920.3768492046196
S172,3,b1c41,1,8C(15%)-3.6C,1051.0,919.7157467228811
S172,4,b1c12,1,5.4C(50%)-3.6C,902.0,889.649990051396
S172,4,b1c13,1,5.4C(50%)-3.6C,897.0,902.5286851537022
S172,4,b1c26,1,6C(40%)-3.6C,870.0,783.9658607904299
S172,4,b1c27,1,6C(40%)-3.6C,842.0,792.5711333305234
S172,4,b1c36,1,7C(40%)-3C,704.0,782.237512045453
S172,4,b1c37,1,7C(40%)-3C,648.0,753.9476921694
S172,5,b1c8,1,5.4C(40%)-3.6C,879.0,901.1594154716786
S172,5,b1c9,1,5.4C(40%)-3.6C,1054.0,887.0049445456959
S172,5,b1c22,1,6C(30%)-3.6C,891.0,860.6942625636099
S172,5,b1c23,1,6C(30%)-3.6C,1014.0,924.4399614403974
S172,5,b1c38,1,7C(40%)-3.6C,617.0,618.0352128697859
S172,5,b1c39,1,7C(40%)-3.6C,625.0,641.6492480099619
S173,1,b1c3,1,4C(80%)-4C,1226.0,1591.108280254173
S173,1,b1c4,1,4C(80%)-4C,1227.0,1633.867921346983
S173,1,b1c20,1,5.4C(80%)-5.4C,534.0,508.55102967006536
S173,1,b1c21,1,5.4C(80%)-5.4C,559.0,572.4110261083232
S173,1,b1c32,1,6C(60%)-3C,731.0,662.9347431780557
S173,1,b1c33,1,6C(60%)-3C,757.0,640.392597177103
S173,1,b1c44,1,8C(35%)-3.6C,616.0,604.7964559190593
S173,1,b1c45,1,8C(35%)-3.6C,599.0,586.4811896771481
S173,2,b1c6,1,4.8C(80%)-4.8C,636.0,739.8926099799515
S173,2,b1c7,1,4.8C(80%)-4.8C,870.0,825.9727498690444
S173,2,b1c16,1,5.4C(60%)-3.6C,862.0,864.8535349727014
S173,2,b1c17,1,5.4C(60%)-3.6C,857.0,822.7558446781644
S173,2,b1c30,1,6C(50%)-3.6C,709.0,751.5851233665478
S173,2,b1c31,1,6C(50%)-3.6C,876.0,712.9478308566506
S173,2,b1c42,1,8C(25%)-3.6C,702.0,756.9474161322097
S173,2,b1c43,1,8C(25%)-3.6C,651.0,762.5989854689137
S173,3,b1c5,1,4.4C(80%)-4.4C,1074.0,1004.5057702711565
S173,3,b1c10,1,5.4C(50%)-3C,906.0,898.3330601125845
S173,3,b1c11,1,5.4C(50%)-3C,788.0,890.0635036953752
S173,3,b1c24,1,6C(40%)-3C,1017.0,840.215405194958
S173,3,b1c25,1,6C(40%)-3C,854.0,875.113418916545
S173,3,b1c40,1,8C(15%)-3.6C,966.0,919.815071016269
S173,3,b1c41,1,8C(15%)-3.6C,1051.0,919.5151131426381
S173,4,b1c12,1,5.4C(50%)-3.6C,902.0,889.0114524557177
S173,4,b1c13,1,5.4C(50%)-3.6C,897.0,902.2296918588544
S173,4,b1c26,1,6C(40%)-3.6C,870.0,783.9237333715962
S173,4,b1c27,1,6C(40%)-3.6C,842.0,792.242992473251
S173,4,b1c36,1,7C(40%)-3C,704.0,782.6699807715173
S173,4,b1c37,1,7C(40%)-3C,648.0,754.2454219808778
S173,5,b1c8,1,5.4C(40%)-3.6C,879.0,901.385074331357
S173,5,b1c9,1,5.4C(40%)-3.6C,1054.0,887.4062690589703
S173,5,b1c22,1,6C(30%)-3.6C,891.0,860.8443913381712
S173,5,b1c23,1,6C(30%)-3.6C,1014.0,924.2181779024187
S173,5,b1c38,1,7C(40%)-3.6C,617.0,618.561943267318
S173,5,b1c39,1,7C(40%)-3.6C,625.0,642.091843323524
S174,1,b1c3,1,4C(80%)-4C,1226.0,1569.8762546250055
S174,1,b1c4,1,4C(80%)-4C,1227.0,1616.1706653761303
S174,1,b1c20,1,5.4C(80%)-5.4C,534.0,507.71538224635157
S174,1,b1c21,1,5.4C(80%)-5.4C,559.0,569.9421744171042
S174,1,b1c32,1,6C(60%)-3C,731.0,664.7991072928916
S174,1,b1c33,1,6C(60%)-3C,757.0,642.8431267077791
S174,1,b1c44,1,8C(35%)-3.6C,616.0,605.5146251439782
S174,1,b1c45,1,8C(35%)-3.6C,599.0,588.6366490721575
S174,2,b1c6,1,4.8C(80%)-4.8C,636.0,752.9842768880878
S174,2,b1c7,1,4.8C(80%)-4.8C,870.0,829.1093797006929
S174,2,b1c16,1,5.4C(60%)-3.6C,862.0,869.0347126303748
S174,2,b1c17,1,5.4C(60%)-3.6C,857.0,828.3194275049261
S174,2,b1c30,1,6C(50%)-3.6C,709.0,748.4437615291862
S174,2,b1c31,1,6C(50%)-3.6C,876.0,718.0548816396216
S174,2,b1c42,1,8C(25%)-3.6C,702.0,756.7779549303862
S174,2,b1c43,1,8C(25%)-3.6C,651.0,757.0803341851232
S174,3,b1c5,1,4.4C(80%)-4.4C,1074.0,1004.764489620605
S174,3,b1c10,1,5.4C(50%)-3C,906.0,899.1938041271189
S174,3,b1c11,1,5.4C(50%)-3C,788.0,909.9209921591709
S174,3,b1c24,1,6C(40%)-3C,1017.0,841.9293755187114
S174,3,b1c25,1,6C(40%)-3C,854.0,876.5750557404745
S174,3,b1c40,1,8C(15%)-3.6C,966.0,913.8129149618769
S174,3,b1c41,1,8C(15%)-3.6C,1051.0,918.8330507309938
S174,4,b1c12,1,5.4C(50%)-3.6C,902.0,889.2327537787265
S174,4,b1c13,1,5.4C(50%)-3.6C,897.0,902.509502483486
S174,4,b1c26,1,6C(40%)-3.6C,870.0,782.7653191961325
S174,4,b1c27,1,6C(40%)-3.6C,842.0,790.0735884150729
S174,4,b1c36,1,7C(40%)-3C,704.0,784.5519468928915
S174,4,b1c37,1,7C(40%)-3C,648.0,756.0224815684297
S174,5,b1c8,1,5.4C(40%)-3.6C,879.0,900.7033948617474
S174,5,b1c9,1,5.4C(40%)-3.6C,1054.0,890.2117356464848
S174,5,b1c22,1,6C(30%)-3.6C,891.0,860.0260795905972
S174,5,b1c23,1,6C(30%)-3.6C,1014.0,921.7927320402138
S174,5,b1c38,1,7C(40%)-3.6C,617.0,620.9363520310004
S174,5,b1c39,1,7C(40%)-3.6C,625.0,644.7988363255416
S175,1,b1c3,1,4C(80%)-4C,1226.0,1548.8845365271466
S175,1,b1c4,1,4C(80%)-4C,1227.0,1598.6338811895646
S175,1,b1c20,1,5.4C(80%)-5.4C,534.0,506.8875632296576
S175,1,b1c21,1,5.4C(80%)-5.4C,559.0,567.4791594445334
S175,1,b1c32,1,6C(60%)-3C,731.0,666.6736925472827
S175,1,b1c33,1,6C(60%)-3C,757.0,645.3101786841207
S175,1,b1c44,1,8C(35%)-3.6C,616.0,606.2373909811424
S175,1,b1c45,1,8C(35%)-3.6C,599.0,590.8043697125099
S175,2,b1c6,1,4.8C(80%)-4.8C,636.0,756.4947983409197
S175,2,b1c7,1,4.8C(80%)-4.8C,870.0,827.1048298715539
S175,2,b1c16,1,5.4C(60%)-3.6C,862.0,872.3880936363793
S175,2,b1c17,1,5.4C(60%)-3.6C,857.0,831.7040454689496
S175,2,b1c30,1,6C(50%)-3.6C,709.0,746.4625725637214
S175,2,b1c31,1,6C(50%)-3.6C,876.0,725.4564119308283
S175,2,b1c42,1,8C(25%)-3.6C,702.0,755.5022435283495
S175,2,b1c43,1,8C(25%)-3.6C,651.0,754.5645937064257
S175,3,b1c5,1,4.4C(80%)-4.4C,1074.0,1002.4927886532306
S175,3,b1c10,1,5.4C(50%)-3C,906.0,899.016665665911
S175,3,b1c11,1,5.4C(50%)-3C,788.0,922.8166065673871
S175,3,b1c24,1,6C(40%)-3C,1017.0,843.6914141688183
S175,3,b1c25,1,6C(40%)-3C,854.0,879.2451446349884
S175,3,b1c40,1,8C(15%)-3.6C,966.0,912.1464729263809
S175,3,b1c41,1,8C(15%)-3.6C,1051.0,919.8638726820305
S175,4,b1c12,1,5.4C(50%)-3.6C,902.0,889.433495819874
S175,4,b1c13,1,5.4C(50%)-3.6C,897.0,902.5026653118261
S175,4,b1c26,1,6C(40%)-3.6C,870.0,781.7650694401451
S175,4,b1c27,1,6C(40%)-3.6C,842.0,788.2224993398188
S175,4,b1c36,1,7C(40%)-3C,704.0,785.7327436817123
S175,4,b1c37,1,7C(40%)-3C,648.0,757.2798366802175
S175,5,b1c8,1,5.4C(40%)-3.6C,879.0,900.0271148615615
S175,5,b1c9,1,5.4C(40%)-3.6C,1054.0,893.0419201538185
S175,5,b1c22,1,6C(30%)-3.6C,891.0,859.2094860896545
S175,5,b1c23,1,6C(30%)-3.6C,1014.0,919.3658658029983
S175,5,b1c38,1,7C(40%)-3.6C,617.0,623.3331260402039
S175,5,b1c39,1,7C(40%)-3.6C,625.0,647.530130039029
S176,1,b1c3,1,4C(80%)-4C,1226.0,1534.8754007377017
S176,1,b1c4,1,4C(80%)-4C,1227.0,1581.98103617127
S176,1,b1c20,1,5.4C(80%)-5.4C,534.0,505.6809890028414
S176,1,b1c21,1,5.4C(80%)-5.4C,559.0,565.7831864754834
S176,1,b1c32,1,6C(60%)-3C,731.0,667.6180759257952
S176,1,b1c33,1,6C(60%)-3C,757.0,646.1377611156292
S176,1,b1c44,1,8C(35%)-3.6C,616.0,606.8885271019162
S176,1,b1c45,1,8C(35%)-3.6C,599.0,592.7929665006254
S176,2,b1c6,1,4.8C(80%)-4.8C,636.0,757.3616014601766
S176,2,b1c7,1,4.8C(80%)-4.8C,870.0,825.9910361147421
S176,2,b1c16,1,5.4C(60%)-3.6C,862.0,870.1915373910837
S176,2,b1c17,1,5.4C(60%)-3.6C,857.0,830.7171538332734
S176,2,b1c30,1,6C(50%)-3.6C,709.0,744.9903798753552
S176,2,b1c31,1,6C(50%)-3.6C,876.0,728.7625255489738
S176,2,b1c42,1,8C(25%)-3.6C,702.0,755.406958040351
S176,2,b1c43,1,8C(25%)-3.6C,651.0,754.8227602271721
S176,3,b1c5,1,4.4C(80%)-4.4C,1074.0,1003.1320519839991
S176,3,b1c10,1,5.4C(50%)-3C,906.0,899.7650854357811
S176,3,b1c11,1,5.4C(50%)-3C,788.0,919.6252857683365
S176,3,b1c24,1,6C(40%)-3C,1017.0,846.2664613703599
S176,3,b1c25,1,6C(40%)-3C,854.0,879.6354372248713
S176,3,b1c40,1,8C(15%)-3.6C,966.0,913.2445180841247
S176,3,b1c41,1,8C(15%)-3.6C,1051.0,920.4925868380255
S176,4,b1c12,1,5.4C(50%)-3.6C,902.0,884.4374736622533
S176,4,b1c13,1,5.4C(50%)-3.6C,897.0,900.3251050149754
S176,4,b1c26,1,6C(40%)-3.6C,870.0,781.2954121321338
S176,4,b1c27,1,6C(40%)-3.6C,842.0,785.3801576916841
S176,4,b1c36,1,7C(40%)-3C,704.0,789.7824747106546
S176,4,b1c37,1,7C(40%)-3C,648.0,760.1499825597612
S176,5,b1c8,1,5.4C(40%)-3.6C,879.0,901.8057977115079
S176,5,b1c9,1,5.4C(40%)-3.6C,1054.0,896.3407157432473
S176,5,b1c22,1,6C(30%)-3.6C,891.0,860.4038834738318
S176,5,b1c23,1,6C(30%)-3.6C,1014.0,917.4593917809576
S176,5,b1c38,1,7C(40%)-3.6C,617.0,627.8500862320157
S176,5,b1c39,1,7C(40%)-3.6C,625.0,651.3396018812292
S177,1,b1c3,1,4C(80%)-4C,1226.0,1342.7324901053107
S177,1,b1c4,1,4C(80%)-4C,1227.0,1421.1957508252463
S177,1,b1c20,1,5.4C(80%)-5.4C,534.0,503.08882418040906
S177,1,b1c21,1,5.4C(80%)-5.4C,559.0,545.3661720212733
S177,1,b1c32,1,6C(60%)-3C,731.0,686.7997469048133
S177,1,b1c33,1,6C(60%)-3C,757.0,672.1768789940539
S177,1,b1c44,1,8C(35%)-3.6C,616.0,614.7583101780824
S177,1,b1c45,1,8C(35%)-3.6C,599.0,614.4034134234355
S177,2,b1c6,1,4.8C(80%)-4.8C,636.0,754.0259069047581
S177,2,b1c7,1,4.8C(80%)-4.8C,870.0,791.0707154772801
S177,2,b1c16,1,5.4C(60%)-3.6C,862.0,886.872384092226
S177,2,b1c17,1,5.4C(60%)-3.6C,857.0,836.8951762179125
S177,2,b1c30,1,6C(50%)-3.6C,709.0,744.2827256098358
S177,2,b1c31,1,6C(50%)-3.6C,876.0,751.8723662144783
S177,2,b1c42,1,8C(25%)-3.6C,702.0,748.1605899011172
S177,2,b1c43,1,8C(25%)-3.6C,651.0,748.8879312936875
S177,3,b1c5,1,4.4C(80%)-4.4C,1074.0,987.5700024600858
S177,3,b1c10,1,5.4C(50%)-3C,906.0,896.049012619916
S177,3,b1c11,1,5.4C(50%)-3C,788.0,944.4183039431314
S177,3,b1c24,1,6C(40%)-3C,1017.0,851.4620532656547
S177,3,b1c25,1,6C(40%)-3C,854.0,890.8162514987255
S177,3,b1c40,1,8C(15%)-3.6C,966.0,913.631487109468
S177,3,b1c41,1,8C(15%)-3.6C,1051.0,922.351763569232
S177,4,b1c12,1,5.4C(50%)-3.6C,902.0,896.5262710338492
S177,4,b1c13,1,5.4C(50%)-3.6C,897.0,896.9373818945626
S177,4,b1c26,1,6C(40%)-3.6C,870.0,782.793625611548
S177,4,b1c27,1,6C(40%)-3.6C,842.0,791.9894258616114
S177,4,b1c36,1,7C(40%)-3C,704.0,776.0738461290603
S177,4,b1c37,1,7C(40%)-3C,648.0,756.638334245131
S177,5,b1c8,1,5.4C(40%)-3.6C,879.0,888.2008173410251
S177,5,b1c9,1,5.4C(40%)-3.6C,1054.0,901.4170744830665
S177,5,b1c22,1,6C(30%)-3.6C,891.0,854.4983420766351
S177,5,b1c23,1,6C(30%)-3.6C,1014.0,907.5781187447994
S177,5,b1c38,1,7C(40%)-3.6C,617.0,631.8614579664161
S177,5,b1c39,1,7C(40%)-3.6C,625.0,658.0642043923018
S178,1,b1c3,1,4C(80%)-4C,1226.0,1189.9881694884748
S178,1,b1c4,1,4C(80%)-4C,1227.0,1311.3355259321722
S178,1,b1c20,1,5.4C(80%)-5.4C,534.0,585.0153282010823
S178,1,b1c21,1,5.4C(80%)-5.4C,559.0,583.289181282862
S178,1,b1c32,1,6C(60%)-3C,731.0,707.0330553201155
S178,1,b1c33,1,6C(60%)-3C,757.0,709.9389372467665
S178,1,b1c44,1,8C(35%)-3.6C,616.0,626.1926306701083
S178,1,b1c45,1,8C(35%)-3.6C,599.0,626.1802113065593
S178,2,b1c6,1,4.8C(80%)-4.8C,636.0,766.1064583090059
S178,2,b1c7,1,4.8C(80%)-4.8C,870.0,782.250981509511
S178,2,b1c16,1,5.4C(60%)-3.6C,862.0,885.2203911226366
S178,2,b1c17,1,5.4C(60%)-3.6C,857.0,833.6812506276984
S178,2,b1c30,1,6C(50%)-3.6C,709.0,743.9330328052747
S178,2,b1c31,1,6C(50%)-3.6C,876.0,755.4494890377034
S178,2,b1c42,1,8C(25%)-3.6C,702.0,744.5612801942739
S178,2,b1c43,1,8C(25%)-3.6C,651.0,745.2616041207416
S178,3,b1c5,1,4.4C(80%)-4.4C,1074.0,972.5323874118916
S178,3,b1c10,1,5.4C(50%)-3C,906.0,892.5161706567476
S178,3,b1c11,1,5.4C(50%)-3C,788.0,957.6048590910755
S178,3,b1c24,1,6C(40%)-3C,1017.0,853.4370613869211
S178,3,b1c25,1,6C(40%)-3C,854.0,897.6572666237987
S178,3,b1c40,1,8C(15%)-3.6C,966.0,912.5474842450545
S178,3,b1c41,1,8C(15%)-3.6C,1051.0,921.0094627106726
S178,4,b1c12,1,5.4C(50%)-3.6C,902.0,910.397614264269
S178,4,b1c13,1,5.4C(50%)-3.6C,897.0,893.6404441677403
S178,4,b1c26,1,6C(40%)-3.6C,870.0,785.23483547217
S178,4,b1c27,1,6C(40%)-3.6C,842.0,800.9966324683329
S178,4,b1c36,1,7C(40%)-3C,704.0,760.3264866048901
S178,4,b1c37,1,7C(40%)-3C,648.0,751.7768265520591
S178,5,b1c8,1,5.4C(40%)-3.6C,879.0,878.0846534643308
S178,5,b1c9,1,5.4C(40%)-3.6C,1054.0,900.6191813315999
S178,5,b1c22,1,6C(30%)-3.6C,891.0,853.3131253733012
S178,5,b1c23,1,6C(30%)-3.6C,1014.0,897.0118160169583
S178,5,b1c38,1,7C(40%)-3.6C,617.0,636.891751573133
S178,5,b1c39,1,7C(40%)-3.6C,625.0,662.0190832048395
S179,1,b1c3,1,4C(80%)-4C,1226.0,1152.589141811231
S179,1,b1c4,1,4C(80%)-4C,1227.0,1253.1586680363446
S179,1,b1c20,1,5.4C(80%)-5.4C,534.0,611.6959844107034
S179,1,b1c21,1,5.4C(80%)-5.4C,559.0,601.900494902749
S179,1,b1c32,1,6C(60%)-3C,731.0,713.2767805365993
S179,1,b1c33,1,6C(60%)-3C,757.0,716.7809898211035
S179,1,b1c44,1,8C(35%)-3.6C,616.0,639.5488560018412
S179,1,b1c45,1,8C(35%)-3.6C,599.0,638.7358113777727
S179,2,b1c6,1,4.8C(80%)-4.8C,636.0,769.3113981194628
S179,2,b1c7,1,4.8C(80%)-4.8C,870.0,781.8405051922254
S179,2,b1c16,1,5.4C(60%)-3.6C,862.0,857.7682644683247
S179,2,b1c17,1,5.4C(60%)-3.6C,857.0,817.8404533539435
S179,2,b1c30,1,6C(50%)-3.6C,709.0,740.8641012240103
S179,2,b1c31,1,6C(50%)-3.6C,876.0,749.2890321376007
S179,2,b1c42,1,8C(25%)-3.6C,702.0,757.8943401105684
S179,2,b1c43,1,8C(25%)-3.6C,651.0,756.7893651395674
S179,3,b1c5,1,4.4C(80%)-4.4C,1074.0,965.0944803962146
S179,3,b1c10,1,5.4C(50%)-3C,906.0,893.150315684816
S179,3,b1c11,1,5.4C(50%)-3C,788.0,945.3828958236008
S179,3,b1c24,1,6C(40%)-3C,1017.0,862.3704743354516
S179,3,b1c25,1,6C(40%)-3C,854.0,891.9535303500353
S179,3,b1c40,1,8C(15%)-3.6C,966.0,906.5011754668396
S179,3,b1c41,1,8C(15%)-3.6C,1051.0,917.8075902045102
S179,4,b1c12,1,5.4C(50%)-3.6C,902.0,883.0424990282515
S179,4,b1c13,1,5.4C(50%)-3.6C,897.0,880.6882903464176
S179,4,b1c26,1,6C(40%)-3.6C,870.0,787.0585251605257
S179,4,b1c27,1,6C(40%)-3.6C,842.0,793.4063019459142
S179,4,b1c36,1,7C(40%)-3C,704.0,778.8657632475806
S179,4,b1c37,1,7C(40%)-3C,648.0,766.1697043834729
S179,5,b1c8,1,5.4C(40%)-3.6C,879.0,880.6979990703722
S179,5,b1c9,1,5.4C(40%)-3.6C,1054.0,896.9832303235958
S179,5,b1c22,1,6C(30%)-3.6C,891.0,861.3418400044252
S179,5,b1c23,1,6C(30%)-3.6C,1014.0,899.1598153981852
S179,5,b1c38,1,7C(40%)-3.6C,617.0,648.025579910799
S179,5,b1c39,1,7C(40%)-3.6C,625.0,668.5139591416437
S180,1,b1c3,1,4C(80%)-4C,1226.0,885.4533232255677
S180,1,b1c4,1,4C(80%)-4C,1227.0,906.4929992714428
S180,1,b1c20,1,5.4C(80%)-5.4C,534.0,782.8878151091269
S180,1,b1c21,1,5.4C(80%)-5.4C,559.0,781.374658402479
S180,1,b1c32,1,6C(60%)-3C,731.0,808.3180025740672
S180,1,b1c33,1,6C(60%)-3C,757.0,810.2259716134427
S180,1,b1c44,1,8C(35%)-3.6C,616.0,787.6941438605204
S180,1,b1c45,1,8C(35%)-3.6C,599.0,788.1083625455573
S180,2,b1c6,1,4.8C(80%)-4.8C,636.0,796.3764633494463
S180,2,b1c7,1,4.8C(80%)-4.8C,870.0,805.4660040985918
S180,2,b1c16,1,5.4C(60%)-3.6C,862.0,863.7292557172789
S180,2,b1c17,1,5.4C(60%)-3.6C,857.0,835.7861809479557
S180,2,b1c30,1,6C(50%)-3.6C,709.0,786.8496394498845
S180,2,b1c31,1,6C(50%)-3.6C,876.0,793.505487734273
S180,2,b1c42,1,8C(25%)-3.6C,702.0,780.5269780915575
S180,2,b1c43,1,8C(25%)-3.6C,651.0,780.9208341625742
S180,3,b1c5,1,4.4C(80%)-4.4C,1074.0,863.3103044413568
S180,3,b1c10,1,5.4C(50%)-3C,906.0,826.8254102007359
S180,3,b1c11,1,5.4C(50%)-3C,788.0,855.7164137254617
S180,3,b1c24,1,6C(40%)-3C,1017.0,807.8791543708631
S180,3,b1c25,1,6C(40%)-3C,854.0,828.0404981076763
S180,3,b1c40,1,8C(15%)-3.6C,966.0,834.314588938569
S180,3,b1c41,1,8C(15%)-3.6C,1051.0,838.080291393104
S180,4,b1c12,1,5.4C(50%)-3.6C,902.0,873.3818051291196
S180,4,b1c13,1,5.4C(50%)-3.6C,897.0,854.986950437625
S180,4,b1c26,1,6C(40%)-3.6C,870.0,797.278075069122
S180,4,b1c27,1,6C(40%)-3.6C,842.0,810.2406290096201
S180,4,b1c36,1,7C(40%)-3C,704.0,770.7332636479946
S180,4,b1c37,1,7C(40%)-3C,648.0,771.6746000761018
S180,5,b1c8,1,5.4C(40%)-3.6C,879.0,834.6674858069125
S180,5,b1c9,1,5.4C(40%)-3.6C,1054.0,847.0698076629458
S180,5,b1c22,1,6C(30%)-3.6C,891.0,824.3592346871085
S180,5,b1c23,1,6C(30%)-3.6C,1014.0,843.0876553661584
S180,5,b1c38,1,7C(40%)-3.6C,617.0,722.7189802293314
S180,5,b1c39,1,7C(40%)-3.6C,625.0,735.9340563556054
S181,1,b1c3,1,4C(80%)-4C,1226.0,831.4402759105707
S181,1,b1c4,1,4C(80%)-4C,1227.0,831.4402759105707
S181,1,b1c20,1,5.4C(80%)-5.4C,534.0,831.4402759105707
S181,1,b1c21,1,5.4C(80%)-5.4C,559.0,831.4402759105707
S181,1,b1c32,1,6C(60%)-3C,731.0,831.4402759105707
S181,1,b1c33,1,6C(60%)-3C,757.0,831.4402759105707
S181,1,b1c44,1,8C(35%)-3.6C,616.0,831.4402759105707
S181,1,b1c45,1,8C(35%)-3.6C,599.0,831.4402759105707
S181,2,b1c6,1,4.8C(80%)-4.8C,636.0,821.9037660446305
S181,2,b1c7,1,4.8C(80%)-4.8C,870.0,822.8986404234114
S181,2,b1c16,1,5.4C(60%)-3.6C,862.0,829.3042041491823
S181,2,b1c17,1,5.4C(60%)-3.6C,857.0,826.4024021668431
S181,2,b1c30,1,6C(50%)-3.6C,709.0,821.3650234530817
S181,2,b1c31,1,6C(50%)-3.6C,876.0,822.1011528976505
S181,2,b1c42,1,8C(25%)-3.6C,702.0,819.6107083292145
S181,2,b1c43,1,8C(25%)-3.6C,651.0,819.6534580210835
S181,3,b1c5,1,4.4C(80%)-4.4C,1074.0,779.299946698614
S181,3,b1c10,1,5.4C(50%)-3C,906.0,779.299946698614
S181,3,b1c11,1,5.4C(50%)-3C,788.0,779.299946698614
S181,3,b1c24,1,6C(40%)-3C,1017.0,779.299946698614
S181,3,b1c25,1,6C(40%)-3C,854.0,779.299946698614
S181,3,b1c40,1,8C(15%)-3.6C,966.0,779.299946698614
S181,3,b1c41,1,8C(15%)-3.6C,1051.0,779.299946698614
S181,4,b1c12,1,5.4C(50%)-3.6C,902.0,813.2221224796995
S181,4,b1c13,1,5.4C(50%)-3.6C,897.0,812.6552945678133
S181,4,b1c26,1,6C(40%)-3.6C,870.0,810.8016371190456
S181,4,b1c27,1,6C(40%)-3.6C,842.0,811.2301122110023
S181,4,b1c36,1,7C(40%)-3C,704.0,809.8813298921511
S181,4,b1c37,1,7C(40%)-3C,648.0,809.913796618895
S181,5,b1c8,1,5.4C(40%)-3.6C,879.0,806.3277853958002
S181,5,b1c9,1,5.4C(40%)-3.6C,1054.0,806.3277853958002
S181,5,b1c22,1,6C(30%)-3.6C,891.0,806.3277853958002
S181,5,b1c23,1,6C(30%)-3.6C,1014.0,806.3277853958002
S181,5,b1c38,1,7C(40%)-3.6C,617.0,806.3277853958002
S181,5,b1c39,1,7C(40%)-3.6C,625.0,806.3277853958002
S182,1,b1c3,1,4C(80%)-4C,1226.0,831.4402759105707
S182,1,b1c4,1,4C(80%)-4C,1227.0,831.4402759105707
S182,1,b1c20,1,5.4C(80%)-5.4C,534.0,831.4402759105707
S182,1,b1c21,1,5.4C(80%)-5.4C,559.0,831.4402759105707
S182,1,b1c32,1,6C(60%)-3C,731.0,831.4402759105707
S182,1,b1c33,1,6C(60%)-3C,757.0,831.4402759105707
S182,1,b1c44,1,8C(35%)-3.6C,616.0,831.4402759105707
S182,1,b1c45,1,8C(35%)-3.6C,599.0,831.4402759105707
S182,2,b1c6,1,4.8C(80%)-4.8C,636.0,824.2234832028455
S182,2,b1c7,1,4.8C(80%)-4.8C,870.0,824.2234832028455
S182,2,b1c16,1,5.4C(60%)-3.6C,862.0,824.2234832028455
S182,2,b1c17,1,5.4C(60%)-3.6C,857.0,824.2234832028455
S182,2,b1c30,1,6C(50%)-3.6C,709.0,824.2234832028455
S182,2,b1c31,1,6C(50%)-3.6C,876.0,824.2234832028455
S182,2,b1c42,1,8C(25%)-3.6C,702.0,824.2234832028455
S182,2,b1c43,1,8C(25%)-3.6C,651.0,824.2234832028455
S182,3,b1c5,1,4.4C(80%)-4.4C,1074.0,779.299946698614
S182,3,b1c10,1,5.4C(50%)-3C,906.0,779.299946698614
S182,3,b1c11,1,5.4C(50%)-3C,788.0,779.299946698614
S182,3,b1c24,1,6C(40%)-3C,1017.0,779.299946698614
S182,3,b1c25,1,6C(40%)-3C,854.0,779.299946698614
S182,3,b1c40,1,8C(15%)-3.6C,966.0,779.299946698614
S182,3,b1c41,1,8C(15%)-3.6C,1051.0,779.299946698614
S182,4,b1c12,1,5.4C(50%)-3.6C,902.0,811.2682220413403
S182,4,b1c13,1,5.4C(50%)-3.6C,897.0,811.2682220413403
S182,4,b1c26,1,6C(40%)-3.6C,870.0,811.2682220413403
S182,4,b1c27,1,6C(40%)-3.6C,842.0,811.2682220413403
S182,4,b1c36,1,7C(40%)-3C,704.0,811.2682220413403
S182,4,b1c37,1,7C(40%)-3C,648.0,811.2682220413403
S182,5,b1c8,1,5.4C(40%)-3.6C,879.0,806.3277853958002
S182,5,b1c9,1,5.4C(40%)-3.6C,1054.0,806.3277853958002
S182,5,b1c22,1,6C(30%)-3.6C,891.0,806.3277853958002
S182,5,b1c23,1,6C(30%)-3.6C,1014.0,806.3277853958002
S182,5,b1c38,1,7C(40%)-3.6C,617.0,806.3277853958002
S182,5,b1c39,1,7C(40%)-3.6C,625.0,806.3277853958002
S183,1,b1c3,1,4C(80%)-4C,1226.0,831.4402759105707
S183,1,b1c4,1,4C(80%)-4C,1227.0,831.4402759105707
S183,1,b1c20,1,5.4C(80%)-5.4C,534.0,831.4402759105707
S183,1,b1c21,1,5.4C(80%)-5.4C,559.0,831.4402759105707
S183,1,b1c32,1,6C(60%)-3C,731.0,831.4402759105707
S183,1,b1c33,1,6C(60%)-3C,757.0,831.4402759105707
S183,1,b1c44,1,8C(35%)-3.6C,616.0,831.4402759105707
S183,1,b1c45,1,8C(35%)-3.6C,599.0,831.4402759105707
S183,2,b1c6,1,4.8C(80%)-4.8C,636.0,824.2234832028455
S183,2,b1c7,1,4.8C(80%)-4.8C,870.0,824.2234832028455
S183,2,b1c16,1,5.4C(60%)-3.6C,862.0,824.2234832028455
S183,2,b1c17,1,5.4C(60%)-3.6C,857.0,824.2234832028455
S183,2,b1c30,1,6C(50%)-3.6C,709.0,824.2234832028455
S183,2,b1c31,1,6C(50%)-3.6C,876.0,824.2234832028455
S183,2,b1c42,1,8C(25%)-3.6C,702.0,824.2234832028455
S183,2,b1c43,1,8C(25%)-3.6C,651.0,824.2234832028455
S183,3,b1c5,1,4.4C(80%)-4.4C,1074.0,779.299946698614
S183,3,b1c10,1,5.4C(50%)-3C,906.0,779.299946698614
S183,3,b1c11,1,5.4C(50%)-3C,788.0,779.299946698614
S183,3,b1c24,1,6C(40%)-3C,1017.0,779.299946698614
S183,3,b1c25,1,6C(40%)-3C,854.0,779.299946698614
S183,3,b1c40,1,8C(15%)-3.6C,966.0,779.299946698614
S183,3,b1c41,1,8C(15%)-3.6C,1051.0,779.299946698614
S183,4,b1c12,1,5.4C(50%)-3.6C,902.0,811.2682220413403
S183,4,b1c13,1,5.4C(50%)-3.6C,897.0,811.2682220413403
S183,4,b1c26,1,6C(40%)-3.6C,870.0,811.2682220413403
S183,4,b1c27,1,6C(40%)-3.6C,842.0,811.2682220413403
S183,4,b1c36,1,7C(40%)-3C,704.0,811.2682220413403
S183,4,b1c37,1,7C(40%)-3C,648.0,811.2682220413403
S183,5,b1c8,1,5.4C(40%)-3.6C,879.0,806.3277853958002
S183,5,b1c9,1,5.4C(40%)-3.6C,1054.0,806.3277853958002
S183,5,b1c22,1,6C(30%)-3.6C,891.0,806.3277853958002
S183,5,b1c23,1,6C(30%)-3.6C,1014.0,806.3277853958002
S183,5,b1c38,1,7C(40%)-3.6C,617.0,806.3277853958002
S183,5,b1c39,1,7C(40%)-3.6C,625.0,806.3277853958002
S184,1,b1c3,1,4C(80%)-4C,1226.0,831.4402759105707
S184,1,b1c4,1,4C(80%)-4C,1227.0,831.4402759105707
S184,1,b1c20,1,5.4C(80%)-5.4C,534.0,831.4402759105707
S184,1,b1c21,1,5.4C(80%)-5.4C,559.0,831.4402759105707
S184,1,b1c32,1,6C(60%)-3C,731.0,831.4402759105707
S184,1,b1c33,1,6C(60%)-3C,757.0,831.4402759105707
S184,1,b1c44,1,8C(35%)-3.6C,616.0,831.4402759105707
S184,1,b1c45,1,8C(35%)-3.6C,599.0,831.4402759105707
S184,2,b1c6,1,4.8C(80%)-4.8C,636.0,824.2234832028455
S184,2,b1c7,1,4.8C(80%)-4.8C,870.0,824.2234832028455
S184,2,b1c16,1,5.4C(60%)-3.6C,862.0,824.2234832028455
S184,2,b1c17,1,5.4C(60%)-3.6C,857.0,824.2234832028455
S184,2,b1c30,1,6C(50%)-3.6C,709.0,824.2234832028455
S184,2,b1c31,1,6C(50%)-3.6C,876.0,824.2234832028455
S184,2,b1c42,1,8C(25%)-3.6C,702.0,824.2234832028455
S184,2,b1c43,1,8C(25%)-3.6C,651.0,824.2234832028455
S184,3,b1c5,1,4.4C(80%)-4.4C,1074.0,779.299946698614
S184,3,b1c10,1,5.4C(50%)-3C,906.0,779.299946698614
S184,3,b1c11,1,5.4C(50%)-3C,788.0,779.299946698614
S184,3,b1c24,1,6C(40%)-3C,1017.0,779.299946698614
S184,3,b1c25,1,6C(40%)-3C,854.0,779.299946698614
S184,3,b1c40,1,8C(15%)-3.6C,966.0,779.299946698614
S184,3,b1c41,1,8C(15%)-3.6C,1051.0,779.299946698614
S184,4,b1c12,1,5.4C(50%)-3.6C,902.0,811.2682220413403
S184,4,b1c13,1,5.4C(50%)-3.6C,897.0,811.2682220413403
S184,4,b1c26,1,6C(40%)-3.6C,870.0,811.2682220413403
S184,4,b1c27,1,6C(40%)-3.6C,842.0,811.2682220413403
S184,4,b1c36,1,7C(40%)-3C,704.0,811.2682220413403
S184,4,b1c37,1,7C(40%)-3C,648.0,811.2682220413403
S184,5,b1c8,1,5.4C(40%)-3.6C,879.0,806.3277853958002
S184,5,b1c9,1,5.4C(40%)-3.6C,1054.0,806.3277853958002
S184,5,b1c22,1,6C(30%)-3.6C,891.0,806.3277853958002
S184,5,b1c23,1,6C(30%)-3.6C,1014.0,806.3277853958002
S184,5,b1c38,1,7C(40%)-3.6C,617.0,806.3277853958002
S184,5,b1c39,1,7C(40%)-3.6C,625.0,806.3277853958002
S185,1,b1c3,1,4C(80%)-4C,1226.0,1163.3649271843467
S185,1,b1c4,1,4C(80%)-4C,1227.0,1285.3183480637383
S185,1,b1c20,1,5.4C(80%)-5.4C,534.0,566.5228461475841
S185,1,b1c21,1,5.4C(80%)-5.4C,559.0,558.1567288621256
S185,1,b1c32,1,6C(60%)-3C,731.0,706.6474342897911
S185,1,b1c33,1,6C(60%)-3C,757.0,718.5161626525926
S185,1,b1c44,1,8C(35%)-3.6C,616.0,590.2703040685435
S185,1,b1c45,1,8C(35%)-3.6C,599.0,594.6598669609222
S185,2,b1c6,1,4.8C(80%)-4.8C,636.0,797.3939970674096
S185,2,b1c7,1,4.8C(80%)-4.8C,870.0,817.4536414997981
S185,2,b1c16,1,5.4C(60%)-3.6C,862.0,971.0690913935126
S185,2,b1c17,1,5.4C(60%)-3.6C,857.0,904.2421497587674
S185,2,b1c30,1,6C(50%)-3.6C,709.0,780.4480547111318
S185,2,b1c31,1,6C(50%)-3.6C,876.0,798.4085936645129
S185,2,b1c42,1,8C(25%)-3.6C,702.0,736.2113339008249
S185,2,b1c43,1,8C(25%)-3.6C,651.0,737.3074975867413
S185,3,b1c5,1,4.4C(80%)-4.4C,1074.0,1001.6672463572735
S185,3,b1c10,1,5.4C(50%)-3C,906.0,916.9451594056528
S185,3,b1c11,1,5.4C(50%)-3C,788.0,984.7494083700677
S185,3,b1c24,1,6C(40%)-3C,1017.0,870.5932469896726
S185,3,b1c25,1,6C(40%)-3C,854.0,919.2631120319325
S185,3,b1c40,1,8C(15%)-3.6C,966.0,934.0798678777
S185,3,b1c41,1,8C(15%)-3.6C,1051.0,943.0054826934698
S185,4,b1c12,1,5.4C(50%)-3.6C,902.0,979.4891214065998
S185,4,b1c13,1,5.4C(50%)-3.6C,897.0,936.4360656617486
S185,4,b1c26,1,6C(40%)-3.6C,870.0,796.7989056395598
S185,4,b1c27,1,6C(40%)-3.6C,842.0,828.9588459252606
S185,4,b1c36,1,7C(40%)-3C,704.0,727.9818881302972
S185,4,b1c37,1,7C(40%)-3C,648.0,730.4649909647907
S185,5,b1c8,1,5.4C(40%)-3.6C,879.0,897.4980036511685
S185,5,b1c9,1,5.4C(40%)-3.6C,1054.0,928.827317416102
S185,5,b1c22,1,6C(30%)-3.6C,891.0,870.8611500035408
S185,5,b1c23,1,6C(30%)-3.6C,1014.0,919.1450277014012
S185,5,b1c38,1,7C(40%)-3.6C,617.0,594.6587701245669
S185,5,b1c39,1,7C(40%)-3.6C,625.0,632.7339755249407
S186,1,b1c3,1,4C(80%)-4C,1226.0,1179.9894215163097
S186,1,b1c4,1,4C(80%)-4C,1227.0,1310.557106495547
S186,1,b1c20,1,5.4C(80%)-5.4C,534.0,580.0428212647491
S186,1,b1c21,1,5.4C(80%)-5.4C,559.0,572.63077200456
S186,1,b1c32,1,6C(60%)-3C,731.0,706.2764429039986
S186,1,b1c33,1,6C(60%)-3C,757.0,718.6390026694288
S186,1,b1c44,1,8C(35%)-3.6C,616.0,598.0801763427316
S186,1,b1c45,1,8C(35%)-3.6C,599.0,604.3051133867184
S186,2,b1c6,1,4.8C(80%)-4.8C,636.0,794.7046920732301
S186,2,b1c7,1,4.8C(80%)-4.8C,870.0,816.20402480019
S186,2,b1c16,1,5.4C(60%)-3.6C,862.0,971.0953935865973
S186,2,b1c17,1,5.4C(60%)-3.6C,857.0,902.8610519740971
S186,2,b1c30,1,6C(50%)-3.6C,709.0,778.9072512168585
S186,2,b1c31,1,6C(50%)-3.6C,876.0,796.9474712130607
S186,2,b1c42,1,8C(25%)-3.6C,702.0,734.91511180266
S186,2,b1c43,1,8C(25%)-3.6C,651.0,735.9998894941124
S186,3,b1c5,1,4.4C(80%)-4.4C,1074.0,1002.3715923457479
S186,3,b1c10,1,5.4C(50%)-3C,906.0,913.7940924829983
S186,3,b1c11,1,5.4C(50%)-3C,788.0,983.201390746791
S186,3,b1c24,1,6C(40%)-3C,1017.0,868.4241800166014
S186,3,b1c25,1,6C(40%)-3C,854.0,918.21970170819
S186,3,b1c40,1,8C(15%)-3.6C,966.0,933.6881193399757
S186,3,b1c41,1,8C(15%)-3.6C,1051.0,942.7006559415338
S186,4,b1c12,1,5.4C(50%)-3.6C,902.0,980.5073379822724
S186,4,b1c13,1,5.4C(50%)-3.6C,897.0,935.9814187699084
S186,4,b1c26,1,6C(40%)-3.6C,870.0,794.7207125549694
S186,4,b1c27,1,6C(40%)-3.6C,842.0,826.9149720087704
S186,4,b1c36,1,7C(40%)-3C,704.0,726.5694992187754
S186,4,b1c37,1,7C(40%)-3C,648.0,729.1556778503875
S186,5,b1c8,1,5.4C(40%)-3.6C,879.0,896.8366646590732
S186,5,b1c9,1,5.4C(40%)-3.6C,1054.0,928.5161121688368
S186,5,b1c22,1,6C(30%)-3.6C,891.0,869.5744441137581
S186,5,b1c23,1,6C(30%)-3.6C,1014.0,919.1697547630553
S186,5,b1c38,1,7C(40%)-3.6C,617.0,594.7648272253812
S186,5,b1c39,1,7C(40%)-3.6C,625.0,632.7040648317418
S187,1,b1c3,1,4C(80%)-4C,1226.0,1208.1269002049467
S187,1,b1c4,1,4C(80%)-4C,1227.0,1353.3377274133297
S187,1,b1c20,1,5.4C(80%)-5.4C,534.0,603.69700246117
S187,1,b1c21,1,5.4C(80%)-5.4C,559.0,597.9381572778176
S187,1,b1c32,1,6C(60%)-3C,731.0,705.8341268338103
S187,1,b1c33,1,6C(60%)-3C,757.0,719.0291321628955
S187,1,b1c44,1,8C(35%)-3.6C,616.0,611.8777238874065
S187,1,b1c45,1,8C(35%)-3.6C,599.0,621.2535716797286
S187,2,b1c6,1,4.8C(80%)-4.8C,636.0,791.152449386213
S187,2,b1c7,1,4.8C(80%)-4.8C,870.0,814.5574233560153
S187,2,b1c16,1,5.4C(60%)-3.6C,862.0,971.0485333923493
S187,2,b1c17,1,5.4C(60%)-3.6C,857.0,900.9822694264178
S187,2,b1c30,1,6C(50%)-3.6C,709.0,776.8968391646712
S187,2,b1c31,1,6C(50%)-3.6C,876.0,795.0314728908011
S187,2,b1c42,1,8C(25%)-3.6C,702.0,733.2597004652388
S187,2,b1c43,1,8C(25%)-3.6C,651.0,734.3285837874963
S187,3,b1c5,1,4.4C(80%)-4.4C,1074.0,1003.1644029638469
S187,3,b1c10,1,5.4C(50%)-3C,906.0,909.6231126332522
S187,3,b1c11,1,5.4C(50%)-3C,788.0,981.074534371908
S187,3,b1c24,1,6C(40%)-3C,1017.0,865.5587574571889
S187,3,b1c25,1,6C(40%)-3C,854.0,916.7890144894177
S187,3,b1c40,1,8C(15%)-3.6C,966.0,933.096136084462
S187,3,b1c41,1,8C(15%)-3.6C,1051.0,942.2163236369151
S187,4,b1c12,1,5.4C(50%)-3.6C,902.0,981.7483253685959
S187,4,b1c13,1,5.4C(50%)-3.6C,897.0,935.3236480865935
S187,4,b1c26,1,6C(40%)-3.6C,870.0,792.0263682348092
S187,4,b1c27,1,6C(40%)-3.6C,842.0,824.2457942817674
S187,4,b1c36,1,7C(40%)-3C,704.0,724.7875342141389
S187,4,b1c37,1,7C(40%)-3C,648.0,727.5069185744148
S187,5,b1c8,1,5.4C(40%)-3.6C,879.0,895.9568277210792
S187,5,b1c9,1,5.4C(40%)-3.6C,1054.0,928.0644409887041
S187,5,b1c22,1,6C(30%)-3.6C,891.0,867.9140098970656
S187,5,b1c23,1,6C(30%)-3.6C,1014.0,919.1503785987179
S187,5,b1c38,1,7C(40%)-3.6C,617.0,595.0243560590335
S187,5,b1c39,1,7C(40%)-3.6C,625.0,632.7701482892884
S188,1,b1c3,1,4C(80%)-4C,1226.0,1103.1546519600179
S188,1,b1c4,1,4C(80%)-4C,1227.0,1195.3641909830608
S188,1,b1c20,1,5.4C(80%)-5.4C,534.0,535.3039207763225
S188,1,b1c21,1,5.4C(80%)-5.4C,559.0,524.3663924714524
S188,1,b1c32,1,6C(60%)-3C,731.0,712.2622294387604
S188,1,b1c33,1,6C(60%)-3C,757.0,722.2646347211435
S188,1,b1c44,1,8C(35%)-3.6C,616.0,575.3112346759649
S188,1,b1c45,1,8C(35%)-3.6C,599.0,574.0771394236003
S188,2,b1c6,1,4.8C(80%)-4.8C,636.0,811.9042650403596
S188,2,b1c7,1,4.8C(80%)-4.8C,870.0,824.3756418050506
S188,2,b1c16,1,5.4C(60%)-3.6C,862.0,967.2526182312653
S188,2,b1c17,1,5.4C(60%)-3.6C,857.0,909.2388170034341
S188,2,b1c30,1,6C(50%)-3.6C,709.0,789.8783118535555
S188,2,b1c31,1,6C(50%)-3.6C,876.0,806.9210185509891
S188,2,b1c42,1,8C(25%)-3.6C,702.0,745.7601424606205
S188,2,b1c43,1,8C(25%)-3.6C,651.0,746.8792451265949
S188,3,b1c5,1,4.4C(80%)-4.4C,1074.0,992.1226835984185
S188,3,b1c10,1,5.4C(50%)-3C,906.0,930.3298606800286
S188,3,b1c11,1,5.4C(50%)-3C,788.0,987.6712578913032
S188,3,b1c24,1,6C(40%)-3C,1017.0,880.0749818879494
S188,3,b1c25,1,6C(40%)-3C,854.0,921.3676924611251
S188,3,b1c40,1,8C(15%)-3.6C,966.0,932.2946638945091
S188,3,b1c41,1,8C(15%)-3.6C,1051.0,940.5032596818977
S188,4,b1c12,1,5.4C(50%)-3.6C,902.0,969.984310201138
S188,4,b1c13,1,5.4C(50%)-3.6C,897.0,935.8001499833019
S188,4,b1c26,1,6C(40%)-3.6C,870.0,808.5963171992495
S188,4,b1c27,1,6C(40%)-3.6C,842.0,839.6515043936384
S188,4,b1c36,1,7C(40%)-3C,704.0,738.3147968832208
S188,4,b1c37,1,7C(40%)-3C,648.0,740.1924996258484
S188,5,b1c8,1,5.4C(40%)-3.6C,879.0,899.1849908143962
S188,5,b1c9,1,5.4C(40%)-3.6C,1054.0,927.6721503224587
S188,5,b1c22,1,6C(30%)-3.6C,891.0,876.8034386812689
S188,5,b1c23,1,6C(30%)-3.6C,1014.0,916.3758088033876
S188,5,b1c38,1,7C(40%)-3.6C,617.0,600.5194123363761
S188,5,b1c39,1,7C(40%)-3.6C,625.0,638.2914557303186
S189,1,b1c3,1,4C(80%)-4C,1226.0,1115.8306447777466
S189,1,b1c4,1,4C(80%)-4C,1227.0,1213.8317869280093
S189,1,b1c20,1,5.4C(80%)-5.4C,534.0,536.1397889874524
S189,1,b1c21,1,5.4C(80%)-5.4C,559.0,525.4578716371087
S189,1,b1c32,1,6C(60%)-3C,731.0,709.6995671461203
S189,1,b1c33,1,6C(60%)-3C,757.0,720.1200263761533
S189,1,b1c44,1,8C(35%)-3.6C,616.0,574.152923790502
S189,1,b1c45,1,8C(35%)-3.6C,599.0,573.7718851751458
S189,2,b1c6,1,4.8C(80%)-4.8C,636.0,808.4349003407713
S189,2,b1c7,1,4.8C(80%)-4.8C,870.0,822.6615773389524
S189,2,b1c16,1,5.4C(60%)-3.6C,862.0,969.372687768219
S189,2,b1c17,1,5.4C(60%)-3.6C,857.0,908.85094439126
S189,2,b1c30,1,6C(50%)-3.6C,709.0,787.256558361841
S189,2,b1c31,1,6C(50%)-3.6C,876.0,804.6790567537694
S189,2,b1c42,1,8C(25%)-3.6C,702.0,742.6374109077383
S189,2,b1c43,1,8C(25%)-3.6C,651.0,743.7636793404408
S189,3,b1c5,1,4.4C(80%)-4.4C,1074.0,996.2675529628334
S189,3,b1c10,1,5.4C(50%)-3C,906.0,928.6935852671911
S189,3,b1c11,1,5.4C(50%)-3C,788.0,988.9745413063011
S189,3,b1c24,1,6C(40%)-3C,1017.0,878.7939309203798
S189,3,b1c25,1,6C(40%)-3C,854.0,922.1681909717564
S189,3,b1c40,1,8C(15%)-3.6C,966.0,934.0804888278036
S189,3,b1c41,1,8C(15%)-3.6C,1051.0,942.5348078986387
S189,4,b1c12,1,5.4C(50%)-3.6C,902.0,973.5244259580714
S189,4,b1c13,1,5.4C(50%)-3.6C,897.0,937.0207449244732
S189,4,b1c26,1,6C(40%)-3.6C,870.0,805.7348013565982
S189,4,b1c27,1,6C(40%)-3.6C,842.0,837.3595847895674
S189,4,b1c36,1,7C(40%)-3C,704.0,735.0410663506651
S189,4,b1c37,1,7C(40%)-3C,648.0,737.0723286677589
S189,5,b1c8,1,5.4C(40%)-3.6C,879.0,899.5309423596924
S189,5,b1c9,1,5.4C(40%)-3.6C,1054.0,928.9648325549558
S189,5,b1c22,1,6C(30%)-3.6C,891.0,875.9344148761594
S189,5,b1c23,1,6C(30%)-3.6C,1014.0,917.9316908939661
S189,5,b1c38,1,7C(40%)-3.6C,617.0,596.9095394884579
S189,5,b1c39,1,7C(40%)-3.6C,625.0,635.1295280800974
S190,1,b1c3,1,4C(80%)-4C,1226.0,1156.4822960563679
S190,1,b1c4,1,4C(80%)-4C,1227.0,1274.8542702176553
S190,1,b1c20,1,5.4C(80%)-5.4C,534.0,560.7413986883612
S190,1,b1c21,1,5.4C(80%)-5.4C,559.0,551.9711216817204
S190,1,b1c32,1,6C(60%)-3C,731.0,706.7567197992342
S190,1,b1c33,1,6C(60%)-3C,757.0,718.4218060658953
S190,1,b1c44,1,8C(35%)-3.6C,616.0,586.8987305356004
S190,1,b1c45,1,8C(35%)-3.6C,599.0,590.5178195024787
S190,2,b1c6,1,4.8C(80%)-4.8C,636.0,797.9832023841163
S190,2,b1c7,1,4.8C(80%)-4.8C,870.0,817.7310201936785
S190,2,b1c16,1,5.4C(60%)-3.6C,862.0,970.9897374700208
S190,2,b1c17,1,5.4C(60%)-3.6C,857.0,904.4955681945852
S190,2,b1c30,1,6C(50%)-3.6C,709.0,780.8079985600294
S190,2,b1c31,1,6C(50%)-3.6C,876.0,798.7413085418996
S190,2,b1c42,1,8C(25%)-3.6C,702.0,736.5464951423112
S190,2,b1c43,1,8C(25%)-3.6C,651.0,737.6443824663124
S190,3,b1c5,1,4.4C(80%)-4.4C,1074.0,1001.3934138564894
S190,3,b1c10,1,5.4C(50%)-3C,906.0,917.5486687938861
S190,3,b1c11,1,5.4C(50%)-3C,788.0,984.9684282271414
S190,3,b1c24,1,6C(40%)-3C,1017.0,871.0143658846054
S190,3,b1c25,1,6C(40%)-3C,854.0,919.4136038079146
S190,3,b1c40,1,8C(15%)-3.6C,966.0,934.081766537045
S190,3,b1c41,1,8C(15%)-3.6C,1051.0,942.9833594167476
S190,4,b1c12,1,5.4C(50%)-3.6C,902.0,979.1051829862492
S190,4,b1c13,1,5.4C(50%)-3.6C,897.0,936.6661891886436
S190,4,b1c26,1,6C(40%)-3.6C,870.0,797.6739570056592
S190,4,b1c27,1,6C(40%)-3.6C,842.0,829.8303903060108
S190,4,b1c36,1,7C(40%)-3C,704.0,728.5487502459275
S190,4,b1c37,1,7C(40%)-3C,648.0,730.9886953195834
S190,5,b1c8,1,5.4C(40%)-3.6C,879.0,897.8235725711132
S190,5,b1c9,1,5.4C(40%)-3.6C,1054.0,929.0085179426836
S190,5,b1c22,1,6C(30%)-3.6C,891.0,871.456366519734
S190,5,b1c23,1,6C(30%)-3.6C,1014.0,919.1717293851818
S190,5,b1c38,1,7C(40%)-3.6C,617.0,594.5184834303602
S190,5,b1c39,1,7C(40%)-3.6C,625.0,632.6699614739126
S191,1,b1c3,1,4C(80%)-4C,1226.0,1022.8504466455176
S191,1,b1c4,1,4C(80%)-4C,1227.0,1085.3676746990468
S191,1,b1c20,1,5.4C(80%)-5.4C,534.0,615.3654103140664
S191,1,b1c21,1,5.4C(80%)-5.4C,559.0,607.0602379309527
S191,1,b1c32,1,6C(60%)-3C,731.0,749.039232265915
S191,1,b1c33,1,6C(60%)-3C,757.0,756.0191510307941
S191,1,b1c44,1,8C(35%)-3.6C,616.0,646.7437797164534
S191,1,b1c45,1,8C(35%)-3.6C,599.0,645.0287900649457
S191,2,b1c6,1,4.8C(80%)-4.8C,636.0,824.7511384055323
S191,2,b1c7,1,4.8C(80%)-4.8C,870.0,831.9938287604363
S191,2,b1c16,1,5.4C(60%)-3.6C,862.0,933.4011277340232
S191,2,b1c17,1,5.4C(60%)-3.6C,857.0,893.3028648581997
S191,2,b1c30,1,6C(50%)-3.6C,709.0,807.4888138806889
S191,2,b1c31,1,6C(50%)-3.6C,876.0,819.67274938695
S191,2,b1c42,1,8C(25%)-3.6C,702.0,775.4023791107113
S191,2,b1c43,1,8C(25%)-3.6C,651.0,776.2225610077603
S191,3,b1c5,1,4.4C(80%)-4.4C,1074.0,937.0134289072197
S191,3,b1c10,1,5.4C(50%)-3C,906.0,898.0356127299276
S191,3,b1c11,1,5.4C(50%)-3C,788.0,937.0538314189366
S191,3,b1c24,1,6C(40%)-3C,1017.0,860.3964339614121
S191,3,b1c25,1,6C(40%)-3C,854.0,888.5356936855651
S191,3,b1c40,1,8C(15%)-3.6C,966.0,895.4716508556144
S191,3,b1c41,1,8C(15%)-3.6C,1051.0,901.262861528928
S191,4,b1c12,1,5.4C(50%)-3.6C,902.0,930.2454909181323
S191,4,b1c13,1,5.4C(50%)-3.6C,897.0,907.6261530836175
S191,4,b1c26,1,6C(40%)-3.6C,870.0,818.1722577513988
S191,4,b1c27,1,6C(40%)-3.6C,842.0,840.5072863314273
S191,4,b1c36,1,7C(40%)-3C,704.0,766.6069221895723
S191,4,b1c37,1,7C(40%)-3C,648.0,767.8190037763981
S191,5,b1c8,1,5.4C(40%)-3.6C,879.0,879.6142267733007
S191,5,b1c9,1,5.4C(40%)-3.6C,1054.0,899.5801758589926
S191,5,b1c22,1,6C(30%)-3.6C,891.0,864.4980144716963
S191,5,b1c23,1,6C(30%)-3.6C,1014.0,890.8896214478767
S191,5,b1c38,1,7C(40%)-3.6C,617.0,663.0586214204101
S191,5,b1c39,1,7C(40%)-3.6C,625.0,690.5096481781977
S192,1,b1c3,1,4C(80%)-4C,1226.0,1051.7982458245456
S192,1,b1c4,1,4C(80%)-4C,1227.0,1124.5245636916618
S192,1,b1c20,1,5.4C(80%)-5.4C,534.0,580.4762638513271
S192,1,b1c21,1,5.4C(80%)-5.4C,559.0,570.9218873072222
S192,1,b1c32,1,6C(60%)-3C,731.0,734.3310627946888
S192,1,b1c33,1,6C(60%)-3C,757.0,742.4269376229629
S192,1,b1c44,1,8C(35%)-3.6C,616.0,616.4669488013194
S192,1,b1c45,1,8C(35%)-3.6C,599.0,614.5775698515871
S192,2,b1c6,1,4.8C(80%)-4.8C,636.0,820.9439184035375
S192,2,b1c7,1,4.8C(80%)-4.8C,870.0,829.5511368466816
S192,2,b1c16,1,5.4C(60%)-3.6C,862.0,947.2176900909357
S192,2,b1c17,1,5.4C(60%)-3.6C,857.0,900.554139406501
S192,2,b1c30,1,6C(50%)-3.6C,709.0,801.1196658020455
S192,2,b1c31,1,6C(50%)-3.6C,876.0,815.2460301660667
S192,2,b1c42,1,8C(25%)-3.6C,702.0,763.9863313503713
S192,2,b1c43,1,8C(25%)-3.6C,651.0,764.9347464390237
S192,3,b1c5,1,4.4C(80%)-4.4C,1074.0,959.0961506717881
S192,3,b1c10,1,5.4C(50%)-3C,906.0,913.2391470331341
S192,3,b1c11,1,5.4C(50%)-3C,788.0,958.73040388269
S192,3,b1c24,1,6C(40%)-3C,1017.0,869.818815759554
S192,3,b1c25,1,6C(40%)-3C,854.0,902.6207433953141
S192,3,b1c40,1,8C(15%)-3.6C,966.0,910.7745265567756
S192,3,b1c41,1,8C(15%)-3.6C,1051.0,917.4988276037868
S192,4,b1c12,1,5.4C(50%)-3.6C,902.0,945.8759528448745
S192,4,b1c13,1,5.4C(50%)-3.6C,897.0,919.4187062246752
S192,4,b1c26,1,6C(40%)-3.6C,870.0,815.5131739488803
S192,4,b1c27,1,6C(40%)-3.6C,842.0,841.3923663689419
S192,4,b1c36,1,7C(40%)-3C,704.0,755.8941624956856
S192,4,b1c37,1,7C(40%)-3C,648.0,757.3160779250439
S192,5,b1c8,1,5.4C(40%)-3.6C,879.0,888.0895285510946
S192,5,b1c9,1,5.4C(40%)-3.6C,1054.0,911.2903975558627
S192,5,b1c22,1,6C(30%)-3.6C,891.0,870.4483604774696
S192,5,b1c23,1,6C(30%)-3.6C,1014.0,901.2945237692085
S192,5,b1c38,1,7C(40%)-3.6C,617.0,637.4076176525995
S192,5,b1c39,1,7C(40%)-3.6C,625.0,669.1764237702673
S193,1,b1c3,1,4C(80%)-4C,1226.0,1098.8840355189795
S193,1,b1c4,1,4C(80%)-4C,1227.0,1189.42299198306
S193,1,b1c20,1,5.4C(80%)-5.4C,534.0,538.445245288225
S193,1,b1c21,1,5.4C(80%)-5.4C,559.0,527.5920990151483
S193,1,b1c32,1,6C(60%)-3C,731.0,713.9493765879935
S193,1,b1c33,1,6C(60%)-3C,757.0,723.7959368609236
S193,1,b1c44,1,8C(35%)-3.6C,616.0,578.2717585771184
S193,1,b1c45,1,8C(35%)-3.6C,599.0,576.9476966402782
S193,2,b1c6,1,4.8C(80%)-4.8C,636.0,812.6211737301378
S193,2,b1c7,1,4.8C(80%)-4.8C,870.0,824.7650206780099
S193,2,b1c16,1,5.4C(60%)-3.6C,862.0,966.0947991799776
S193,2,b1c17,1,5.4C(60%)-3.6C,857.0,908.8380896456891
S193,2,b1c30,1,6C(50%)-3.6C,709.0,790.6388121141425
S193,2,b1c31,1,6C(50%)-3.6C,876.0,807.5074728833042
S193,2,b1c42,1,8C(25%)-3.6C,702.0,746.9058623505126
S193,2,b1c43,1,8C(25%)-3.6C,651.0,748.0159444098052
S193,3,b1c5,1,4.4C(80%)-4.4C,1074.0,990.1069983513577
S193,3,b1c10,1,5.4C(50%)-3C,906.0,929.5671980816525
S193,3,b1c11,1,5.4C(50%)-3C,788.0,986.0776434727746
S193,3,b1c24,1,6C(40%)-3C,1017.0,879.6394903035737
S193,3,b1c25,1,6C(40%)-3C,854.0,920.3386434572927
S193,3,b1c40,1,8C(15%)-3.6C,966.0,931.0490977679412
S193,3,b1c41,1,8C(15%)-3.6C,1051.0,939.1626952101766
S193,4,b1c12,1,5.4C(50%)-3.6C,902.0,968.4926785365903
S193,4,b1c13,1,5.4C(50%)-3.6C,897.0,934.8762293743363
S193,4,b1c26,1,6C(40%)-3.6C,870.0,809.1639061535806
S193,4,b1c27,1,6C(40%)-3.6C,842.0,839.913251554269
S193,4,b1c36,1,7C(40%)-3C,704.0,739.454839834546
S193,4,b1c37,1,7C(40%)-3C,648.0,741.2977888532648
S193,5,b1c8,1,5.4C(40%)-3.6C,879.0,898.5667695217653
S193,5,b1c9,1,5.4C(40%)-3.6C,1054.0,926.7037101723639
S193,5,b1c22,1,6C(30%)-3.6C,891.0,876.5253314251738
S193,5,b1c23,1,6C(30%)-3.6C,1014.0,915.458200407202
S193,5,b1c38,1,7C(40%)-3.6C,617.0,602.7499065271531
S193,5,b1c39,1,7C(40%)-3.6C,625.0,640.1688914258734
S194,1,b1c3,1,4C(80%)-4C,1226.0,889.7222980308536
S194,1,b1c4,1,4C(80%)-4C,1227.0,905.9169474857159
S194,1,b1c20,1,5.4C(80%)-5.4C,534.0,783.4773676999278
S194,1,b1c21,1,5.4C(80%)-5.4C,559.0,781.2987217351945
S194,1,b1c32,1,6C(60%)-3C,731.0,818.5241944301122
S194,1,b1c33,1,6C(60%)-3C,757.0,820.3383697837683
S194,1,b1c44,1,8C(35%)-3.6C,616.0,791.7360073865884
S194,1,b1c45,1,8C(35%)-3.6C,599.0,791.2648494875459
S194,2,b1c6,1,4.8C(80%)-4.8C,636.0,840.7276673789705
S194,2,b1c7,1,4.8C(80%)-4.8C,870.0,842.5601061262357
S194,2,b1c16,1,5.4C(60%)-3.6C,862.0,868.9613145561602
S194,2,b1c17,1,5.4C(60%)-3.6C,857.0,858.5574102501837
S194,2,b1c30,1,6C(50%)-3.6C,709.0,836.1795935722266
S194,2,b1c31,1,6C(50%)-3.6C,876.0,839.3545626072361
S194,2,b1c42,1,8C(25%)-3.6C,702.0,827.8003811613389
S194,2,b1c43,1,8C(25%)-3.6C,651.0,828.0147700446167
S194,3,b1c5,1,4.4C(80%)-4.4C,1074.0,834.4820121147791
S194,3,b1c10,1,5.4C(50%)-3C,906.0,824.510246999564
S194,3,b1c11,1,5.4C(50%)-3C,788.0,834.6008732933612
S194,3,b1c24,1,6C(40%)-3C,1017.0,814.6546496823952
S194,3,b1c25,1,6C(40%)-3C,854.0,821.9332974362335
S194,3,b1c40,1,8C(15%)-3.6C,966.0,823.7093901749103
S194,3,b1c41,1,8C(15%)-3.6C,1051.0,825.2143367683964
S194,4,b1c12,1,5.4C(50%)-3.6C,902.0,858.0742554774092
S194,4,b1c13,1,5.4C(50%)-3.6C,897.0,852.2446638022595
S194,4,b1c26,1,6C(40%)-3.6C,870.0,828.9995250826404
S194,4,b1c27,1,6C(40%)-3.6C,842.0,834.8202466608954
S194,4,b1c36,1,7C(40%)-3C,704.0,815.5273163088119
S194,4,b1c37,1,7C(40%)-3C,648.0,815.8386059282099
S194,5,b1c8,1,5.4C(40%)-3.6C,879.0,839.4095019902081
S194,5,b1c9,1,5.4C(40%)-3.6C,1054.0,844.5886003713682
S194,5,b1c22,1,6C(30%)-3.6C,891.0,835.5083760339584
S194,5,b1c23,1,6C(30%)-3.6C,1014.0,842.307236114814
S194,5,b1c38,1,7C(40%)-3.6C,617.0,782.9827218575563
S194,5,b1c39,1,7C(40%)-3.6C,625.0,790.1376390247465
S195,1,b1c3,1,4C(80%)-4C,1226.0,913.7756824305684
S195,1,b1c4,1,4C(80%)-4C,1227.0,938.3208470306491
S195,1,b1c20,1,5.4C(80%)-5.4C,534.0,752.8717243848522
S195,1,b1c21,1,5.4C(80%)-5.4C,559.0,749.5746190988046
S195,1,b1c32,1,6C(60%)-3C,731.0,805.9140620614918
S195,1,b1c33,1,6C(60%)-3C,757.0,808.6625900330606
S195,1,b1c44,1,8C(35%)-3.6C,616.0,765.3652519107545
S195,1,b1c45,1,8C(35%)-3.6C,599.0,764.6560111379587
S195,2,b1c6,1,4.8C(80%)-4.8C,636.0,837.7571837161562
S195,2,b1c7,1,4.8C(80%)-4.8C,870.0,840.5838588482762
S195,2,b1c16,1,5.4C(60%)-3.6C,862.0,881.181414260499
S195,2,b1c17,1,5.4C(60%)-3.6C,857.0,865.1772041081036
S195,2,b1c30,1,6C(50%)-3.6C,709.0,830.7725570360861
S195,2,b1c31,1,6C(50%)-3.6C,876.0,835.6542709586528
S195,2,b1c42,1,8C(25%)-3.6C,702.0,817.8919906767201
S195,2,b1c43,1,8C(25%)-3.6C,651.0,818.2215165190213
S195,3,b1c5,1,4.4C(80%)-4.4C,1074.0,853.810758625479
S195,3,b1c10,1,5.4C(50%)-3C,906.0,838.4684959535251
S195,3,b1c11,1,5.4C(50%)-3C,788.0,853.9749338671703
S195,3,b1c24,1,6C(40%)-3C,1017.0,823.3439613982127
S195,3,b1c25,1,6C(40%)-3C,854.0,834.5289342883898
S195,3,b1c40,1,8C(15%)-3.6C,966.0,837.2612929416855
S195,3,b1c41,1,8C(15%)-3.6C,1051.0,839.5727319810978
S195,4,b1c12,1,5.4C(50%)-3.6C,902.0,871.696849738489
S195,4,b1c13,1,5.4C(50%)-3.6C,897.0,862.7293603648784
S195,4,b1c26,1,6C(40%)-3.6C,870.0,827.0044886652676
S195,4,b1c27,1,6C(40%)-3.6C,842.0,835.9473682252433
S195,4,b1c36,1,7C(40%)-3C,704.0,806.3116548712729
S195,4,b1c37,1,7C(40%)-3C,648.0,806.7906890229006
S195,5,b1c8,1,5.4C(40%)-3.6C,879.0,846.9847694804702
S195,5,b1c9,1,5.4C(40%)-3.6C,1054.0,854.9318529077088
S195,5,b1c22,1,6C(30%)-3.6C,891.0,840.9952494677467
S195,5,b1c23,1,6C(30%)-3.6C,1014.0,851.4358492606775
S195,5,b1c38,1,7C(40%)-3.6C,617.0,760.4439244716337
S195,5,b1c39,1,7C(40%)-3.6C,625.0,771.4169396380366
S196,1,b1c3,1,4C(80%)-4C,1226.0,1002.7435677087146
S196,1,b1c4,1,4C(80%)-4C,1227.0,1058.273045685631
S196,1,b1c20,1,5.4C(80%)-5.4C,534.0,640.8601338860706
S196,1,b1c21,1,5.4C(80%)-5.4C,559.0,633.4854606660726
S196,1,b1c32,1,6C(60%)-3C,731.0,759.558877986954
S196,1,b1c33,1,6C(60%)-3C,757.0,765.7581375875601
S196,1,b1c44,1,8C(35%)-3.6C,616.0,668.7207065180573
S196,1,b1c45,1,8C(35%)-3.6C,599.0,667.1995821790822
S196,2,b1c6,1,4.8C(80%)-4.8C,636.0,826.5297871632068
S196,2,b1c7,1,4.8C(80%)-4.8C,870.0,833.1704642619801
S196,2,b1c16,1,5.4C(60%)-3.6C,862.0,926.2209006033775
S196,2,b1c17,1,5.4C(60%)-3.6C,857.0,889.4305397386894
S196,2,b1c30,1,6C(50%)-3.6C,709.0,810.6848149175519
S196,2,b1c31,1,6C(50%)-3.6C,876.0,821.8649670681165
S196,2,b1c42,1,8C(25%)-3.6C,702.0,781.2401111687118
S196,2,b1c43,1,8C(25%)-3.6C,651.0,781.9927856993289
S196,3,b1c5,1,4.4C(80%)-4.4C,1074.0,925.177913563085
S196,3,b1c10,1,5.4C(50%)-3C,906.0,889.5414866490634
S196,3,b1c11,1,5.4C(50%)-3C,788.0,925.2231427903205
S196,3,b1c24,1,6C(40%)-3C,1017.0,855.1116549444432
S196,3,b1c25,1,6C(40%)-3C,854.0,880.8447556949354
S196,3,b1c40,1,8C(15%)-3.6C,966.0,887.1862514658507
S196,3,b1c41,1,8C(15%)-3.6C,1051.0,892.4827935233428
S196,4,b1c12,1,5.4C(50%)-3.6C,902.0,922.0450051389591
S196,4,b1c13,1,5.4C(50%)-3.6C,897.0,901.3318230234597
S196,4,b1c26,1,6C(40%)-3.6C,870.0,819.4000397301068
S196,4,b1c27,1,6C(40%)-3.6C,842.0,839.858368580582
S196,4,b1c36,1,7C(40%)-3C,704.0,772.1645950296431
S196,4,b1c37,1,7C(40%)-3C,648.0,773.2744397207738
S196,5,b1c8,1,5.4C(40%)-3.6C,879.0,874.8376652076518
S196,5,b1c9,1,5.4C(40%)-3.6C,1054.0,893.0488011680061
S196,5,b1c22,1,6C(30%)-3.6C,891.0,861.0512065228943
S196,5,b1c23,1,6C(30%)-3.6C,1014.0,885.120455572086
S196,5,b1c38,1,7C(40%)-3.6C,617.0,677.3001771546692
S196,5,b1c39,1,7C(40%)-3.6C,625.0,702.3405561674999
S197,1,b1c3,1,4C(80%)-4C,1226.0,848.151495959406
S197,1,b1c4,1,4C(80%)-4C,1227.0,849.925429026894
S197,1,b1c20,1,5.4C(80%)-5.4C,534.0,836.5094605703451
S197,1,b1c21,1,5.4C(80%)-5.4C,559.0,836.2706511983358
S197,1,b1c32,1,6C(60%)-3C,731.0,840.3509584256217
S197,1,b1c33,1,6C(60%)-3C,757.0,840.5497166172971
S197,1,b1c44,1,8C(35%)-3.6C,616.0,837.4148832058912
S197,1,b1c45,1,8C(35%)-3.6C,599.0,837.3631111323696
S197,2,b1c6,1,4.8C(80%)-4.8C,636.0,845.601003150148
S197,2,b1c7,1,4.8C(80%)-4.8C,870.0,845.8080007440145
S197,2,b1c16,1,5.4C(60%)-3.6C,862.0,848.7967952053127
S197,2,b1c17,1,5.4C(60%)-3.6C,857.0,847.6193023658032
S197,2,b1c30,1,6C(50%)-3.6C,709.0,845.0856781069823
S197,2,b1c31,1,6C(50%)-3.6C,876.0,845.4451303589992
S197,2,b1c42,1,8C(25%)-3.6C,702.0,844.1368800809796
S197,2,b1c43,1,8C(25%)-3.6C,651.0,844.1611575367859
S197,3,b1c5,1,4.4C(80%)-4.4C,1074.0,802.4642166880701
S197,3,b1c10,1,5.4C(50%)-3C,906.0,801.3406992643129
S197,3,b1c11,1,5.4C(50%)-3C,788.0,802.4785107037185
S197,3,b1c24,1,6C(40%)-3C,1017.0,800.2283897025789
S197,3,b1c25,1,6C(40%)-3C,854.0,801.0491365894501
S197,3,b1c40,1,8C(15%)-3.6C,966.0,801.249262466216
S197,3,b1c41,1,8C(15%)-3.6C,1051.0,801.4190188271288
S197,4,b1c12,1,5.4C(50%)-3.6C,902.0,835.5576810486211
S197,4,b1c13,1,5.4C(50%)-3.6C,897.0,834.8995011754695
S197,4,b1c26,1,6C(40%)-3.6C,870.0,832.27345689147
S197,4,b1c27,1,6C(40%)-3.6C,842.0,832.9311735577115
S197,4,b1c36,1,7C(40%)-3C,704.0,830.7508755890111
S197,4,b1c37,1,7C(40%)-3C,648.0,830.7860120459169
S197,5,b1c8,1,5.4C(40%)-3.6C,879.0,826.8048435282595
S197,5,b1c9,1,5.4C(40%)-3.6C,1054.0,827.3872869784282
S197,5,b1c22,1,6C(30%)-3.6C,891.0,826.366281124816
S197,5,b1c23,1,6C(30%)-3.6C,1014.0,827.1305073056981
S197,5,b1c38,1,7C(40%)-3.6C,617.0,820.45704122257
S197,5,b1c39,1,7C(40%)-3.6C,625.0,821.2619597979008
S198,1,b1c3,1,4C(80%)-4C,1226.0,848.4666414626884
S198,1,b1c4,1,4C(80%)-4C,1227.0,850.3516138523557
S198,1,b1c20,1,5.4C(80%)-5.4C,534.0,836.1283674938022
S198,1,b1c21,1,5.4C(80%)-5.4C,559.0,835.8758953715759
S198,1,b1c32,1,6C(60%)-3C,731.0,840.1905305709931
S198,1,b1c33,1,6C(60%)-3C,757.0,840.4014433701766
S198,1,b1c44,1,8C(35%)-3.6C,616.0,837.084318307789
S198,1,b1c45,1,8C(35%)-3.6C,599.0,837.0305746904402
S198,2,b1c6,1,4.8C(80%)-4.8C,636.0,845.3840718625579
S198,2,b1c7,1,4.8C(80%)-4.8C,870.0,845.6639853277715
S198,2,b1c16,1,5.4C(60%)-3.6C,862.0,849.6829192145079
S198,2,b1c17,1,5.4C(60%)-3.6C,857.0,848.0985316814447
S198,2,b1c30,1,6C(50%)-3.6C,709.0,844.6927217281701
S198,2,b1c31,1,6C(50%)-3.6C,876.0,845.1759796428227
S198,2,b1c42,1,8C(25%)-3.6C,702.0,843.4176591747447
S198,2,b1c43,1,8C(25%)-3.6C,651.0,843.4502789940406
S198,3,b1c5,1,4.4C(80%)-4.4C,1074.0,803.7544464542176
S198,3,b1c10,1,5.4C(50%)-3C,906.0,802.2693421745658
S198,3,b1c11,1,5.4C(50%)-3C,788.0,803.7698583440334
S198,3,b1c24,1,6C(40%)-3C,1017.0,800.8063144757109
S198,3,b1c25,1,6C(40%)-3C,854.0,801.8886477193469
S198,3,b1c40,1,8C(15%)-3.6C,966.0,802.1531279568826
S198,3,b1c41,1,8C(15%)-3.6C,1051.0,802.3767678615693
S198,4,b1c12,1,5.4C(50%)-3.6C,902.0,836.5027453965688
S198,4,b1c13,1,5.4C(50%)-3.6C,897.0,835.6259646363521
S198,4,b1c26,1,6C(40%)-3.6C,870.0,832.1336341584531
S198,4,b1c27,1,6C(40%)-3.6C,842.0,833.007803553137
S198,4,b1c36,1,7C(40%)-3C,704.0,830.1110094954463
S198,4,b1c37,1,7C(40%)-3C,648.0,830.1578497205248
S198,5,b1c8,1,5.4C(40%)-3.6C,879.0,827.2731858351361
S198,5,b1c9,1,5.4C(40%)-3.6C,1054.0,828.027423333384
S198,5,b1c22,1,6C(30%)-3.6C,891.0,826.7046033868754
S198,5,b1c23,1,6C(30%)-3.6C,1014.0,827.6958058597539
S198,5,b1c38,1,7C(40%)-3.6C,617.0,819.0614906963041
S198,5,b1c39,1,7C(40%)-3.6C,625.0,820.1026849489975
S199,1,b1c3,1,4C(80%)-4C,1226.0,850.8985102240472
S199,1,b1c4,1,4C(80%)-4C,1227.0,853.6427278366262
S199,1,b1c20,1,5.4C(80%)-5.4C,534.0,833.2167935737427
S199,1,b1c21,1,5.4C(80%)-5.4C,559.0,832.8603446850207
S199,1,b1c32,1,6C(60%)-3C,731.0,838.9595891469469
S199,1,b1c33,1,6C(60%)-3C,757.0,839.2641669293043
S199,1,b1c44,1,8C(35%)-3.6C,616.0,834.5553817742267
S199,1,b1c45,1,8C(35%)-3.6C,599.0,834.4881080678747
S199,2,b1c6,1,4.8C(80%)-4.8C,636.0,843.7111256893775
S199,2,b1c7,1,4.8C(80%)-4.8C,870.0,844.5547807917211
S199,2,b1c16,1,5.4C(60%)-3.6C,862.0,856.4874685092049
S199,2,b1c17,1,5.4C(60%)-3.6C,857.0,851.7748269783218
S199,2,b1c30,1,6C(50%)-3.6C,709.0,841.6711444597083
S199,2,b1c31,1,6C(50%)-3.6C,876.0,843.1053084774533
S199,2,b1c42,1,8C(25%)-3.6C,702.0,837.8913712302586
S199,2,b1c43,1,8C(25%)-3.6C,651.0,837.9880211694142
S199,3,b1c5,1,4.4C(80%)-4.4C,1074.0,813.6661289144248
S199,3,b1c10,1,5.4C(50%)-3C,906.0,809.3913748178829
S199,3,b1c11,1,5.4C(50%)-3C,788.0,813.6827985567473
S199,3,b1c24,1,6C(40%)-3C,1017.0,805.2379108014724
S199,3,b1c25,1,6C(40%)-3C,854.0,808.3329759357904
S199,3,b1c40,1,8C(15%)-3.6C,966.0,809.0938390592977
S199,3,b1c41,1,8C(15%)-3.6C,1051.0,809.7316051778038
S199,4,b1c12,1,5.4C(50%)-3.6C,902.0,843.7638788408428
S199,4,b1c13,1,5.4C(50%)-3.6C,897.0,841.2037489855544
S199,4,b1c26,1,6C(40%)-3.6C,870.0,831.0534398053994
S199,4,b1c27,1,6C(40%)-3.6C,842.0,833.5900528463399
S199,4,b1c36,1,7C(40%)-3C,704.0,825.1925648464296
S199,4,b1c37,1,7C(40%)-3C,648.0,825.329604842271
S199,5,b1c8,1,5.4C(40%)-3.6C,879.0,830.8682870836986
S199,5,b1c9,1,5.4C(40%)-3.6C,1054.0,832.9434837521483
S199,5,b1c22,1,6C(30%)-3.6C,891.0,829.2985988243441
S199,5,b1c23,1,6C(30%)-3.6C,1014.0,832.0382604405564
S199,5,b1c38,1,7C(40%)-3.6C,617.0,808.3419170270776
S199,5,b1c39,1,7C(40%)-3.6C,625.0,811.1975601743056
S200,1,b1c3,1,4C(80%)-4C,1226.0,1286.3442856554375
S200,1,b1c4,1,4C(80%)-4C,1227.0,1526.0082809883743
S200,1,b1c20,1,5.4C(80%)-5.4C,534.0,604.1742353690058
S200,1,b1c21,1,5.4C(80%)-5.4C,559.0,599.0378694182215
S200,1,b1c32,1,6C(60%)-3C,731.0,700.0597963802041
S200,1,b1c33,1,6C(60%)-3C,757.0,711.2923798147714
S200,1,b1c44,1,8C(35%)-3.6C,616.0,615.1790751200085
S200,1,b1c45,1,8C(35%)-3.6C,599.0,620.921786585289
S200,2,b1c6,1,4.8C(80%)-4.8C,636.0,796.6511334114658
S200,2,b1c7,1,4.8C(80%)-4.8C,870.0,805.1435829101987
S200,2,b1c16,1,5.4C(60%)-3.6C,862.0,963.3940587956687
S200,2,b1c17,1,5.4C(60%)-3.6C,857.0,898.735831730257
S200,2,b1c30,1,6C(50%)-3.6C,709.0,770.9553645489098
S200,2,b1c31,1,6C(50%)-3.6C,876.0,787.852528617045
S200,2,b1c42,1,8C(25%)-3.6C,702.0,727.6276714794759
S200,2,b1c43,1,8C(25%)-3.6C,651.0,728.7104100602102
S200,3,b1c5,1,4.4C(80%)-4.4C,1074.0,997.856380824946
S200,3,b1c10,1,5.4C(50%)-3C,906.0,923.9342134752701
S200,3,b1c11,1,5.4C(50%)-3C,788.0,993.3560449941102
S200,3,b1c24,1,6C(40%)-3C,1017.0,866.0197674736941
S200,3,b1c25,1,6C(40%)-3C,854.0,912.4142679789034
S200,3,b1c40,1,8C(15%)-3.6C,966.0,924.9320398007497
S200,3,b1c41,1,8C(15%)-3.6C,1051.0,934.6437282326193
S200,4,b1c12,1,5.4C(50%)-3.6C,902.0,967.705960458374
S200,4,b1c13,1,5.4C(50%)-3.6C,897.0,925.1235515184511
S200,4,b1c26,1,6C(40%)-3.6C,870.0,785.2052840006315
S200,4,b1c27,1,6C(40%)-3.6C,842.0,817.0116669395056
S200,4,b1c36,1,7C(40%)-3C,704.0,718.2015715905223
S200,4,b1c37,1,7C(40%)-3C,648.0,719.9934338616775
S200,5,b1c8,1,5.4C(40%)-3.6C,879.0,885.7862028845752
S200,5,b1c9,1,5.4C(40%)-3.6C,1054.0,918.6966139425626
S200,5,b1c22,1,6C(30%)-3.6C,891.0,860.6145658289634
S200,5,b1c23,1,6C(30%)-3.6C,1014.0,905.7078200460995
S200,5,b1c38,1,7C(40%)-3.6C,617.0,605.5444284449593
S200,5,b1c39,1,7C(40%)-3.6C,625.0,635.3726472154104
S201,1,b1c3,1,4C(80%)-4C,1226.0,1277.2784527861768
S201,1,b1c4,1,4C(80%)-4C,1227.0,1509.6496649729468
S201,1,b1c20,1,5.4C(80%)-5.4C,534.0,600.414573611544
S201,1,b1c21,1,5.4C(80%)-5.4C,559.0,595.0540507789743
S201,1,b1c32,1,6C(60%)-3C,731.0,700.087679939491
S201,1,b1c33,1,6C(60%)-3C,757.0,711.1728097051281
S201,1,b1c44,1,8C(35%)-3.6C,616.0,612.9127492641433
S201,1,b1c45,1,8C(35%)-3.6C,599.0,618.1339567946927
S201,2,b1c6,1,4.8C(80%)-4.8C,636.0,796.6674315431811
S201,2,b1c7,1,4.8C(80%)-4.8C,870.0,805.1536966343429
S201,2,b1c16,1,5.4C(60%)-3.6C,862.0,963.333659427739
S201,2,b1c17,1,5.4C(60%)-3.6C,857.0,898.707746890783
S201,2,b1c30,1,6C(50%)-3.6C,709.0,770.9790449826767
S201,2,b1c31,1,6C(50%)-3.6C,876.0,787.8697124984027
S201,2,b1c42,1,8C(25%)-3.6C,702.0,727.6664662168314
S201,2,b1c43,1,8C(25%)-3.6C,651.0,728.7488485270266
S201,3,b1c5,1,4.4C(80%)-4.4C,1074.0,997.7510052075844
S201,3,b1c10,1,5.4C(50%)-3C,906.0,923.8500800391565
S201,3,b1c11,1,5.4C(50%)-3C,788.0,993.2418451600163
S201,3,b1c24,1,6C(40%)-3C,1017.0,865.969948222132
S201,3,b1c25,1,6C(40%)-3C,854.0,912.3459351705991
S201,3,b1c40,1,8C(15%)-3.6C,966.0,924.8602442297364
S201,3,b1c41,1,8C(15%)-3.6C,1051.0,934.5672780934264
S201,4,b1c12,1,5.4C(50%)-3.6C,902.0,967.6395913135923
S201,4,b1c13,1,5.4C(50%)-3.6C,897.0,925.0676881826635
S201,4,b1c26,1,6C(40%)-3.6C,870.0,785.2038762117182
S201,4,b1c27,1,6C(40%)-3.6C,842.0,816.9963615264547
S201,4,b1c36,1,7C(40%)-3C,704.0,718.2317068936959
S201,4,b1c37,1,7C(40%)-3C,648.0,720.0234362752589
S201,5,b1c8,1,5.4C(40%)-3.6C,879.0,885.743012377493
S201,5,b1c9,1,5.4C(40%)-3.6C,1054.0,918.6385239555105
S201,5,b1c22,1,6C(30%)-3.6C,891.0,860.5802423835872
S201,5,b1c23,1,6C(30%)-3.6C,1014.0,905.6588089446743
S201,5,b1c38,1,7C(40%)-3.6C,617.0,605.6259136178179
S201,5,b1c39,1,7C(40%)-3.6C,625.0,635.4432379673185
S202,1,b1c3,1,4C(80%)-4C,1226.0,1268.213832030518
S202,1,b1c4,1,4C(80%)-4C,1227.0,1493.353902144405
S202,1,b1c20,1,5.4C(80%)-5.4C,534.0,596.6521175382688
S202,1,b1c21,1,5.4C(80%)-5.4C,559.0,591.0689955540809
S202,1,b1c32,1,6C(60%)-3C,731.0,700.1157134387839
S202,1,b1c33,1,6C(60%)-3C,757.0,711.0523784536763
S202,1,b1c44,1,8C(35%)-3.6C,616.0,610.6388979170868
S202,1,b1c45,1,8C(35%)-3.6C,599.0,615.3391580207624
S202,2,b1c6,1,4.8C(80%)-4.8C,636.0,796.6837178123017
S202,2,b1c7,1,4.8C(80%)-4.8C,870.0,805.1638048424641
S202,2,b1c16,1,5.4C(60%)-3.6C,862.0,963.2732619281982
S202,2,b1c17,1,5.4C(60%)-3.6C,857.0,898.6796545781372
S202,2,b1c30,1,6C(50%)-3.6C,709.0,771.0027198832186
S202,2,b1c31,1,6C(50%)-3.6C,876.0,787.8868904902349
S202,2,b1c42,1,8C(25%)-3.6C,702.0,727.7052587365781
S202,2,b1c43,1,8C(25%)-3.6C,651.0,728.7872846654467
S202,3,b1c5,1,4.4C(80%)-4.4C,1074.0,997.645639930248
S202,3,b1c10,1,5.4C(50%)-3C,906.0,923.7659135700983
S202,3,b1c11,1,5.4C(50%)-3C,788.0,993.1276310720347
S202,3,b1c24,1,6C(40%)-3C,1017.0,865.9201059554682
S202,3,b1c25,1,6C(40%)-3C,854.0,912.2775907258399
S202,3,b1c40,1,8C(15%)-3.6C,966.0,924.7884439891028
S202,3,b1c41,1,8C(15%)-3.6C,1051.0,934.4908244655121
S202,4,b1c12,1,5.4C(50%)-3.6C,902.0,967.5732487058762
S202,4,b1c13,1,5.4C(50%)-3.6C,897.0,925.0118089608036
S202,4,b1c26,1,6C(40%)-3.6C,870.0,785.2024189532134
S202,4,b1c27,1,6C(40%)-3.6C,842.0,816.9810041496263
S202,4,b1c36,1,7C(40%)-3C,704.0,718.2618163428585
S202,4,b1c37,1,7C(40%)-3C,648.0,720.0534149711864
S202,5,b1c8,1,5.4C(40%)-3.6C,879.0,885.6998113699754
S202,5,b1c9,1,5.4C(40%)-3.6C,1054.0,918.5804280257181
S202,5,b1c22,1,6C(30%)-3.6C,891.0,860.5459009049767
S202,5,b1c23,1,6C(30%)-3.6C,1014.0,905.6097962363853
S202,5,b1c38,1,7C(40%)-3.6C,617.0,605.7074183225587
S202,5,b1c39,1,7C(40%)-3.6C,625.0,635.5138428915275
S203,1,b1c3,1,4C(80%)-4C,1226.0,1256.0391803250884
S203,1,b1c4,1,4C(80%)-4C,1227.0,1471.6032707707757
S203,1,b1c20,1,5.4C(80%)-5.4C,534.0,591.7912833412803
S203,1,b1c21,1,5.4C(80%)-5.4C,559.0,585.919404269901
S203,1,b1c32,1,6C(60%)-3C,731.0,700.2099231580058
S203,1,b1c33,1,6C(60%)-3C,757.0,710.9453605735732
S203,1,b1c44,1,8C(35%)-3.6C,616.0,607.724919624545
S203,1,b1c45,1,8C(35%)-3.6C,599.0,611.7390793739731
S203,2,b1c6,1,4.8C(80%)-4.8C,636.0,796.6081061045496
S203,2,b1c7,1,4.8C(80%)-4.8C,870.0,805.1321327968465
S203,2,b1c16,1,5.4C(60%)-3.6C,862.0,963.180263851362
S203,2,b1c17,1,5.4C(60%)-3.6C,857.0,898.5773274214032
S203,2,b1c30,1,6C(50%)-3.6C,709.0,770.9836350485889
S203,2,b1c31,1,6C(50%)-3.6C,876.0,787.8594059866003
S203,2,b1c42,1,8C(25%)-3.6C,702.0,727.7212904008543
S203,2,b1c43,1,8C(25%)-3.6C,651.0,728.802303075165
S203,3,b1c5,1,4.4C(80%)-4.4C,1074.0,997.4820565940827
S203,3,b1c10,1,5.4C(50%)-3C,906.0,923.9412997930699
S203,3,b1c11,1,5.4C(50%)-3C,788.0,993.1529475562318
S203,3,b1c24,1,6C(40%)-3C,1017.0,866.0375806220295
S203,3,b1c25,1,6C(40%)-3C,854.0,912.2955528844177
S203,3,b1c40,1,8C(15%)-3.6C,966.0,924.7511028691082
S203,3,b1c41,1,8C(15%)-3.6C,1051.0,934.4421695145758
S203,4,b1c12,1,5.4C(50%)-3.6C,902.0,967.3870122302988
S203,4,b1c13,1,5.4C(50%)-3.6C,897.0,925.0235228328265
S203,4,b1c26,1,6C(40%)-3.6C,870.0,785.4212991233272
S203,4,b1c27,1,6C(40%)-3.6C,842.0,817.1938138266593
S203,4,b1c36,1,7C(40%)-3C,704.0,718.422863083148
S203,4,b1c37,1,7C(40%)-3C,648.0,720.2046880343909
S203,5,b1c8,1,5.4C(40%)-3.6C,879.0,885.7372024760692
S203,5,b1c9,1,5.4C(40%)-3.6C,1054.0,918.5688889428353
S203,5,b1c22,1,6C(30%)-3.6C,891.0,860.6546745084246
S203,5,b1c23,1,6C(30%)-3.6C,1014.0,905.5675933482571
S203,5,b1c38,1,7C(40%)-3.6C,617.0,605.7651082806238
S203,5,b1c39,1,7C(40%)-3.6C,625.0,635.5730146285416
S204,1,b1c3,1,4C(80%)-4C,1226.0,1217.7916055148773
S204,1,b1c4,1,4C(80%)-4C,1227.0,1404.1474876376933
S204,1,b1c20,1,5.4C(80%)-5.4C,534.0,577.276668868987
S204,1,b1c21,1,5.4C(80%)-5.4C,559.0,570.5443754674535
S204,1,b1c32,1,6C(60%)-3C,731.0,700.7467546474221
S204,1,b1c33,1,6C(60%)-3C,757.0,710.8361568177082
S204,1,b1c44,1,8C(35%)-3.6C,616.0,599.1025171918175
S204,1,b1c45,1,8C(35%)-3.6C,599.0,601.0153228552474
S204,2,b1c6,1,4.8C(80%)-4.8C,636.0,796.7687109131214
S204,2,b1c7,1,4.8C(80%)-4.8C,870.0,805.2321621907652
S204,2,b1c16,1,5.4C(60%)-3.6C,862.0,962.5764367321074
S204,2,b1c17,1,5.4C(60%)-3.6C,857.0,898.2950849938048
S204,2,b1c30,1,6C(50%)-3.6C,709.0,771.2191998503187
S204,2,b1c31,1,6C(50%)-3.6C,876.0,788.0300060725638
S204,2,b1c42,1,8C(25%)-3.6C,702.0,728.1084186023642
S204,2,b1c43,1,8C(25%)-3.6C,651.0,729.18585331749
S204,3,b1c5,1,4.4C(80%)-4.4C,1074.0,996.4288216909472
S204,3,b1c10,1,5.4C(50%)-3C,906.0,923.1061941235715
S204,3,b1c11,1,5.4C(50%)-3C,788.0,992.0154641109849
S204,3,b1c24,1,6C(40%)-3C,1017.0,865.5432715050307
S204,3,b1c25,1,6C(40%)-3C,854.0,911.61481032818
S204,3,b1c40,1,8C(15%)-3.6C,966.0,924.0347823331905
S204,3,b1c41,1,8C(15%)-3.6C,1051.0,933.6792590098605
S204,4,b1c12,1,5.4C(50%)-3.6C,902.0,966.7219214923448
S204,4,b1c13,1,5.4C(50%)-3.6C,897.0,924.4669268191327
S204,4,b1c26,1,6C(40%)-3.6C,870.0,785.4116255311569
S204,4,b1c27,1,6C(40%)-3.6C,842.0,817.0454208712954
S204,4,b1c36,1,7C(40%)-3C,704.0,718.7267212348778
S204,4,b1c37,1,7C(40%)-3C,648.0,720.5070204813501
S204,5,b1c8,1,5.4C(40%)-3.6C,879.0,885.3071664639299
S204,5,b1c9,1,5.4C(40%)-3.6C,1054.0,917.9894505975197
S204,5,b1c22,1,6C(30%)-3.6C,891.0,860.3143328368865
S204,5,b1c23,1,6C(30%)-3.6C,1014.0,905.078105392164
S204,5,b1c38,1,7C(40%)-3.6C,617.0,606.5798071402027
S204,5,b1c39,1,7C(40%)-3.6C,625.0,636.2788502783549
S205,1,b1c3,1,4C(80%)-4C,1226.0,1214.874198877534
S205,1,b1c4,1,4C(80%)-4C,1227.0,1399.530620244009
S205,1,b1c20,1,5.4C(80%)-5.4C,534.0,578.6018600506345
S205,1,b1c21,1,5.4C(80%)-5.4C,559.0,571.8962741100676
S205,1,b1c32,1,6C(60%)-3C,731.0,701.5003185296181
S205,1,b1c33,1,6C(60%)-3C,757.0,711.5366398045115
S205,1,b1c44,1,8C(35%)-3.6C,616.0,600.3377733621422
S205,1,b1c45,1,8C(35%)-3.6C,599.0,602.2424573112924
S205,2,b1c6,1,4.8C(80%)-4.8C,636.0,796.9307478170714
S205,2,b1c7,1,4.8C(80%)-4.8C,870.0,805.3328648232989
S205,2,b1c16,1,5.4C(60%)-3.6C,862.0,961.9728846618999
S205,2,b1c17,1,5.4C(60%)-3.6C,857.0,898.0136869763647
S205,2,b1c30,1,6C(50%)-3.6C,709.0,771.4556341379247
S205,2,b1c31,1,6C(50%)-3.6C,876.0,788.2014074431345
S205,2,b1c42,1,8C(25%)-3.6C,702.0,728.4964152586788
S205,2,b1c43,1,8C(25%)-3.6C,651.0,729.5702736364235
S205,3,b1c5,1,4.4C(80%)-4.4C,1074.0,995.3765937909322
S205,3,b1c10,1,5.4C(50%)-3C,906.0,922.2680114428158
S205,3,b1c11,1,5.4C(50%)-3C,788.0,990.8766895363148
S205,3,b1c24,1,6C(40%)-3C,1017.0,865.0468071336043
S205,3,b1c25,1,6C(40%)-3C,854.0,910.9329878481076
S205,3,b1c40,1,8C(15%)-3.6C,966.0,923.3180370608549
S205,3,b1c41,1,8C(15%)-3.6C,1051.0,932.9160372890857
S205,4,b1c12,1,5.4C(50%)-3.6C,902.0,966.0582731743057
S205,4,b1c13,1,5.4C(50%)-3.6C,897.0,923.9093363068463
S205,4,b1c26,1,6C(40%)-3.6C,870.0,785.3991139644727
S205,4,b1c27,1,6C(40%)-3.6C,842.0,816.894001891356
S205,4,b1c36,1,7C(40%)-3C,704.0,719.0292775722924
S205,4,b1c37,1,7C(40%)-3C,648.0,720.8081722187765
S205,5,b1c8,1,5.4C(40%)-3.6C,879.0,884.8761231827192
S205,5,b1c9,1,5.4C(40%)-3.6C,1054.0,917.4094475233752
S205,5,b1c22,1,6C(30%)-3.6C,891.0,859.9722574778397
S205,5,b1c23,1,6C(30%)-3.6C,1014.0,904.5884671727454
S205,5,b1c38,1,7C(40%)-3.6C,617.0,607.3964373741177
S205,5,b1c39,1,7C(40%)-3.6C,625.0,636.9860881803963
S206,1,b1c3,1,4C(80%)-4C,1226.0,1210.051920263696
S206,1,b1c4,1,4C(80%)-4C,1227.0,1391.9083151047666
S206,1,b1c20,1,5.4C(80%)-5.4C,534.0,580.8060138172531
S206,1,b1c21,1,5.4C(80%)-5.4C,559.0,574.1450700604228
S206,1,b1c32,1,6C(60%)-3C,731.0,702.7516724055038
S206,1,b1c33,1,6C(60%)-3C,757.0,712.6997096433656
S206,1,b1c44,1,8C(35%)-3.6C,616.0,602.3917037506411
S206,1,b1c45,1,8C(35%)-3.6C,599.0,604.2828289222107
S206,2,b1c6,1,4.8C(80%)-4.8C,636.0,796.4058657114683
S206,2,b1c7,1,4.8C(80%)-4.8C,870.0,805.123244309791
S206,2,b1c16,1,5.4C(60%)-3.6C,862.0,961.0779424652334
S206,2,b1c17,1,5.4C(60%)-3.6C,857.0,897.1479456293685
S206,2,b1c30,1,6C(50%)-3.6C,709.0,771.3841677503952
S206,2,b1c31,1,6C(50%)-3.6C,876.0,788.0457032835673
S206,2,b1c42,1,8C(25%)-3.6C,702.0,728.7398393758613
S206,2,b1c43,1,8C(25%)-3.6C,651.0,729.8048555092058
S206,3,b1c5,1,4.4C(80%)-4.4C,1074.0,993.8191618928558
S206,3,b1c10,1,5.4C(50%)-3C,906.0,923.4091510172341
S206,3,b1c11,1,5.4C(50%)-3C,788.0,990.7662084185145
S206,3,b1c24,1,6C(40%)-3C,1017.0,865.8291468579338
S206,3,b1c25,1,6C(40%)-3C,854.0,910.8887553438915
S206,3,b1c40,1,8C(15%)-3.6C,966.0,922.8333953844715
S206,3,b1c41,1,8C(15%)-3.6C,1051.0,932.3307392390224
S206,4,b1c12,1,5.4C(50%)-3.6C,902.0,964.4294348902893
S206,4,b1c13,1,5.4C(50%)-3.6C,897.0,923.8414977288162
S206,4,b1c26,1,6C(40%)-3.6C,870.0,787.0942687468997
S206,4,b1c27,1,6C(40%)-3.6C,842.0,818.5017719709341
S206,4,b1c36,1,7C(40%)-3C,704.0,720.366169308428
S206,4,b1c37,1,7C(40%)-3C,648.0,722.0686730424575
S206,5,b1c8,1,5.4C(40%)-3.6C,879.0,885.0692325298536
S206,5,b1c9,1,5.4C(40%)-3.6C,1054.0,917.177829074263
S206,5,b1c22,1,6C(30%)-3.6C,891.0,860.7546008505069
S206,5,b1c23,1,6C(30%)-3.6C,1014.0,904.1350908045118
S206,5,b1c38,1,7C(40%)-3.6C,617.0,608.0542043152452
S206,5,b1c39,1,7C(40%)-3.6C,625.0,637.6289725962233
S207,1,b1c3,1,4C(80%)-4C,1226.0,1181.4819718796123
S207,1,b1c4,1,4C(80%)-4C,1227.0,1346.982673472758
S207,1,b1c20,1,5.4C(80%)-5.4C,534.0,594.225503994506
S207,1,b1c21,1,5.4C(80%)-5.4C,559.0,587.8422388694487
S207,1,b1c32,1,6C(60%)-3C,731.0,710.3164011944953
S207,1,b1c33,1,6C(60%)-3C,757.0,719.7270661747564
S207,1,b1c44,1,8C(35%)-3.6C,616.0,614.879607853012
S207,1,b1c45,1,8C(35%)-3.6C,599.0,616.6868476057963
S207,2,b1c6,1,4.8C(80%)-4.8C,636.0,797.8610641108788
S207,2,b1c7,1,4.8C(80%)-4.8C,870.0,806.0530970866818
S207,2,b1c16,1,5.4C(60%)-3.6C,862.0,955.0640037922192
S207,2,b1c17,1,5.4C(60%)-3.6C,857.0,894.2418118311332
S207,2,b1c30,1,6C(50%)-3.6C,709.0,773.6617667368286
S207,2,b1c31,1,6C(50%)-3.6C,876.0,789.6731681925747
S207,2,b1c42,1,8C(25%)-3.6C,702.0,732.5626649840723
S207,2,b1c43,1,8C(25%)-3.6C,651.0,733.5908333417991
S207,3,b1c5,1,4.4C(80%)-4.4C,1074.0,983.3551768524655
S207,3,b1c10,1,5.4C(50%)-3C,906.0,915.506971783313
S207,3,b1c11,1,5.4C(50%)-3C,788.0,979.7362821680897
S207,3,b1c24,1,6C(40%)-3C,1017.0,861.1627307587909
S207,3,b1c25,1,6C(40%)-3C,854.0,904.2744164771664
S207,3,b1c40,1,8C(15%)-3.6C,966.0,915.7994014210769
S207,3,b1c41,1,8C(15%)-3.6C,1051.0,924.829635591177
S207,4,b1c12,1,5.4C(50%)-3.6C,902.0,957.6904696791424
S207,4,b1c13,1,5.4C(50%)-3.6C,897.0,918.4295971079969
S207,4,b1c26,1,6C(40%)-3.6C,870.0,787.3159764542243
S207,4,b1c27,1,6C(40%)-3.6C,842.0,817.3547522379747
S207,4,b1c36,1,7C(40%)-3C,704.0,723.5891382829055
S207,4,b1c37,1,7C(40%)-3C,648.0,725.2620044979419
S207,5,b1c8,1,5.4C(40%)-3.6C,879.0,880.9083706697508
S207,5,b1c9,1,5.4C(40%)-3.6C,1054.0,911.4979981683068
S207,5,b1c22,1,6C(30%)-3.6C,891.0,857.5617018443079
S207,5,b1c23,1,6C(30%)-3.6C,1014.0,899.292794268832
S207,5,b1c38,1,7C(40%)-3.6C,617.0,616.2087073498589
S207,5,b1c39,1,7C(40%)-3.6C,625.0,644.6949461805336
S208,1,b1c3,1,4C(80%)-4C,1226.0,1153.3663082978285
S208,1,b1c4,1,4C(80%)-4C,1227.0,1303.165321081529
S208,1,b1c20,1,5.4C(80%)-5.4C,534.0,608.0660454758672
S208,1,b1c21,1,5.4C(80%)-5.4C,559.0,601.979592536856
S208,1,b1c32,1,6C(60%)-3C,731.0,718.0239985739919
S208,1,b1c33,1,6C(60%)-3C,757.0,726.8807111986492
S208,1,b1c44,1,8C(35%)-3.6C,616.0,627.7293224861521
S208,1,b1c45,1,8C(35%)-3.6C,599.0,629.4476891310965
S208,2,b1c6,1,4.8C(80%)-4.8C,636.0,799.4079693346456
S208,2,b1c7,1,4.8C(80%)-4.8C,870.0,807.0264023272125
S208,2,b1c16,1,5.4C(60%)-3.6C,862.0,949.072087885988
S208,2,b1c17,1,5.4C(60%)-3.6C,857.0,891.3869397945281
S208,2,b1c30,1,6C(50%)-3.6C,709.0,775.9992383693096
S208,2,b1c31,1,6C(50%)-3.6C,876.0,791.3539681721016
S208,2,b1c42,1,8C(25%)-3.6C,702.0,736.4529493404918
S208,2,b1c43,1,8C(25%)-3.6C,651.0,737.4441494430062
S208,3,b1c5,1,4.4C(80%)-4.4C,1074.0,972.9801081922424
S208,3,b1c10,1,5.4C(50%)-3C,906.0,907.419267965647
S208,3,b1c11,1,5.4C(50%)-3C,788.0,968.6509200115157
S208,3,b1c24,1,6C(40%)-3C,1017.0,856.35997204894
S208,3,b1c25,1,6C(40%)-3C,854.0,897.5983497526626
S208,3,b1c40,1,8C(15%)-3.6C,966.0,908.7472287260184
S208,3,b1c41,1,8C(15%)-3.6C,1051.0,917.3193710053004
S208,4,b1c12,1,5.4C(50%)-3.6C,902.0,951.0492946198981
S208,4,b1c13,1,5.4C(50%)-3.6C,897.0,912.9590095195942
S208,4,b1c26,1,6C(40%)-3.6C,870.0,787.359817552372
S208,4,b1c27,1,6C(40%)-3.6C,842.0,816.0165359410166
S208,4,b1c36,1,7C(40%)-3C,704.0,726.74084638214
S208,4,b1c37,1,7C(40%)-3C,648.0,728.3915197606691
S208,5,b1c8,1,5.4C(40%)-3.6C,879.0,876.6824975243358
S208,5,b1c9,1,5.4C(40%)-3.6C,1054.0,905.7853230739569
S208,5,b1c22,1,6C(30%)-3.6C,891.0,854.2549344676356
S208,5,b1c23,1,6C(30%)-3.6C,1014.0,894.442776152458
S208,5,b1c38,1,7C(40%)-3.6C,617.0,624.5405716057106
S208,5,b1c39,1,7C(40%)-3.6C,625.0,651.8908199302103
S209,1,b1c3,1,4C(80%)-4C,1226.0,1090.020758202326
S209,1,b1c4,1,4C(80%)-4C,1227.0,1199.675163106637
S209,1,b1c20,1,5.4C(80%)-5.4C,534.0,602.5039752592322
S209,1,b1c21,1,5.4C(80%)-5.4C,559.0,595.6320079319959
S209,1,b1c32,1,6C(60%)-3C,731.0,725.3163799805665
S209,1,b1c33,1,6C(60%)-3C,757.0,732.9139508657446
S209,1,b1c44,1,8C(35%)-3.6C,616.0,628.3941933047612
S209,1,b1c45,1,8C(35%)-3.6C,599.0,627.5257416160365
S209,2,b1c6,1,4.8C(80%)-4.8C,636.0,798.969053980704
S209,2,b1c7,1,4.8C(80%)-4.8C,870.0,807.1304825918462
S209,2,b1c16,1,5.4C(60%)-3.6C,862.0,941.6485257139761
S209,2,b1c17,1,5.4C(60%)-3.6C,857.0,886.4691437066978
S209,2,b1c30,1,6C(50%)-3.6C,709.0,777.6100027112367
S209,2,b1c31,1,6C(50%)-3.6C,876.0,792.1825188363085
S209,2,b1c42,1,8C(25%)-3.6C,702.0,740.2918257382773
S209,2,b1c43,1,8C(25%)-3.6C,651.0,741.2254481829549
S209,3,b1c5,1,4.4C(80%)-4.4C,1074.0,960.6247706014932
S209,3,b1c10,1,5.4C(50%)-3C,906.0,905.3288562319719
S209,3,b1c11,1,5.4C(50%)-3C,788.0,960.4079832223546
S209,3,b1c24,1,6C(40%)-3C,1017.0,855.4669732693899
S209,3,b1c25,1,6C(40%)-3C,854.0,892.6875228836062
S209,3,b1c40,1,8C(15%)-3.6C,966.0,902.1509707813937
S209,3,b1c41,1,8C(15%)-3.6C,1051.0,910.0763772305393
S209,4,b1c12,1,5.4C(50%)-3.6C,902.0,940.9662227863864
S209,4,b1c13,1,5.4C(50%)-3.6C,897.0,908.6935253897756
S209,4,b1c26,1,6C(40%)-3.6C,870.0,792.9264024389704
S209,4,b1c27,1,6C(40%)-3.6C,842.0,820.244682329694
S209,4,b1c36,1,7C(40%)-3C,704.0,733.5072684246852
S209,4,b1c37,1,7C(40%)-3C,648.0,734.8876527486279
S209,5,b1c8,1,5.4C(40%)-3.6C,879.0,874.508874382673
S209,5,b1c9,1,5.4C(40%)-3.6C,1054.0,901.188747940008
S209,5,b1c22,1,6C(30%)-3.6C,891.0,854.6988428024576
S209,5,b1c23,1,6C(30%)-3.6C,1014.0,889.670985663434
S209,5,b1c38,1,7C(40%)-3.6C,617.0,632.5404331545883
S209,5,b1c39,1,7C(40%)-3.6C,625.0,659.0421058403517
S210,1,b1c3,1,4C(80%)-4C,1226.0,885.4533232255677
S210,1,b1c4,1,4C(80%)-4C,1227.0,906.4929992714428
S210,1,b1c20,1,5.4C(80%)-5.4C,534.0,782.8878151091269
S210,1,b1c21,1,5.4C(80%)-5.4C,559.0,781.374658402479
S210,1,b1c32,1,6C(60%)-3C,731.0,808.3180025740672
S210,1,b1c33,1,6C(60%)-3C,757.0,810.2259716134427
S210,1,b1c44,1,8C(35%)-3.6C,616.0,787.6941438605204
S210,1,b1c45,1,8C(35%)-3.6C,599.0,788.1083625455573
S210,2,b1c6,1,4.8C(80%)-4.8C,636.0,811.1746658378593
S210,2,b1c7,1,4.8C(80%)-4.8C,870.0,815.2988506144549
S210,2,b1c16,1,5.4C(60%)-3.6C,862.0,885.0238617499558
S210,2,b1c17,1,5.4C(60%)-3.6C,857.0,857.2205736136182
S210,2,b1c30,1,6C(50%)-3.6C,709.0,799.2829229667789
S210,2,b1c31,1,6C(50%)-3.6C,876.0,807.2371179530103
S210,2,b1c42,1,8C(25%)-3.6C,702.0,778.5013608710532
S210,2,b1c43,1,8C(25%)-3.6C,651.0,779.0281233965678
S210,3,b1c5,1,4.4C(80%)-4.4C,1074.0,865.062842430964
S210,3,b1c10,1,5.4C(50%)-3C,906.0,837.9942928931243
S210,3,b1c11,1,5.4C(50%)-3C,788.0,863.7935061323525
S210,3,b1c24,1,6C(40%)-3C,1017.0,815.2076868717016
S210,3,b1c25,1,6C(40%)-3C,854.0,833.2141442514674
S210,3,b1c40,1,8C(15%)-3.6C,966.0,837.9218723543929
S210,3,b1c41,1,8C(15%)-3.6C,1051.0,841.6169166290526
S210,4,b1c12,1,5.4C(50%)-3.6C,902.0,876.1522881636912
S210,4,b1c13,1,5.4C(50%)-3.6C,897.0,859.5158048812267
S210,4,b1c26,1,6C(40%)-3.6C,870.0,800.3710491830656
S210,4,b1c27,1,6C(40%)-3.6C,842.0,814.4205353379557
S210,4,b1c36,1,7C(40%)-3C,704.0,769.4702168914453
S210,4,b1c37,1,7C(40%)-3C,648.0,770.28110796531
S210,5,b1c8,1,5.4C(40%)-3.6C,879.0,836.97405352872
S210,5,b1c9,1,5.4C(40%)-3.6C,1054.0,849.1236599147568
S210,5,b1c22,1,6C(30%)-3.6C,891.0,827.5278117609689
S210,5,b1c23,1,6C(30%)-3.6C,1014.0,844.3162840184222
S210,5,b1c38,1,7C(40%)-3.6C,617.0,719.8514041049623
S210,5,b1c39,1,7C(40%)-3.6C,625.0,733.7048192667431
S211,1,b1c3,1,4C(80%)-4C,1226.0,831.4402759105707
S211,1,b1c4,1,4C(80%)-4C,1227.0,831.4402759105707
S211,1,b1c20,1,5.4C(80%)-5.4C,534.0,831.4402759105707
S211,1,b1c21,1,5.4C(80%)-5.4C,559.0,831.4402759105707
S211,1,b1c32,1,6C(60%)-3C,731.0,831.4402759105707
S211,1,b1c33,1,6C(60%)-3C,757.0,831.4402759105707
S211,1,b1c44,1,8C(35%)-3.6C,616.0,831.4402759105707
S211,1,b1c45,1,8C(35%)-3.6C,599.0,831.4402759105707
S211,2,b1c6,1,4.8C(80%)-4.8C,636.0,824.0766086979658
S211,2,b1c7,1,4.8C(80%)-4.8C,870.0,823.8844170286176
S211,2,b1c16,1,5.4C(60%)-3.6C,862.0,829.7846544566969
S211,2,b1c17,1,5.4C(60%)-3.6C,857.0,827.8582260242
S211,2,b1c30,1,6C(50%)-3.6C,709.0,822.4571683215497
S211,2,b1c31,1,6C(50%)-3.6C,876.0,823.1960102142057
S211,2,b1c42,1,8C(25%)-3.6C,702.0,820.3092171092568
S211,2,b1c43,1,8C(25%)-3.6C,651.0,820.3663726045805
S211,3,b1c5,1,4.4C(80%)-4.4C,1074.0,779.299946698614
S211,3,b1c10,1,5.4C(50%)-3C,906.0,779.299946698614
S211,3,b1c11,1,5.4C(50%)-3C,788.0,779.299946698614
S211,3,b1c24,1,6C(40%)-3C,1017.0,779.299946698614
S211,3,b1c25,1,6C(40%)-3C,854.0,779.299946698614
S211,3,b1c40,1,8C(15%)-3.6C,966.0,779.299946698614
S211,3,b1c41,1,8C(15%)-3.6C,1051.0,779.299946698614
S211,4,b1c12,1,5.4C(50%)-3.6C,902.0,813.2221224796995
S211,4,b1c13,1,5.4C(50%)-3.6C,897.0,812.6552945678133
S211,4,b1c26,1,6C(40%)-3.6C,870.0,810.8016371190456
S211,4,b1c27,1,6C(40%)-3.6C,842.0,811.2301122110023
S211,4,b1c36,1,7C(40%)-3C,704.0,809.8813298921511
S211,4,b1c37,1,7C(40%)-3C,648.0,809.913796618895
S211,5,b1c8,1,5.4C(40%)-3.6C,879.0,806.3277853958002
S211,5,b1c9,1,5.4C(40%)-3.6C,1054.0,806.3277853958002
S211,5,b1c22,1,6C(30%)-3.6C,891.0,806.3277853958002
S211,5,b1c23,1,6C(30%)-3.6C,1014.0,806.3277853958002
S211,5,b1c38,1,7C(40%)-3.6C,617.0,806.3277853958002
S211,5,b1c39,1,7C(40%)-3.6C,625.0,806.3277853958002
S212,1,b1c3,1,4C(80%)-4C,1226.0,831.4402759105707
S212,1,b1c4,1,4C(80%)-4C,1227.0,831.4402759105707
S212,1,b1c20,1,5.4C(80%)-5.4C,534.0,831.4402759105707
S212,1,b1c21,1,5.4C(80%)-5.4C,559.0,831.4402759105707
S212,1,b1c32,1,6C(60%)-3C,731.0,831.4402759105707
S212,1,b1c33,1,6C(60%)-3C,757.0,831.4402759105707
S212,1,b1c44,1,8C(35%)-3.6C,616.0,831.4402759105707
S212,1,b1c45,1,8C(35%)-3.6C,599.0,831.4402759105707
S212,2,b1c6,1,4.8C(80%)-4.8C,636.0,824.2234832028455
S212,2,b1c7,1,4.8C(80%)-4.8C,870.0,824.2234832028455
S212,2,b1c16,1,5.4C(60%)-3.6C,862.0,824.2234832028455
S212,2,b1c17,1,5.4C(60%)-3.6C,857.0,824.2234832028455
S212,2,b1c30,1,6C(50%)-3.6C,709.0,824.2234832028455
S212,2,b1c31,1,6C(50%)-3.6C,876.0,824.2234832028455
S212,2,b1c42,1,8C(25%)-3.6C,702.0,824.2234832028455
S212,2,b1c43,1,8C(25%)-3.6C,651.0,824.2234832028455
S212,3,b1c5,1,4.4C(80%)-4.4C,1074.0,779.299946698614
S212,3,b1c10,1,5.4C(50%)-3C,906.0,779.299946698614
S212,3,b1c11,1,5.4C(50%)-3C,788.0,779.299946698614
S212,3,b1c24,1,6C(40%)-3C,1017.0,779.299946698614
S212,3,b1c25,1,6C(40%)-3C,854.0,779.299946698614
S212,3,b1c40,1,8C(15%)-3.6C,966.0,779.299946698614
S212,3,b1c41,1,8C(15%)-3.6C,1051.0,779.299946698614
S212,4,b1c12,1,5.4C(50%)-3.6C,902.0,811.2682220413403
S212,4,b1c13,1,5.4C(50%)-3.6C,897.0,811.2682220413403
S212,4,b1c26,1,6C(40%)-3.6C,870.0,811.2682220413403
S212,4,b1c27,1,6C(40%)-3.6C,842.0,811.2682220413403
S212,4,b1c36,1,7C(40%)-3C,704.0,811.2682220413403
S212,4,b1c37,1,7C(40%)-3C,648.0,811.2682220413403
S212,5,b1c8,1,5.4C(40%)-3.6C,879.0,806.3277853958002
S212,5,b1c9,1,5.4C(40%)-3.6C,1054.0,806.3277853958002
S212,5,b1c22,1,6C(30%)-3.6C,891.0,806.3277853958002
S212,5,b1c23,1,6C(30%)-3.6C,1014.0,806.3277853958002
S212,5,b1c38,1,7C(40%)-3.6C,617.0,806.3277853958002
S212,5,b1c39,1,7C(40%)-3.6C,625.0,806.3277853958002
S213,1,b1c3,1,4C(80%)-4C,1226.0,831.4402759105707
S213,1,b1c4,1,4C(80%)-4C,1227.0,831.4402759105707
S213,1,b1c20,1,5.4C(80%)-5.4C,534.0,831.4402759105707
S213,1,b1c21,1,5.4C(80%)-5.4C,559.0,831.4402759105707
S213,1,b1c32,1,6C(60%)-3C,731.0,831.4402759105707
S213,1,b1c33,1,6C(60%)-3C,757.0,831.4402759105707
S213,1,b1c44,1,8C(35%)-3.6C,616.0,831.4402759105707
S213,1,b1c45,1,8C(35%)-3.6C,599.0,831.4402759105707
S213,2,b1c6,1,4.8C(80%)-4.8C,636.0,824.2234832028455
S213,2,b1c7,1,4.8C(80%)-4.8C,870.0,824.2234832028455
S213,2,b1c16,1,5.4C(60%)-3.6C,862.0,824.2234832028455
S213,2,b1c17,1,5.4C(60%)-3.6C,857.0,824.2234832028455
S213,2,b1c30,1,6C(50%)-3.6C,709.0,824.2234832028455
S213,2,b1c31,1,6C(50%)-3.6C,876.0,824.2234832028455
S213,2,b1c42,1,8C(25%)-3.6C,702.0,824.2234832028455
S213,2,b1c43,1,8C(25%)-3.6C,651.0,824.2234832028455
S213,3,b1c5,1,4.4C(80%)-4.4C,1074.0,779.299946698614
S213,3,b1c10,1,5.4C(50%)-3C,906.0,779.299946698614
S213,3,b1c11,1,5.4C(50%)-3C,788.0,779.299946698614
S213,3,b1c24,1,6C(40%)-3C,1017.0,779.299946698614
S213,3,b1c25,1,6C(40%)-3C,854.0,779.299946698614
S213,3,b1c40,1,8C(15%)-3.6C,966.0,779.299946698614
S213,3,b1c41,1,8C(15%)-3.6C,1051.0,779.299946698614
S213,4,b1c12,1,5.4C(50%)-3.6C,902.0,811.2682220413403
S213,4,b1c13,1,5.4C(50%)-3.6C,897.0,811.2682220413403
S213,4,b1c26,1,6C(40%)-3.6C,870.0,811.2682220413403
S213,4,b1c27,1,6C(40%)-3.6C,842.0,811.2682220413403
S213,4,b1c36,1,7C(40%)-3C,704.0,811.2682220413403
S213,4,b1c37,1,7C(40%)-3C,648.0,811.2682220413403
S213,5,b1c8,1,5.4C(40%)-3.6C,879.0,806.3277853958002
S213,5,b1c9,1,5.4C(40%)-3.6C,1054.0,806.3277853958002
S213,5,b1c22,1,6C(30%)-3.6C,891.0,806.3277853958002
S213,5,b1c23,1,6C(30%)-3.6C,1014.0,806.3277853958002
S213,5,b1c38,1,7C(40%)-3.6C,617.0,806.3277853958002
S213,5,b1c39,1,7C(40%)-3.6C,625.0,806.3277853958002
S214,1,b1c3,1,4C(80%)-4C,1226.0,831.4402759105707
S214,1,b1c4,1,4C(80%)-4C,1227.0,831.4402759105707
S214,1,b1c20,1,5.4C(80%)-5.4C,534.0,831.4402759105707
S214,1,b1c21,1,5.4C(80%)-5.4C,559.0,831.4402759105707
S214,1,b1c32,1,6C(60%)-3C,731.0,831.4402759105707
S214,1,b1c33,1,6C(60%)-3C,757.0,831.4402759105707
S214,1,b1c44,1,8C(35%)-3.6C,616.0,831.4402759105707
S214,1,b1c45,1,8C(35%)-3.6C,599.0,831.4402759105707
S214,2,b1c6,1,4.8C(80%)-4.8C,636.0,824.2234832028455
S214,2,b1c7,1,4.8C(80%)-4.8C,870.0,824.2234832028455
S214,2,b1c16,1,5.4C(60%)-3.6C,862.0,824.2234832028455
S214,2,b1c17,1,5.4C(60%)-3.6C,857.0,824.2234832028455
S214,2,b1c30,1,6C(50%)-3.6C,709.0,824.2234832028455
S214,2,b1c31,1,6C(50%)-3.6C,876.0,824.2234832028455
S214,2,b1c42,1,8C(25%)-3.6C,702.0,824.2234832028455
S214,2,b1c43,1,8C(25%)-3.6C,651.0,824.2234832028455
S214,3,b1c5,1,4.4C(80%)-4.4C,1074.0,779.299946698614
S214,3,b1c10,1,5.4C(50%)-3C,906.0,779.299946698614
S214,3,b1c11,1,5.4C(50%)-3C,788.0,779.299946698614
S214,3,b1c24,1,6C(40%)-3C,1017.0,779.299946698614
S214,3,b1c25,1,6C(40%)-3C,854.0,779.299946698614
S214,3,b1c40,1,8C(15%)-3.6C,966.0,779.299946698614
S214,3,b1c41,1,8C(15%)-3.6C,1051.0,779.299946698614
S214,4,b1c12,1,5.4C(50%)-3.6C,902.0,811.2682220413403
S214,4,b1c13,1,5.4C(50%)-3.6C,897.0,811.2682220413403
S214,4,b1c26,1,6C(40%)-3.6C,870.0,811.2682220413403
S214,4,b1c27,1,6C(40%)-3.6C,842.0,811.2682220413403
S214,4,b1c36,1,7C(40%)-3C,704.0,811.2682220413403
S214,4,b1c37,1,7C(40%)-3C,648.0,811.2682220413403
S214,5,b1c8,1,5.4C(40%)-3.6C,879.0,806.3277853958002
S214,5,b1c9,1,5.4C(40%)-3.6C,1054.0,806.3277853958002
S214,5,b1c22,1,6C(30%)-3.6C,891.0,806.3277853958002
S214,5,b1c23,1,6C(30%)-3.6C,1014.0,806.3277853958002
S214,5,b1c38,1,7C(40%)-3.6C,617.0,806.3277853958002
S214,5,b1c39,1,7C(40%)-3.6C,625.0,806.3277853958002
S215,1,b1c3,1,4C(80%)-4C,1226.0,1275.0863021774214
S215,1,b1c4,1,4C(80%)-4C,1227.0,1322.5297305904942
S215,1,b1c20,1,5.4C(80%)-5.4C,534.0,502.0331353111344
S215,1,b1c21,1,5.4C(80%)-5.4C,559.0,504.05193894013007
S215,1,b1c32,1,6C(60%)-3C,731.0,693.3393604653818
S215,1,b1c33,1,6C(60%)-3C,757.0,677.7233856376531
S215,1,b1c44,1,8C(35%)-3.6C,616.0,624.2921136827146
S215,1,b1c45,1,8C(35%)-3.6C,599.0,585.7232652818258
S215,2,b1c6,1,4.8C(80%)-4.8C,636.0,701.222015705265
S215,2,b1c7,1,4.8C(80%)-4.8C,870.0,831.2364058888185
S215,2,b1c16,1,5.4C(60%)-3.6C,862.0,965.4891017530852
S215,2,b1c17,1,5.4C(60%)-3.6C,857.0,916.3167852005724
S215,2,b1c30,1,6C(50%)-3.6C,709.0,806.6571807549067
S215,2,b1c31,1,6C(50%)-3.6C,876.0,892.130060264274
S215,2,b1c42,1,8C(25%)-3.6C,702.0,734.6855405588032
S215,2,b1c43,1,8C(25%)-3.6C,651.0,791.4065626831203
S215,3,b1c5,1,4.4C(80%)-4.4C,1074.0,1009.1449330879539
S215,3,b1c10,1,5.4C(50%)-3C,906.0,907.6475997486508
S215,3,b1c11,1,5.4C(50%)-3C,788.0,902.0649519384705
S215,3,b1c24,1,6C(40%)-3C,1017.0,857.6457664541653
S215,3,b1c25,1,6C(40%)-3C,854.0,890.6866889329301
S215,3,b1c40,1,8C(15%)-3.6C,966.0,940.1048598019947
S215,3,b1c41,1,8C(15%)-3.6C,1051.0,936.6354480268942
S215,4,b1c12,1,5.4C(50%)-3.6C,902.0,898.9691050453147
S215,4,b1c13,1,5.4C(50%)-3.6C,897.0,931.0884490508442
S215,4,b1c26,1,6C(40%)-3.6C,870.0,804.0044736646629
S215,4,b1c27,1,6C(40%)-3.6C,842.0,808.5801709100824
S215,4,b1c36,1,7C(40%)-3C,704.0,814.3717287406489
S215,4,b1c37,1,7C(40%)-3C,648.0,774.9701914248785
S215,5,b1c8,1,5.4C(40%)-3.6C,879.0,916.4321487873067
S215,5,b1c9,1,5.4C(40%)-3.6C,1054.0,881.2225983197219
S215,5,b1c22,1,6C(30%)-3.6C,891.0,881.9660342082597
S215,5,b1c23,1,6C(30%)-3.6C,1014.0,963.4161682977139
S215,5,b1c38,1,7C(40%)-3.6C,617.0,540.2098020840613
S215,5,b1c39,1,7C(40%)-3.6C,625.0,581.8546133022736
S216,1,b1c3,1,4C(80%)-4C,1226.0,1285.2292720222222
S216,1,b1c4,1,4C(80%)-4C,1227.0,1338.8905986872576
S216,1,b1c20,1,5.4C(80%)-5.4C,534.0,516.3083645833402
S216,1,b1c21,1,5.4C(80%)-5.4C,559.0,515.8088161691129
S216,1,b1c32,1,6C(60%)-3C,731.0,693.0867426565885
S216,1,b1c33,1,6C(60%)-3C,757.0,678.4753740906374
S216,1,b1c44,1,8C(35%)-3.6C,616.0,629.2333518072413
S216,1,b1c45,1,8C(35%)-3.6C,599.0,590.992209232009
S216,2,b1c6,1,4.8C(80%)-4.8C,636.0,696.5711802265397
S216,2,b1c7,1,4.8C(80%)-4.8C,870.0,832.1879574782305
S216,2,b1c16,1,5.4C(60%)-3.6C,862.0,967.3403010383807
S216,2,b1c17,1,5.4C(60%)-3.6C,857.0,917.882656212224
S216,2,b1c30,1,6C(50%)-3.6C,709.0,810.0726929932487
S216,2,b1c31,1,6C(50%)-3.6C,876.0,895.1950425517894
S216,2,b1c42,1,8C(25%)-3.6C,702.0,733.596918971645
S216,2,b1c43,1,8C(25%)-3.6C,651.0,793.7234513471716
S216,3,b1c5,1,4.4C(80%)-4.4C,1074.0,1008.5355297703162
S216,3,b1c10,1,5.4C(50%)-3C,906.0,906.0375179670718
S216,3,b1c11,1,5.4C(50%)-3C,788.0,898.1985624619391
S216,3,b1c24,1,6C(40%)-3C,1017.0,855.6935951110285
S216,3,b1c25,1,6C(40%)-3C,854.0,890.0155317261105
S216,3,b1c40,1,8C(15%)-3.6C,966.0,940.8267396637731
S216,3,b1c41,1,8C(15%)-3.6C,1051.0,936.3403022864935
S216,4,b1c12,1,5.4C(50%)-3.6C,902.0,901.0308779645801
S216,4,b1c13,1,5.4C(50%)-3.6C,897.0,931.708759228962
S216,4,b1c26,1,6C(40%)-3.6C,870.0,804.2678288343467
S216,4,b1c27,1,6C(40%)-3.6C,842.0,809.9299090479064
S216,4,b1c36,1,7C(40%)-3C,704.0,812.0632582839256
S216,4,b1c37,1,7C(40%)-3C,648.0,773.2892388434644
S216,5,b1c8,1,5.4C(40%)-3.6C,879.0,916.5208258798834
S216,5,b1c9,1,5.4C(40%)-3.6C,1054.0,879.6787059010569
S216,5,b1c22,1,6C(30%)-3.6C,891.0,882.4387192323596
S216,5,b1c23,1,6C(30%)-3.6C,1014.0,964.674286071969
S216,5,b1c38,1,7C(40%)-3.6C,617.0,536.9266821217795
S216,5,b1c39,1,7C(40%)-3.6C,625.0,578.8457534756681
S217,1,b1c3,1,4C(80%)-4C,1226.0,1301.7834900627497
S217,1,b1c4,1,4C(80%)-4C,1227.0,1365.9445719265282
S217,1,b1c20,1,5.4C(80%)-5.4C,534.0,540.5913443661747
S217,1,b1c21,1,5.4C(80%)-5.4C,559.0,535.9432725929667
S217,1,b1c32,1,6C(60%)-3C,731.0,692.7477853019998
S217,1,b1c33,1,6C(60%)-3C,757.0,679.8277165575672
S217,1,b1c44,1,8C(35%)-3.6C,616.0,637.83242406782
S217,1,b1c45,1,8C(35%)-3.6C,599.0,600.535511416477
S217,2,b1c6,1,4.8C(80%)-4.8C,636.0,692.009382879246
S217,2,b1c7,1,4.8C(80%)-4.8C,870.0,833.8721605034328
S217,2,b1c16,1,5.4C(60%)-3.6C,862.0,969.6024900981677
S217,2,b1c17,1,5.4C(60%)-3.6C,857.0,920.2366008635051
S217,2,b1c30,1,6C(50%)-3.6C,709.0,814.2568300319377
S217,2,b1c31,1,6C(50%)-3.6C,876.0,899.878834346187
S217,2,b1c42,1,8C(25%)-3.6C,702.0,732.3284553478322
S217,2,b1c43,1,8C(25%)-3.6C,651.0,796.5500358346927
S217,3,b1c5,1,4.4C(80%)-4.4C,1074.0,1007.8916388725817
S217,3,b1c10,1,5.4C(50%)-3C,906.0,903.8937046546216
S217,3,b1c11,1,5.4C(50%)-3C,788.0,894.2167170404905
S217,3,b1c24,1,6C(40%)-3C,1017.0,853.2698810425611
S217,3,b1c25,1,6C(40%)-3C,854.0,889.1347158730033
S217,3,b1c40,1,8C(15%)-3.6C,966.0,941.2831770155958
S217,3,b1c41,1,8C(15%)-3.6C,1051.0,935.8566740179926
S217,4,b1c12,1,5.4C(50%)-3.6C,902.0,903.4510026999396
S217,4,b1c13,1,5.4C(50%)-3.6C,897.0,932.3049654623997
S217,4,b1c26,1,6C(40%)-3.6C,870.0,804.4004753970962
S217,4,b1c27,1,6C(40%)-3.6C,842.0,811.2921995527846
S217,4,b1c36,1,7C(40%)-3C,704.0,809.4036386261395
S217,4,b1c37,1,7C(40%)-3C,648.0,771.4003799153786
S217,5,b1c8,1,5.4C(40%)-3.6C,879.0,916.7181127074217
S217,5,b1c9,1,5.4C(40%)-3.6C,1054.0,877.9284096152284
S217,5,b1c22,1,6C(30%)-3.6C,891.0,883.1001521388555
S217,5,b1c23,1,6C(30%)-3.6C,1014.0,966.1685877570977
S217,5,b1c38,1,7C(40%)-3.6C,617.0,533.0830646342827
S217,5,b1c39,1,7C(40%)-3.6C,625.0,575.3285830898046
S218,1,b1c3,1,4C(80%)-4C,1226.0,1225.9222274796527
S218,1,b1c4,1,4C(80%)-4C,1227.0,1252.9010629495097
S218,1,b1c20,1,5.4C(80%)-5.4C,534.0,460.1637997867383
S218,1,b1c21,1,5.4C(80%)-5.4C,559.0,472.56534601693477
S218,1,b1c32,1,6C(60%)-3C,731.0,696.9916870293595
S218,1,b1c33,1,6C(60%)-3C,757.0,678.2872408355398
S218,1,b1c44,1,8C(35%)-3.6C,616.0,613.5524191356867
S218,1,b1c45,1,8C(35%)-3.6C,599.0,582.0457346892338
S218,2,b1c6,1,4.8C(80%)-4.8C,636.0,758.875941079218
S218,2,b1c7,1,4.8C(80%)-4.8C,870.0,829.0639842067218
S218,2,b1c16,1,5.4C(60%)-3.6C,862.0,946.6890196537488
S218,2,b1c17,1,5.4C(60%)-3.6C,857.0,906.6300630794528
S218,2,b1c30,1,6C(50%)-3.6C,709.0,776.1118189945146
S218,2,b1c31,1,6C(50%)-3.6C,876.0,875.7042345566075
S218,2,b1c42,1,8C(25%)-3.6C,702.0,747.0910529090047
S218,2,b1c43,1,8C(25%)-3.6C,651.0,771.5610493669037
S218,3,b1c5,1,4.4C(80%)-4.4C,1074.0,1013.8798592718945
S218,3,b1c10,1,5.4C(50%)-3C,906.0,916.6072664387664
S218,3,b1c11,1,5.4C(50%)-3C,788.0,947.3559887122922
S218,3,b1c24,1,6C(40%)-3C,1017.0,872.5814157218316
S218,3,b1c25,1,6C(40%)-3C,854.0,894.2816215501108
S218,3,b1c40,1,8C(15%)-3.6C,966.0,924.5002182868545
S218,3,b1c41,1,8C(15%)-3.6C,1051.0,935.4385264718516
S218,4,b1c12,1,5.4C(50%)-3.6C,902.0,882.7050727449389
S218,4,b1c13,1,5.4C(50%)-3.6C,897.0,922.9442808874863
S218,4,b1c26,1,6C(40%)-3.6C,870.0,798.9048113888058
S218,4,b1c27,1,6C(40%)-3.6C,842.0,793.8632814498776
S218,4,b1c36,1,7C(40%)-3C,704.0,833.5395549110376
S218,4,b1c37,1,7C(40%)-3C,648.0,790.6143037713189
S218,5,b1c8,1,5.4C(40%)-3.6C,879.0,916.4265846054092
S218,5,b1c9,1,5.4C(40%)-3.6C,1054.0,897.6005685308046
S218,5,b1c22,1,6C(30%)-3.6C,891.0,878.8355543685911
S218,5,b1c23,1,6C(30%)-3.6C,1014.0,949.5651088598457
S218,5,b1c38,1,7C(40%)-3.6C,617.0,575.9326311923742
S218,5,b1c39,1,7C(40%)-3.6C,625.0,614.6442691143095
S219,1,b1c3,1,4C(80%)-4C,1226.0,1240.595803892447
S219,1,b1c4,1,4C(80%)-4C,1227.0,1271.4645957862947
S219,1,b1c20,1,5.4C(80%)-5.4C,534.0,465.790753832891
S219,1,b1c21,1,5.4C(80%)-5.4C,559.0,475.84417657914435
S219,1,b1c32,1,6C(60%)-3C,731.0,695.2757758629034
S219,1,b1c33,1,6C(60%)-3C,757.0,677.0128181230967
S219,1,b1c44,1,8C(35%)-3.6C,616.0,613.7396760502666
S219,1,b1c45,1,8C(35%)-3.6C,599.0,578.4898940246053
S219,2,b1c6,1,4.8C(80%)-4.8C,636.0,738.7150423631082
S219,2,b1c7,1,4.8C(80%)-4.8C,870.0,829.3479127377385
S219,2,b1c16,1,5.4C(60%)-3.6C,862.0,953.7136834887979
S219,2,b1c17,1,5.4C(60%)-3.6C,857.0,909.8341561499359
S219,2,b1c30,1,6C(50%)-3.6C,709.0,786.0306785089917
S219,2,b1c31,1,6C(50%)-3.6C,876.0,880.1171102872976
S219,2,b1c42,1,8C(25%)-3.6C,702.0,742.3593153251231
S219,2,b1c43,1,8C(25%)-3.6C,651.0,777.4828788052946
S219,3,b1c5,1,4.4C(80%)-4.4C,1074.0,1013.074965295906
S219,3,b1c10,1,5.4C(50%)-3C,906.0,914.5154238547672
S219,3,b1c11,1,5.4C(50%)-3C,788.0,932.190612303644
S219,3,b1c24,1,6C(40%)-3C,1017.0,868.0488999143653
S219,3,b1c25,1,6C(40%)-3C,854.0,893.5156372158526
S219,3,b1c40,1,8C(15%)-3.6C,966.0,930.6586240417921
S219,3,b1c41,1,8C(15%)-3.6C,1051.0,936.440732542246
S219,4,b1c12,1,5.4C(50%)-3.6C,902.0,887.2716044320013
S219,4,b1c13,1,5.4C(50%)-3.6C,897.0,925.9090208860314
S219,4,b1c26,1,6C(40%)-3.6C,870.0,800.6761642219716
S219,4,b1c27,1,6C(40%)-3.6C,842.0,798.4868251680157
S219,4,b1c36,1,7C(40%)-3C,704.0,828.0374689546129
S219,4,b1c37,1,7C(40%)-3C,648.0,785.7031167215384
S219,5,b1c8,1,5.4C(40%)-3.6C,879.0,916.5099151389467
S219,5,b1c9,1,5.4C(40%)-3.6C,1054.0,891.9602935662543
S219,5,b1c22,1,6C(30%)-3.6C,891.0,879.8139169798427
S219,5,b1c23,1,6C(30%)-3.6C,1014.0,954.7789578733452
S219,5,b1c38,1,7C(40%)-3.6C,617.0,562.6747183490564
S219,5,b1c39,1,7C(40%)-3.6C,625.0,602.5008834994492
S220,1,b1c3,1,4C(80%)-4C,1226.0,1272.4125434150817
S220,1,b1c4,1,4C(80%)-4C,1227.0,1318.8985902970735
S220,1,b1c20,1,5.4C(80%)-5.4C,534.0,499.2454143498347
S220,1,b1c21,1,5.4C(80%)-5.4C,559.0,502.0327916427942
S220,1,b1c32,1,6C(60%)-3C,731.0,693.5326052570467
S220,1,b1c33,1,6C(60%)-3C,757.0,677.7786013718018
S220,1,b1c44,1,8C(35%)-3.6C,616.0,623.3905150487851
S220,1,b1c45,1,8C(35%)-3.6C,599.0,585.13985359786
S220,2,b1c6,1,4.8C(80%)-4.8C,636.0,703.5480114145355
S220,2,b1c7,1,4.8C(80%)-4.8C,870.0,830.5086007546096
S220,2,b1c16,1,5.4C(60%)-3.6C,862.0,964.2618536150591
S220,2,b1c17,1,5.4C(60%)-3.6C,857.0,915.2253397948962
S220,2,b1c30,1,6C(50%)-3.6C,709.0,804.8118389257514
S220,2,b1c31,1,6C(50%)-3.6C,876.0,890.1865445183114
S220,2,b1c42,1,8C(25%)-3.6C,702.0,735.2989380469209
S220,2,b1c43,1,8C(25%)-3.6C,651.0,790.2803145391036
S220,3,b1c5,1,4.4C(80%)-4.4C,1074.0,1009.5403819405805
S220,3,b1c10,1,5.4C(50%)-3C,906.0,907.9271792200108
S220,3,b1c11,1,5.4C(50%)-3C,788.0,904.5927420813814
S220,3,b1c24,1,6C(40%)-3C,1017.0,858.058088150635
S220,3,b1c25,1,6C(40%)-3C,854.0,890.7240613475727
S220,3,b1c40,1,8C(15%)-3.6C,966.0,939.0683884291188
S220,3,b1c41,1,8C(15%)-3.6C,1051.0,936.3997376258001
S220,4,b1c12,1,5.4C(50%)-3.6C,902.0,898.5002769958714
S220,4,b1c13,1,5.4C(50%)-3.6C,897.0,930.7307066625758
S220,4,b1c26,1,6C(40%)-3.6C,870.0,803.6259711715526
S220,4,b1c27,1,6C(40%)-3.6C,842.0,807.8320480247193
S220,4,b1c36,1,7C(40%)-3C,704.0,814.998776303944
S220,4,b1c37,1,7C(40%)-3C,648.0,775.5252100426774
S220,5,b1c8,1,5.4C(40%)-3.6C,879.0,916.2926251062914
S220,5,b1c9,1,5.4C(40%)-3.6C,1054.0,882.0267742845558
S220,5,b1c22,1,6C(30%)-3.6C,891.0,881.6486829380226
S220,5,b1c23,1,6C(30%)-3.6C,1014.0,962.6513540333342
S220,5,b1c38,1,7C(40%)-3.6C,617.0,541.8902042787073
S220,5,b1c39,1,7C(40%)-3.6C,625.0,583.4158860400547
S221,1,b1c3,1,4C(80%)-4C,1226.0,1092.7045830409277
S221,1,b1c4,1,4C(80%)-4C,1227.0,1116.3598540000207
S221,1,b1c20,1,5.4C(80%)-5.4C,534.0,529.6449836943855
S221,1,b1c21,1,5.4C(80%)-5.4C,559.0,542.8007217388769
S221,1,b1c32,1,6C(60%)-3C,731.0,730.3505003943925
S221,1,b1c33,1,6C(60%)-3C,757.0,718.5012786146389
S221,1,b1c44,1,8C(35%)-3.6C,616.0,651.0810635344362
S221,1,b1c45,1,8C(35%)-3.6C,599.0,647.167516942716
S221,2,b1c6,1,4.8C(80%)-4.8C,636.0,814.7040620310936
S221,2,b1c7,1,4.8C(80%)-4.8C,870.0,827.9016242214311
S221,2,b1c16,1,5.4C(60%)-3.6C,862.0,911.2612480273659
S221,2,b1c17,1,5.4C(60%)-3.6C,857.0,887.2470332255799
S221,2,b1c30,1,6C(50%)-3.6C,709.0,765.3441477890005
S221,2,b1c31,1,6C(50%)-3.6C,876.0,854.1394430978903
S221,2,b1c42,1,8C(25%)-3.6C,702.0,780.4689236978604
S221,2,b1c43,1,8C(25%)-3.6C,651.0,774.2522308725928
S221,3,b1c5,1,4.4C(80%)-4.4C,1074.0,975.0821487513016
S221,3,b1c10,1,5.4C(50%)-3C,906.0,905.1311959344745
S221,3,b1c11,1,5.4C(50%)-3C,788.0,953.645147804676
S221,3,b1c24,1,6C(40%)-3C,1017.0,873.7087550371922
S221,3,b1c25,1,6C(40%)-3C,854.0,882.2625439676327
S221,3,b1c40,1,8C(15%)-3.6C,966.0,891.1094210771977
S221,3,b1c41,1,8C(15%)-3.6C,1051.0,911.7562603821951
S221,4,b1c12,1,5.4C(50%)-3.6C,902.0,878.5819628796363
S221,4,b1c13,1,5.4C(50%)-3.6C,897.0,902.8373807325219
S221,4,b1c26,1,6C(40%)-3.6C,870.0,801.7997466577401
S221,4,b1c27,1,6C(40%)-3.6C,842.0,797.295523475573
S221,4,b1c36,1,7C(40%)-3C,704.0,834.1857101435515
S221,4,b1c37,1,7C(40%)-3C,648.0,803.8462259386773
S221,5,b1c8,1,5.4C(40%)-3.6C,879.0,899.5662738201775
S221,5,b1c9,1,5.4C(40%)-3.6C,1054.0,902.7883397519652
S221,5,b1c22,1,6C(30%)-3.6C,891.0,867.5947895142302
S221,5,b1c23,1,6C(30%)-3.6C,1014.0,910.949938614484
S221,5,b1c38,1,7C(40%)-3.6C,617.0,659.3418124418913
S221,5,b1c39,1,7C(40%)-3.6C,625.0,688.4794984052934
S222,1,b1c3,1,4C(80%)-4C,1226.0,1137.5649225346979
S222,1,b1c4,1,4C(80%)-4C,1227.0,1161.318756738277
S222,1,b1c20,1,5.4C(80%)-5.4C,534.0,490.4972341132958
S222,1,b1c21,1,5.4C(80%)-5.4C,559.0,506.6626508490677
S222,1,b1c32,1,6C(60%)-3C,731.0,716.2066651477855
S222,1,b1c33,1,6C(60%)-3C,757.0,701.2306582988721
S222,1,b1c44,1,8C(35%)-3.6C,616.0,632.0914201209731
S222,1,b1c45,1,8C(35%)-3.6C,599.0,622.075144666887
S222,2,b1c6,1,4.8C(80%)-4.8C,636.0,807.9727974476169
S222,2,b1c7,1,4.8C(80%)-4.8C,870.0,827.8297252544379
S222,2,b1c16,1,5.4C(60%)-3.6C,862.0,921.0437388645331
S222,2,b1c17,1,5.4C(60%)-3.6C,857.0,893.0961411704523
S222,2,b1c30,1,6C(50%)-3.6C,709.0,760.723012043438
S222,2,b1c31,1,6C(50%)-3.6C,876.0,859.3882609514262
S222,2,b1c42,1,8C(25%)-3.6C,702.0,769.2337623321367
S222,2,b1c43,1,8C(25%)-3.6C,651.0,767.2178120481839
S222,3,b1c5,1,4.4C(80%)-4.4C,1074.0,994.1578780129796
S222,3,b1c10,1,5.4C(50%)-3C,906.0,912.6706690982072
S222,3,b1c11,1,5.4C(50%)-3C,788.0,964.5786063352089
S222,3,b1c24,1,6C(40%)-3C,1017.0,877.4515763377856
S222,3,b1c25,1,6C(40%)-3C,854.0,888.6773649296063
S222,3,b1c40,1,8C(15%)-3.6C,966.0,901.1352954060417
S222,3,b1c41,1,8C(15%)-3.6C,1051.0,922.1227376848892
S222,4,b1c12,1,5.4C(50%)-3.6C,902.0,879.4895111673318
S222,4,b1c13,1,5.4C(50%)-3.6C,897.0,910.3263697114573
S222,4,b1c26,1,6C(40%)-3.6C,870.0,798.6939652522635
S222,4,b1c27,1,6C(40%)-3.6C,842.0,792.3318996345091
S222,4,b1c36,1,7C(40%)-3C,704.0,835.9712169801237
S222,4,b1c37,1,7C(40%)-3C,648.0,800.4215729930162
S222,5,b1c8,1,5.4C(40%)-3.6C,879.0,907.5109072990306
S222,5,b1c9,1,5.4C(40%)-3.6C,1054.0,907.071996611428
S222,5,b1c22,1,6C(30%)-3.6C,891.0,872.1279522647611
S222,5,b1c23,1,6C(30%)-3.6C,1014.0,923.4803261117355
S222,5,b1c38,1,7C(40%)-3.6C,617.0,633.4610717411936
S222,5,b1c39,1,7C(40%)-3.6C,625.0,666.1142784900667
S223,1,b1c3,1,4C(80%)-4C,1226.0,1215.534219496418
S223,1,b1c4,1,4C(80%)-4C,1227.0,1243.4431760696648
S223,1,b1c20,1,5.4C(80%)-5.4C,534.0,457.985139922816
S223,1,b1c21,1,5.4C(80%)-5.4C,559.0,473.35129291475505
S223,1,b1c32,1,6C(60%)-3C,731.0,698.782938367445
S223,1,b1c33,1,6C(60%)-3C,757.0,680.5079562363459
S223,1,b1c44,1,8C(35%)-3.6C,616.0,613.3969797015621
S223,1,b1c45,1,8C(35%)-3.6C,599.0,585.5985210491515
S223,2,b1c6,1,4.8C(80%)-4.8C,636.0,772.1583856429966
S223,2,b1c7,1,4.8C(80%)-4.8C,870.0,830.7004547367493
S223,2,b1c16,1,5.4C(60%)-3.6C,862.0,947.7485330862398
S223,2,b1c17,1,5.4C(60%)-3.6C,857.0,908.2170731458804
S223,2,b1c30,1,6C(50%)-3.6C,709.0,773.4701026545838
S223,2,b1c31,1,6C(50%)-3.6C,876.0,871.8125200067129
S223,2,b1c42,1,8C(25%)-3.6C,702.0,748.954166706011
S223,2,b1c43,1,8C(25%)-3.6C,651.0,766.6024053011674
S223,3,b1c5,1,4.4C(80%)-4.4C,1074.0,1014.6873475937412
S223,3,b1c10,1,5.4C(50%)-3C,906.0,917.0014412209551
S223,3,b1c11,1,5.4C(50%)-3C,788.0,958.3861457860645
S223,3,b1c24,1,6C(40%)-3C,1017.0,873.1882344328918
S223,3,b1c25,1,6C(40%)-3C,854.0,893.6860472603029
S223,3,b1c40,1,8C(15%)-3.6C,966.0,918.6401812227101
S223,3,b1c41,1,8C(15%)-3.6C,1051.0,933.2205523561449
S223,4,b1c12,1,5.4C(50%)-3.6C,902.0,882.740690892467
S223,4,b1c13,1,5.4C(50%)-3.6C,897.0,921.6711843456943
S223,4,b1c26,1,6C(40%)-3.6C,870.0,797.5947913864533
S223,4,b1c27,1,6C(40%)-3.6C,842.0,791.8291203763862
S223,4,b1c36,1,7C(40%)-3C,704.0,833.9922957862054
S223,4,b1c37,1,7C(40%)-3C,648.0,791.7884971111479
S223,5,b1c8,1,5.4C(40%)-3.6C,879.0,915.6633804922892
S223,5,b1c9,1,5.4C(40%)-3.6C,1054.0,901.037655036617
S223,5,b1c22,1,6C(30%)-3.6C,891.0,877.6968401258998
S223,5,b1c23,1,6C(30%)-3.6C,1014.0,945.6724233244543
S223,5,b1c38,1,7C(40%)-3.6C,617.0,583.4104141640157
S223,5,b1c39,1,7C(40%)-3.6C,625.0,621.6615288949436
S224,1,b1c3,1,4C(80%)-4C,1226.0,910.2436649311894
S224,1,b1c4,1,4C(80%)-4C,1227.0,920.8330889421449
S224,1,b1c20,1,5.4C(80%)-5.4C,534.0,746.1329716503411
S224,1,b1c21,1,5.4C(80%)-5.4C,559.0,749.8504010684692
S224,1,b1c32,1,6C(60%)-3C,731.0,808.6283666517177
S224,1,b1c33,1,6C(60%)-3C,757.0,806.3938961252311
S224,1,b1c44,1,8C(35%)-3.6C,616.0,779.4290441368478
S224,1,b1c45,1,8C(35%)-3.6C,599.0,782.2788090478341
S224,2,b1c6,1,4.8C(80%)-4.8C,636.0,833.9763610962483
S224,2,b1c7,1,4.8C(80%)-4.8C,870.0,837.8645822684398
S224,2,b1c16,1,5.4C(60%)-3.6C,862.0,867.161343474037
S224,2,b1c17,1,5.4C(60%)-3.6C,857.0,859.2633637496581
S224,2,b1c30,1,6C(50%)-3.6C,709.0,817.7010650033932
S224,2,b1c31,1,6C(50%)-3.6C,876.0,843.9829633419171
S224,2,b1c42,1,8C(25%)-3.6C,702.0,827.7901044568471
S224,2,b1c43,1,8C(25%)-3.6C,651.0,822.8769033972255
S224,3,b1c5,1,4.4C(80%)-4.4C,1074.0,855.6055201459524
S224,3,b1c10,1,5.4C(50%)-3C,906.0,838.3249134605296
S224,3,b1c11,1,5.4C(50%)-3C,788.0,850.5432641991908
S224,3,b1c24,1,6C(40%)-3C,1017.0,827.1546832362659
S224,3,b1c25,1,6C(40%)-3C,854.0,829.3031285199526
S224,3,b1c40,1,8C(15%)-3.6C,966.0,831.5858101119728
S224,3,b1c41,1,8C(15%)-3.6C,1051.0,838.4638458772123
S224,4,b1c12,1,5.4C(50%)-3.6C,902.0,851.7888390417157
S224,4,b1c13,1,5.4C(50%)-3.6C,897.0,856.0546481313071
S224,4,b1c26,1,6C(40%)-3.6C,870.0,822.8462447183912
S224,4,b1c27,1,6C(40%)-3.6C,842.0,823.2039869892229
S224,4,b1c36,1,7C(40%)-3C,704.0,831.823379145831
S224,4,b1c37,1,7C(40%)-3C,648.0,823.6283735654736
S224,5,b1c8,1,5.4C(40%)-3.6C,879.0,849.6080230102898
S224,5,b1c9,1,5.4C(40%)-3.6C,1054.0,853.0945037323396
S224,5,b1c22,1,6C(30%)-3.6C,891.0,839.707554735751
S224,5,b1c23,1,6C(30%)-3.6C,1014.0,851.598668287958
S224,5,b1c38,1,7C(40%)-3.6C,617.0,775.2729421876894
S224,5,b1c39,1,7C(40%)-3.6C,625.0,784.6618761576589
S225,1,b1c3,1,4C(80%)-4C,1226.0,940.9165776396457
S225,1,b1c4,1,4C(80%)-4C,1227.0,956.0921142989248
S225,1,b1c20,1,5.4C(80%)-5.4C,534.0,703.1399167614347
S225,1,b1c21,1,5.4C(80%)-5.4C,559.0,709.5975552042274
S225,1,b1c32,1,6C(60%)-3C,731.0,793.8625777380399
S225,1,b1c33,1,6C(60%)-3C,757.0,790.5180231120088
S225,1,b1c44,1,8C(35%)-3.6C,616.0,752.8292654979376
S225,1,b1c45,1,8C(35%)-3.6C,599.0,755.9730858193045
S225,2,b1c6,1,4.8C(80%)-4.8C,636.0,829.3282315303677
S225,2,b1c7,1,4.8C(80%)-4.8C,870.0,834.5076664368593
S225,2,b1c16,1,5.4C(60%)-3.6C,862.0,876.4804491032356
S225,2,b1c17,1,5.4C(60%)-3.6C,857.0,864.9431568383773
S225,2,b1c30,1,6C(50%)-3.6C,709.0,805.4687191478392
S225,2,b1c31,1,6C(50%)-3.6C,876.0,843.5171747434587
S225,2,b1c42,1,8C(25%)-3.6C,702.0,818.7368564498561
S225,2,b1c43,1,8C(25%)-3.6C,651.0,812.2630494613469
S225,3,b1c5,1,4.4C(80%)-4.4C,1074.0,881.0179855578083
S225,3,b1c10,1,5.4C(50%)-3C,906.0,855.0353735194001
S225,3,b1c11,1,5.4C(50%)-3C,788.0,872.996308256156
S225,3,b1c24,1,6C(40%)-3C,1017.0,838.9587174296678
S225,3,b1c25,1,6C(40%)-3C,854.0,842.2799737639168
S225,3,b1c40,1,8C(15%)-3.6C,966.0,845.8544951419354
S225,3,b1c41,1,8C(15%)-3.6C,1051.0,855.6148057067583
S225,4,b1c12,1,5.4C(50%)-3.6C,902.0,859.9035828186603
S225,4,b1c13,1,5.4C(50%)-3.6C,897.0,866.4560500705398
S225,4,b1c26,1,6C(40%)-3.6C,870.0,818.3413334216264
S225,4,b1c27,1,6C(40%)-3.6C,842.0,818.5274138898371
S225,4,b1c36,1,7C(40%)-3C,704.0,830.8004286074842
S225,4,b1c37,1,7C(40%)-3C,648.0,818.9810775894939
S225,5,b1c8,1,5.4C(40%)-3.6C,879.0,860.2619709119604
S225,5,b1c9,1,5.4C(40%)-3.6C,1054.0,865.3465993735001
S225,5,b1c22,1,6C(30%)-3.6C,891.0,846.1886125375403
S225,5,b1c23,1,6C(30%)-3.6C,1014.0,863.5518332660372
S225,5,b1c38,1,7C(40%)-3.6C,617.0,751.5864092681356
S225,5,b1c39,1,7C(40%)-3.6C,625.0,765.1801462417968
S226,1,b1c3,1,4C(80%)-4C,1226.0,1042.7377274995624
S226,1,b1c4,1,4C(80%)-4C,1227.0,1076.64666220519
S226,1,b1c20,1,5.4C(80%)-5.4C,534.0,628.3934882182177
S226,1,b1c21,1,5.4C(80%)-5.4C,559.0,609.1664222302876
S226,1,b1c32,1,6C(60%)-3C,731.0,746.4302607309123
S226,1,b1c33,1,6C(60%)-3C,757.0,745.1901418555451
S226,1,b1c44,1,8C(35%)-3.6C,616.0,670.2247356289886
S226,1,b1c45,1,8C(35%)-3.6C,599.0,663.4923525590934
S226,2,b1c6,1,4.8C(80%)-4.8C,636.0,816.753469541155
S226,2,b1c7,1,4.8C(80%)-4.8C,870.0,827.5032076621908
S226,2,b1c16,1,5.4C(60%)-3.6C,862.0,905.8519097767331
S226,2,b1c17,1,5.4C(60%)-3.6C,857.0,882.44607063308
S226,2,b1c30,1,6C(50%)-3.6C,709.0,773.4526379505866
S226,2,b1c31,1,6C(50%)-3.6C,876.0,847.7566661987744
S226,2,b1c42,1,8C(25%)-3.6C,702.0,786.1509373740818
S226,2,b1c43,1,8C(25%)-3.6C,651.0,780.4197608276403
S226,3,b1c5,1,4.4C(80%)-4.4C,1074.0,956.9830108597387
S226,3,b1c10,1,5.4C(50%)-3C,906.0,897.2004723493952
S226,3,b1c11,1,5.4C(50%)-3C,788.0,934.9447620847923
S226,3,b1c24,1,6C(40%)-3C,1017.0,867.1283051262797
S226,3,b1c25,1,6C(40%)-3C,854.0,875.964073429391
S226,3,b1c40,1,8C(15%)-3.6C,966.0,885.6158276356015
S226,3,b1c41,1,8C(15%)-3.6C,1051.0,902.4828883956819
S226,4,b1c12,1,5.4C(50%)-3.6C,902.0,879.3038307575788
S226,4,b1c13,1,5.4C(50%)-3.6C,897.0,896.8744858046288
S226,4,b1c26,1,6C(40%)-3.6C,870.0,804.8232757371081
S226,4,b1c27,1,6C(40%)-3.6C,842.0,802.3943614942425
S226,4,b1c36,1,7C(40%)-3C,704.0,827.8185347240894
S226,4,b1c37,1,7C(40%)-3C,648.0,803.7171343762236
S226,5,b1c8,1,5.4C(40%)-3.6C,879.0,891.4042305588196
S226,5,b1c9,1,5.4C(40%)-3.6C,1054.0,898.416320408171
S226,5,b1c22,1,6C(30%)-3.6C,891.0,865.2432491647727
S226,5,b1c23,1,6C(30%)-3.6C,1014.0,901.8715088400601
S226,5,b1c38,1,7C(40%)-3.6C,617.0,672.0424607609793
S226,5,b1c39,1,7C(40%)-3.6C,625.0,698.4516505932029
S227,1,b1c3,1,4C(80%)-4C,1226.0,850.4032176755442
S227,1,b1c4,1,4C(80%)-4C,1227.0,851.7625419884041
S227,1,b1c20,1,5.4C(80%)-5.4C,534.0,831.9672486385903
S227,1,b1c21,1,5.4C(80%)-5.4C,559.0,832.5077449155705
S227,1,b1c32,1,6C(60%)-3C,731.0,839.1851442663976
S227,1,b1c33,1,6C(60%)-3C,757.0,838.9815766546858
S227,1,b1c44,1,8C(35%)-3.6C,616.0,835.7571349059166
S227,1,b1c45,1,8C(35%)-3.6C,599.0,836.1376651724976
S227,2,b1c6,1,4.8C(80%)-4.8C,636.0,844.6761830937692
S227,2,b1c7,1,4.8C(80%)-4.8C,870.0,845.0919854911704
S227,2,b1c16,1,5.4C(60%)-3.6C,862.0,848.8102105831608
S227,2,b1c17,1,5.4C(60%)-3.6C,857.0,847.7939407620224
S227,2,b1c30,1,6C(50%)-3.6C,709.0,842.6763082273826
S227,2,b1c31,1,6C(50%)-3.6C,876.0,845.6990606698456
S227,2,b1c42,1,8C(25%)-3.6C,702.0,843.9958380935805
S227,2,b1c43,1,8C(25%)-3.6C,651.0,843.3257421972746
S227,3,b1c5,1,4.4C(80%)-4.4C,1074.0,805.3704287979805
S227,3,b1c10,1,5.4C(50%)-3C,906.0,803.4176031550248
S227,3,b1c11,1,5.4C(50%)-3C,788.0,804.8888720994627
S227,3,b1c24,1,6C(40%)-3C,1017.0,802.0394237034848
S227,3,b1c25,1,6C(40%)-3C,854.0,802.3269308594887
S227,3,b1c40,1,8C(15%)-3.6C,966.0,802.5730591716914
S227,3,b1c41,1,8C(15%)-3.6C,1051.0,803.4071973207001
S227,4,b1c12,1,5.4C(50%)-3.6C,902.0,835.1919603793006
S227,4,b1c13,1,5.4C(50%)-3.6C,897.0,835.5649013520689
S227,4,b1c26,1,6C(40%)-3.6C,870.0,831.4978235009023
S227,4,b1c27,1,6C(40%)-3.6C,842.0,831.6110160430445
S227,4,b1c36,1,7C(40%)-3C,704.0,832.4605190878685
S227,4,b1c37,1,7C(40%)-3C,648.0,831.5511611675975
S227,5,b1c8,1,5.4C(40%)-3.6C,879.0,828.1488305129011
S227,5,b1c9,1,5.4C(40%)-3.6C,1054.0,828.6822048894047
S227,5,b1c22,1,6C(30%)-3.6C,891.0,827.0183408308129
S227,5,b1c23,1,6C(30%)-3.6C,1014.0,828.3708940248683
S227,5,b1c38,1,7C(40%)-3.6C,617.0,819.1634247566537
S227,5,b1c39,1,7C(40%)-3.6C,625.0,820.3001678846629
S228,1,b1c3,1,4C(80%)-4C,1226.0,848.5286073754481
S228,1,b1c4,1,4C(80%)-4C,1227.0,850.4130750781673
S228,1,b1c20,1,5.4C(80%)-5.4C,534.0,836.0068260404415
S228,1,b1c21,1,5.4C(80%)-5.4C,559.0,835.7519570386885
S228,1,b1c32,1,6C(60%)-3C,731.0,840.1359678716195
S228,1,b1c33,1,6C(60%)-3C,757.0,840.3468292500987
S228,1,b1c44,1,8C(35%)-3.6C,616.0,837.0385172054622
S228,1,b1c45,1,8C(35%)-3.6C,599.0,836.9847414141124
S228,2,b1c6,1,4.8C(80%)-4.8C,636.0,844.112185658358
S228,2,b1c7,1,4.8C(80%)-4.8C,870.0,844.5566842834847
S228,2,b1c16,1,5.4C(60%)-3.6C,862.0,849.4447172847428
S228,2,b1c17,1,5.4C(60%)-3.6C,857.0,847.9816497404732
S228,2,b1c30,1,6C(50%)-3.6C,709.0,842.0902295846503
S228,2,b1c31,1,6C(50%)-3.6C,876.0,844.7987334385598
S228,2,b1c42,1,8C(25%)-3.6C,702.0,843.49706410106
S228,2,b1c43,1,8C(25%)-3.6C,651.0,842.7163329148794
S228,3,b1c5,1,4.4C(80%)-4.4C,1074.0,806.6073503985789
S228,3,b1c10,1,5.4C(50%)-3C,906.0,804.4681565005377
S228,3,b1c11,1,5.4C(50%)-3C,788.0,806.2745802863748
S228,3,b1c24,1,6C(40%)-3C,1017.0,802.8007091146168
S228,3,b1c25,1,6C(40%)-3C,854.0,803.3578711186585
S228,3,b1c40,1,8C(15%)-3.6C,966.0,803.6453484335466
S228,3,b1c41,1,8C(15%)-3.6C,1051.0,804.521519973294
S228,4,b1c12,1,5.4C(50%)-3.6C,902.0,836.151641278065
S228,4,b1c13,1,5.4C(50%)-3.6C,897.0,836.1974309563636
S228,4,b1c26,1,6C(40%)-3.6C,870.0,831.3709810475686
S228,4,b1c27,1,6C(40%)-3.6C,842.0,831.7473813625089
S228,4,b1c36,1,7C(40%)-3C,704.0,831.9883244478941
S228,4,b1c37,1,7C(40%)-3C,648.0,831.1664181059094
S228,5,b1c8,1,5.4C(40%)-3.6C,879.0,828.4739213893729
S228,5,b1c9,1,5.4C(40%)-3.6C,1054.0,829.3947474821898
S228,5,b1c22,1,6C(30%)-3.6C,891.0,827.4615137366924
S228,5,b1c23,1,6C(30%)-3.6C,1014.0,828.7903799651842
S228,5,b1c38,1,7C(40%)-3.6C,617.0,817.9248030235236
S228,5,b1c39,1,7C(40%)-3.6C,625.0,819.2463938164157
S229,1,b1c3,1,4C(80%)-4C,1226.0,850.8985102240472
S229,1,b1c4,1,4C(80%)-4C,1227.0,853.6427278366262
S229,1,b1c20,1,5.4C(80%)-5.4C,534.0,833.2167935737427
S229,1,b1c21,1,5.4C(80%)-5.4C,559.0,832.8603446850207
S229,1,b1c32,1,6C(60%)-3C,731.0,838.9595891469469
S229,1,b1c33,1,6C(60%)-3C,757.0,839.2641669293043
S229,1,b1c44,1,8C(35%)-3.6C,616.0,834.5553817742267
S229,1,b1c45,1,8C(35%)-3.6C,599.0,834.4881080678747
S229,2,b1c6,1,4.8C(80%)-4.8C,636.0,840.2393800355762
S229,2,b1c7,1,4.8C(80%)-4.8C,870.0,840.9681697356558
S229,2,b1c16,1,5.4C(60%)-3.6C,862.0,854.1204722294789
S229,2,b1c17,1,5.4C(60%)-3.6C,857.0,849.4066836385354
S229,2,b1c30,1,6C(50%)-3.6C,709.0,838.0412745241383
S229,2,b1c31,1,6C(50%)-3.6C,876.0,838.9459470177899
S229,2,b1c42,1,8C(25%)-3.6C,702.0,839.3900772188905
S229,2,b1c43,1,8C(25%)-3.6C,651.0,838.217629816708
S229,3,b1c5,1,4.4C(80%)-4.4C,1074.0,815.1379126210347
S229,3,b1c10,1,5.4C(50%)-3C,906.0,811.8193176922624
S229,3,b1c11,1,5.4C(50%)-3C,788.0,816.118612535037
S229,3,b1c24,1,6C(40%)-3C,1017.0,808.1065328795954
S229,3,b1c25,1,6C(40%)-3C,854.0,810.9327452685484
S229,3,b1c40,1,8C(15%)-3.6C,966.0,811.5508681812126
S229,3,b1c41,1,8C(15%)-3.6C,1051.0,812.5053336769503
S229,4,b1c12,1,5.4C(50%)-3.6C,902.0,843.3606900890852
S229,4,b1c13,1,5.4C(50%)-3.6C,897.0,840.656760888895
S229,4,b1c26,1,6C(40%)-3.6C,870.0,830.7458608758651
S229,4,b1c27,1,6C(40%)-3.6C,842.0,833.3279309151654
S229,4,b1c36,1,7C(40%)-3C,704.0,828.2265262147589
S229,4,b1c37,1,7C(40%)-3C,648.0,828.3053965752939
S229,5,b1c8,1,5.4C(40%)-3.6C,879.0,831.6878099130786
S229,5,b1c9,1,5.4C(40%)-3.6C,1054.0,834.0511503021199
S229,5,b1c22,1,6C(30%)-3.6C,891.0,830.1410646177918
S229,5,b1c23,1,6C(30%)-3.6C,1014.0,832.8121935789534
S229,5,b1c38,1,7C(40%)-3.6C,617.0,807.8306182861662
S229,5,b1c39,1,7C(40%)-3.6C,625.0,810.8003216524008
S230,1,b1c3,1,4C(80%)-4C,1226.0,1426.4689502510023
S230,1,b1c4,1,4C(80%)-4C,1227.0,1532.336301870148
S230,1,b1c20,1,5.4C(80%)-5.4C,534.0,553.1779443499647
S230,1,b1c21,1,5.4C(80%)-5.4C,559.0,553.7818278241449
S230,1,b1c32,1,6C(60%)-3C,731.0,692.2284199100832
S230,1,b1c33,1,6C(60%)-3C,757.0,681.3410078636116
S230,1,b1c44,1,8C(35%)-3.6C,616.0,633.1019968540585
S230,1,b1c45,1,8C(35%)-3.6C,599.0,601.8025238479657
S230,2,b1c6,1,4.8C(80%)-4.8C,636.0,703.4494136283931
S230,2,b1c7,1,4.8C(80%)-4.8C,870.0,827.9252392288063
S230,2,b1c16,1,5.4C(60%)-3.6C,862.0,976.6222187614777
S230,2,b1c17,1,5.4C(60%)-3.6C,857.0,929.508332427762
S230,2,b1c30,1,6C(50%)-3.6C,709.0,818.1548312325916
S230,2,b1c31,1,6C(50%)-3.6C,876.0,890.5311010641432
S230,2,b1c42,1,8C(25%)-3.6C,702.0,727.0342915613311
S230,2,b1c43,1,8C(25%)-3.6C,651.0,786.6440144338443
S230,3,b1c5,1,4.4C(80%)-4.4C,1074.0,994.7083172757779
S230,3,b1c10,1,5.4C(50%)-3C,906.0,916.5858983353635
S230,3,b1c11,1,5.4C(50%)-3C,788.0,863.826273428736
S230,3,b1c24,1,6C(40%)-3C,1017.0,843.0501060973945
S230,3,b1c25,1,6C(40%)-3C,854.0,875.0230186056992
S230,3,b1c40,1,8C(15%)-3.6C,966.0,936.3327168526226
S230,3,b1c41,1,8C(15%)-3.6C,1051.0,921.0499385343024
S230,4,b1c12,1,5.4C(50%)-3.6C,902.0,892.6157240947354
S230,4,b1c13,1,5.4C(50%)-3.6C,897.0,927.1658615686104
S230,4,b1c26,1,6C(40%)-3.6C,870.0,800.9500712252188
S230,4,b1c27,1,6C(40%)-3.6C,842.0,814.3966935813468
S230,4,b1c36,1,7C(40%)-3C,704.0,785.0181931806673
S230,4,b1c37,1,7C(40%)-3C,648.0,751.7870650236702
S230,5,b1c8,1,5.4C(40%)-3.6C,879.0,905.5186249808182
S230,5,b1c9,1,5.4C(40%)-3.6C,1054.0,863.1398795634948
S230,5,b1c22,1,6C(30%)-3.6C,891.0,872.8261834776116
S230,5,b1c23,1,6C(30%)-3.6C,1014.0,953.5601960037612
S230,5,b1c38,1,7C(40%)-3.6C,617.0,564.9739664754068
S230,5,b1c39,1,7C(40%)-3.6C,625.0,596.57229833138
S231,1,b1c3,1,4C(80%)-4C,1226.0,1425.8489073505314
S231,1,b1c4,1,4C(80%)-4C,1227.0,1532.3073120495558
S231,1,b1c20,1,5.4C(80%)-5.4C,534.0,553.3587705072947
S231,1,b1c21,1,5.4C(80%)-5.4C,559.0,554.0851729721388
S231,1,b1c32,1,6C(60%)-3C,731.0,692.3224263485315
S231,1,b1c33,1,6C(60%)-3C,757.0,681.4909925281096
S231,1,b1c44,1,8C(35%)-3.6C,616.0,633.2075955197963
S231,1,b1c45,1,8C(35%)-3.6C,599.0,602.1320118344946
S231,2,b1c6,1,4.8C(80%)-4.8C,636.0,704.2705523302607
S231,2,b1c7,1,4.8C(80%)-4.8C,870.0,827.3030577556781
S231,2,b1c16,1,5.4C(60%)-3.6C,862.0,975.7174997834674
S231,2,b1c17,1,5.4C(60%)-3.6C,857.0,928.5917276295968
S231,2,b1c30,1,6C(50%)-3.6C,709.0,817.1087861427059
S231,2,b1c31,1,6C(50%)-3.6C,876.0,888.9696509245218
S231,2,b1c42,1,8C(25%)-3.6C,702.0,727.3322151179723
S231,2,b1c43,1,8C(25%)-3.6C,651.0,786.0672702714729
S231,3,b1c5,1,4.4C(80%)-4.4C,1074.0,994.9697642110164
S231,3,b1c10,1,5.4C(50%)-3C,906.0,916.717771840956
S231,3,b1c11,1,5.4C(50%)-3C,788.0,866.0401374691916
S231,3,b1c24,1,6C(40%)-3C,1017.0,843.5982976599406
S231,3,b1c25,1,6C(40%)-3C,854.0,875.4908754685675
S231,3,b1c40,1,8C(15%)-3.6C,966.0,935.8677991690413
S231,3,b1c41,1,8C(15%)-3.6C,1051.0,921.262762857388
S231,4,b1c12,1,5.4C(50%)-3.6C,902.0,892.6450486814938
S231,4,b1c13,1,5.4C(50%)-3.6C,897.0,926.9379802273484
S231,4,b1c26,1,6C(40%)-3.6C,870.0,800.6468616100683
S231,4,b1c27,1,6C(40%)-3.6C,842.0,813.9894869604748
S231,4,b1c36,1,7C(40%)-3C,704.0,785.0836635316633
S231,4,b1c37,1,7C(40%)-3C,648.0,751.9148994646164
S231,5,b1c8,1,5.4C(40%)-3.6C,879.0,905.4326154979565
S231,5,b1c9,1,5.4C(40%)-3.6C,1054.0,863.6171117863865
S231,5,b1c22,1,6C(30%)-3.6C,891.0,872.7262683953016
S231,5,b1c23,1,6C(30%)-3.6C,1014.0,953.1655010864572
S231,5,b1c38,1,7C(40%)-3.6C,617.0,565.602573487829
S231,5,b1c39,1,7C(40%)-3.6C,625.0,597.1600850946779
S232,1,b1c3,1,4C(80%)-4C,1226.0,1425.2384286162514
S232,1,b1c4,1,4C(80%)-4C,1227.0,1532.2948105888072
S232,1,b1c20,1,5.4C(80%)-5.4C,534.0,553.5449457554644
S232,1,b1c21,1,5.4C(80%)-5.4C,559.0,554.3931611145305
S232,1,b1c32,1,6C(60%)-3C,731.0,692.4163257859667
S232,1,b1c33,1,6C(60%)-3C,757.0,681.641325613368
S232,1,b1c44,1,8C(35%)-3.6C,616.0,633.31547811241
S232,1,b1c45,1,8C(35%)-3.6C,599.0,602.4642957375044
S232,2,b1c6,1,4.8C(80%)-4.8C,636.0,705.0918218370472
S232,2,b1c7,1,4.8C(80%)-4.8C,870.0,826.6786141205215
S232,2,b1c16,1,5.4C(60%)-3.6C,862.0,974.8119607091065
S232,2,b1c17,1,5.4C(60%)-3.6C,857.0,927.6727814316698
S232,2,b1c30,1,6C(50%)-3.6C,709.0,816.061621064765
S232,2,b1c31,1,6C(50%)-3.6C,876.0,887.4046076833255
S232,2,b1c42,1,8C(25%)-3.6C,702.0,727.6307777338875
S232,2,b1c43,1,8C(25%)-3.6C,651.0,785.4894139142442
S232,3,b1c5,1,4.4C(80%)-4.4C,1074.0,995.2316351801045
S232,3,b1c10,1,5.4C(50%)-3C,906.0,916.8489353024885
S232,3,b1c11,1,5.4C(50%)-3C,788.0,868.2614605697925
S232,3,b1c24,1,6C(40%)-3C,1017.0,844.1465213683264
S232,3,b1c25,1,6C(40%)-3C,854.0,875.9588131702108
S232,3,b1c40,1,8C(15%)-3.6C,966.0,935.4019904260468
S232,3,b1c41,1,8C(15%)-3.6C,1051.0,921.4753145036074
S232,4,b1c12,1,5.4C(50%)-3.6C,902.0,892.6747878476915
S232,4,b1c13,1,5.4C(50%)-3.6C,897.0,926.7096825078313
S232,4,b1c26,1,6C(40%)-3.6C,870.0,800.3430534353146
S232,4,b1c27,1,6C(40%)-3.6C,842.0,813.5817714300885
S232,4,b1c36,1,7C(40%)-3C,704.0,785.1489267606178
S232,4,b1c37,1,7C(40%)-3C,648.0,752.0427583961576
S232,5,b1c8,1,5.4C(40%)-3.6C,879.0,905.3460866528027
S232,5,b1c9,1,5.4C(40%)-3.6C,1054.0,864.0952825931166
S232,5,b1c22,1,6C(30%)-3.6C,891.0,872.6255820688448
S232,5,b1c23,1,6C(30%)-3.6C,1014.0,952.7699662664784
S232,5,b1c38,1,7C(40%)-3.6C,617.0,566.233246581909
S232,5,b1c39,1,7C(40%)-3.6C,625.0,597.7497518053316
S233,1,b1c3,1,4C(80%)-4C,1226.0,1418.8855281593112
S233,1,b1c4,1,4C(80%)-4C,1227.0,1521.3840158110918
S233,1,b1c20,1,5.4C(80%)-5.4C,534.0,550.0403853684551
S233,1,b1c21,1,5.4C(80%)-5.4C,559.0,551.5240892113792
S233,1,b1c32,1,6C(60%)-3C,731.0,692.4970871836744
S233,1,b1c33,1,6C(60%)-3C,757.0,681.4256068868015
S233,1,b1c44,1,8C(35%)-3.6C,616.0,631.9150529273153
S233,1,b1c45,1,8C(35%)-3.6C,599.0,601.053175968299
S233,2,b1c6,1,4.8C(80%)-4.8C,636.0,704.9284324594862
S233,2,b1c7,1,4.8C(80%)-4.8C,870.0,824.2271158306928
S233,2,b1c16,1,5.4C(60%)-3.6C,862.0,972.9992645711958
S233,2,b1c17,1,5.4C(60%)-3.6C,857.0,924.6414008741599
S233,2,b1c30,1,6C(50%)-3.6C,709.0,813.4996453869767
S233,2,b1c31,1,6C(50%)-3.6C,876.0,881.6795618835301
S233,2,b1c42,1,8C(25%)-3.6C,702.0,728.2198339184444
S233,2,b1c43,1,8C(25%)-3.6C,651.0,783.9435368250107
S233,3,b1c5,1,4.4C(80%)-4.4C,1074.0,995.5625664627506
S233,3,b1c10,1,5.4C(50%)-3C,906.0,916.5661271787221
S233,3,b1c11,1,5.4C(50%)-3C,788.0,870.2085791774634
S233,3,b1c24,1,6C(40%)-3C,1017.0,844.2510502157945
S233,3,b1c25,1,6C(40%)-3C,854.0,876.0051558986679
S233,3,b1c40,1,8C(15%)-3.6C,966.0,934.5098616046955
S233,3,b1c41,1,8C(15%)-3.6C,1051.0,921.3448631845029
S233,4,b1c12,1,5.4C(50%)-3.6C,902.0,892.6850020216527
S233,4,b1c13,1,5.4C(50%)-3.6C,897.0,926.0681489499838
S233,4,b1c26,1,6C(40%)-3.6C,870.0,799.5374183056068
S233,4,b1c27,1,6C(40%)-3.6C,842.0,812.5761983697217
S233,4,b1c36,1,7C(40%)-3C,704.0,785.3498247623893
S233,4,b1c37,1,7C(40%)-3C,648.0,752.3465038392054
S233,5,b1c8,1,5.4C(40%)-3.6C,879.0,904.8659316804619
S233,5,b1c9,1,5.4C(40%)-3.6C,1054.0,864.9563711357011
S233,5,b1c22,1,6C(30%)-3.6C,891.0,871.8764476265574
S233,5,b1c23,1,6C(30%)-3.6C,1014.0,951.661022923897
S233,5,b1c38,1,7C(40%)-3.6C,617.0,567.8097366944613
S233,5,b1c39,1,7C(40%)-3.6C,625.0,599.2509805173196
S234,1,b1c3,1,4C(80%)-4C,1226.0,1412.329646072567
S234,1,b1c4,1,4C(80%)-4C,1227.0,1520.3734009479774
S234,1,b1c20,1,5.4C(80%)-5.4C,534.0,551.5942333477979
S234,1,b1c21,1,5.4C(80%)-5.4C,559.0,554.3435512023322
S234,1,b1c32,1,6C(60%)-3C,731.0,693.4401109350842
S234,1,b1c33,1,6C(60%)-3C,757.0,682.9083560890762
S234,1,b1c44,1,8C(35%)-3.6C,616.0,632.8645086761812
S234,1,b1c45,1,8C(35%)-3.6C,599.0,604.2328909484636
S234,2,b1c6,1,4.8C(80%)-4.8C,636.0,713.2003151145852
S234,2,b1c7,1,4.8C(80%)-4.8C,870.0,818.11801030702
S234,2,b1c16,1,5.4C(60%)-3.6C,862.0,964.0705108417682
S234,2,b1c17,1,5.4C(60%)-3.6C,857.0,915.6424545573356
S234,2,b1c30,1,6C(50%)-3.6C,709.0,803.2282952393527
S234,2,b1c31,1,6C(50%)-3.6C,876.0,866.4902023554199
S234,2,b1c42,1,8C(25%)-3.6C,702.0,731.1943822899138
S234,2,b1c43,1,8C(25%)-3.6C,651.0,778.2581956265038
S234,3,b1c5,1,4.4C(80%)-4.4C,1074.0,998.1624601253811
S234,3,b1c10,1,5.4C(50%)-3C,906.0,917.9192556490887
S234,3,b1c11,1,5.4C(50%)-3C,788.0,892.6792289083411
S234,3,b1c24,1,6C(40%)-3C,1017.0,849.7712164667414
S234,3,b1c25,1,6C(40%)-3C,854.0,880.707645066372
S234,3,b1c40,1,8C(15%)-3.6C,966.0,929.9329914068747
S234,3,b1c41,1,8C(15%)-3.6C,1051.0,923.4900308626668
S234,4,b1c12,1,5.4C(50%)-3.6C,902.0,892.9696217918809
S234,4,b1c13,1,5.4C(50%)-3.6C,897.0,923.8160908729409
S234,4,b1c26,1,6C(40%)-3.6C,870.0,796.5468917219034
S234,4,b1c27,1,6C(40%)-3.6C,842.0,808.557404488628
S234,4,b1c36,1,7C(40%)-3C,704.0,786.00487781279
S234,4,b1c37,1,7C(40%)-3C,648.0,753.6209014263617
S234,5,b1c8,1,5.4C(40%)-3.6C,879.0,903.5668101990345
S234,5,b1c9,1,5.4C(40%)-3.6C,1054.0,869.3785165774553
S234,5,b1c22,1,6C(30%)-3.6C,891.0,869.880067103765
S234,5,b1c23,1,6C(30%)-3.6C,1014.0,946.8530934216753
S234,5,b1c38,1,7C(40%)-3.6C,617.0,573.9557446062001
S234,5,b1c39,1,7C(40%)-3.6C,625.0,605.2246827830652
S235,1,b1c3,1,4C(80%)-4C,1226.0,1406.252905956396
S235,1,b1c4,1,4C(80%)-4C,1227.0,1520.1774682302982
S235,1,b1c20,1,5.4C(80%)-5.4C,534.0,553.4272104002611
S235,1,b1c21,1,5.4C(80%)-5.4C,559.0,557.4119771572784
S235,1,b1c32,1,6C(60%)-3C,731.0,694.3813983670074
S235,1,b1c33,1,6C(60%)-3C,757.0,684.4143431301466
S235,1,b1c44,1,8C(35%)-3.6C,616.0,633.9336699208616
S235,1,b1c45,1,8C(35%)-3.6C,599.0,607.5662388409971
S235,2,b1c6,1,4.8C(80%)-4.8C,636.0,721.4697954973332
S235,2,b1c7,1,4.8C(80%)-4.8C,870.0,811.7465383080938
S235,2,b1c16,1,5.4C(60%)-3.6C,862.0,955.0349816495899
S235,2,b1c17,1,5.4C(60%)-3.6C,857.0,906.3673213850234
S235,2,b1c30,1,6C(50%)-3.6C,709.0,792.8109006775784
S235,2,b1c31,1,6C(50%)-3.6C,876.0,850.8717572654442
S235,2,b1c42,1,8C(25%)-3.6C,702.0,734.240134699643
S235,2,b1c43,1,8C(25%)-3.6C,651.0,772.4425677457523
S235,3,b1c5,1,4.4C(80%)-4.4C,1074.0,1000.9635366756357
S235,3,b1c10,1,5.4C(50%)-3C,906.0,917.6705862433641
S235,3,b1c11,1,5.4C(50%)-3C,788.0,911.6882265794978
S235,3,b1c24,1,6C(40%)-3C,1017.0,851.6700665798155
S235,3,b1c25,1,6C(40%)-3C,854.0,881.9343760438447
S235,3,b1c40,1,8C(15%)-3.6C,966.0,922.7921674766567
S235,3,b1c41,1,8C(15%)-3.6C,1051.0,922.5534496085559
S235,4,b1c12,1,5.4C(50%)-3.6C,902.0,893.2964439069269
S235,4,b1c13,1,5.4C(50%)-3.6C,897.0,921.5056729284973
S235,4,b1c26,1,6C(40%)-3.6C,870.0,793.472871111772
S235,4,b1c27,1,6C(40%)-3.6C,842.0,804.4589099474177
S235,4,b1c36,1,7C(40%)-3C,704.0,786.6458188773311
S235,4,b1c37,1,7C(40%)-3C,648.0,754.9059630201876
S235,5,b1c8,1,5.4C(40%)-3.6C,879.0,901.9844999928622
S235,5,b1c9,1,5.4C(40%)-3.6C,1054.0,873.7223403412235
S235,5,b1c22,1,6C(30%)-3.6C,891.0,867.2912240317753
S235,5,b1c23,1,6C(30%)-3.6C,1014.0,941.5097194420978
S235,5,b1c38,1,7C(40%)-3.6C,617.0,580.2379951677539
S235,5,b1c39,1,7C(40%)-3.6C,625.0,611.4444398361567
S236,1,b1c3,1,4C(80%)-4C,1226.0,1366.2245125540069
S236,1,b1c4,1,4C(80%)-4C,1227.0,1452.9083438845282
S236,1,b1c20,1,5.4C(80%)-5.4C,534.0,532.3079113338003
S236,1,b1c21,1,5.4C(80%)-5.4C,559.0,540.2051957042099
S236,1,b1c32,1,6C(60%)-3C,731.0,695.0489621955679
S236,1,b1c33,1,6C(60%)-3C,757.0,683.2525915357413
S236,1,b1c44,1,8C(35%)-3.6C,616.0,625.6505955745978
S236,1,b1c45,1,8C(35%)-3.6C,599.0,599.6700929907598
S236,2,b1c6,1,4.8C(80%)-4.8C,636.0,727.697029925107
S236,2,b1c7,1,4.8C(80%)-4.8C,870.0,806.2343341512626
S236,2,b1c16,1,5.4C(60%)-3.6C,862.0,953.2465018986309
S236,2,b1c17,1,5.4C(60%)-3.6C,857.0,900.1156673060993
S236,2,b1c30,1,6C(50%)-3.6C,709.0,784.1611037951218
S236,2,b1c31,1,6C(50%)-3.6C,876.0,832.075291896064
S236,2,b1c42,1,8C(25%)-3.6C,702.0,736.5200764398104
S236,2,b1c43,1,8C(25%)-3.6C,651.0,763.9372986258504
S236,3,b1c5,1,4.4C(80%)-4.4C,1074.0,1003.1493127825919
S236,3,b1c10,1,5.4C(50%)-3C,906.0,915.6013706514675
S236,3,b1c11,1,5.4C(50%)-3C,788.0,920.319289299354
S236,3,b1c24,1,6C(40%)-3C,1017.0,849.3485208691221
S236,3,b1c25,1,6C(40%)-3C,854.0,878.5518799961588
S236,3,b1c40,1,8C(15%)-3.6C,966.0,914.6665916594499
S236,3,b1c41,1,8C(15%)-3.6C,1051.0,918.4063953662363
S236,4,b1c12,1,5.4C(50%)-3.6C,902.0,891.5616525302382
S236,4,b1c13,1,5.4C(50%)-3.6C,897.0,917.6771995892391
S236,4,b1c26,1,6C(40%)-3.6C,870.0,789.2807141005937
S236,4,b1c27,1,6C(40%)-3.6C,842.0,798.4331262302017
S236,4,b1c36,1,7C(40%)-3C,704.0,789.4012955694508
S236,4,b1c37,1,7C(40%)-3C,648.0,757.7148707001048
S236,5,b1c8,1,5.4C(40%)-3.6C,879.0,899.4475929000827
S236,5,b1c9,1,5.4C(40%)-3.6C,1054.0,878.954217044193
S236,5,b1c22,1,6C(30%)-3.6C,891.0,862.8350289707843
S236,5,b1c23,1,6C(30%)-3.6C,1014.0,934.5081714613287
S236,5,b1c38,1,7C(40%)-3.6C,617.0,589.6533178519013
S236,5,b1c39,1,7C(40%)-3.6C,625.0,620.6060308921667
S237,1,b1c3,1,4C(80%)-4C,1226.0,1283.4871473315893
S237,1,b1c4,1,4C(80%)-4C,1227.0,1404.691826254987
S237,1,b1c20,1,5.4C(80%)-5.4C,534.0,533.9210763706781
S237,1,b1c21,1,5.4C(80%)-5.4C,559.0,556.4798975393641
S237,1,b1c32,1,6C(60%)-3C,731.0,704.7228378220581
S237,1,b1c33,1,6C(60%)-3C,757.0,697.2227705056711
S237,1,b1c44,1,8C(35%)-3.6C,616.0,629.1589165051429
S237,1,b1c45,1,8C(35%)-3.6C,599.0,625.0461910790776
S237,2,b1c6,1,4.8C(80%)-4.8C,636.0,774.9885560855272
S237,2,b1c7,1,4.8C(80%)-4.8C,870.0,805.6085270886076
S237,2,b1c16,1,5.4C(60%)-3.6C,862.0,957.6260886514993
S237,2,b1c17,1,5.4C(60%)-3.6C,857.0,898.097024842646
S237,2,b1c30,1,6C(50%)-3.6C,709.0,776.0671048703814
S237,2,b1c31,1,6C(50%)-3.6C,876.0,795.2933026799044
S237,2,b1c42,1,8C(25%)-3.6C,702.0,740.5298183388705
S237,2,b1c43,1,8C(25%)-3.6C,651.0,742.1096000045834
S237,3,b1c5,1,4.4C(80%)-4.4C,1074.0,993.6665531230058
S237,3,b1c10,1,5.4C(50%)-3C,906.0,909.6346400042419
S237,3,b1c11,1,5.4C(50%)-3C,788.0,954.1042611991716
S237,3,b1c24,1,6C(40%)-3C,1017.0,850.5505291098216
S237,3,b1c25,1,6C(40%)-3C,854.0,883.7452822667774
S237,3,b1c40,1,8C(15%)-3.6C,966.0,903.5692463559799
S237,3,b1c41,1,8C(15%)-3.6C,1051.0,913.9461489873745
S237,4,b1c12,1,5.4C(50%)-3.6C,902.0,902.1531863541792
S237,4,b1c13,1,5.4C(50%)-3.6C,897.0,908.5712413001492
S237,4,b1c26,1,6C(40%)-3.6C,870.0,782.7934554717347
S237,4,b1c27,1,6C(40%)-3.6C,842.0,793.4758931104847
S237,4,b1c36,1,7C(40%)-3C,704.0,778.8926027967899
S237,4,b1c37,1,7C(40%)-3C,648.0,757.013869931707
S237,5,b1c8,1,5.4C(40%)-3.6C,879.0,887.8698605571956
S237,5,b1c9,1,5.4C(40%)-3.6C,1054.0,901.4298503554501
S237,5,b1c22,1,6C(30%)-3.6C,891.0,850.8649354688728
S237,5,b1c23,1,6C(30%)-3.6C,1014.0,903.9536360423407
S237,5,b1c38,1,7C(40%)-3.6C,617.0,625.3159339106203
S237,5,b1c39,1,7C(40%)-3.6C,625.0,655.116092030438
S238,1,b1c3,1,4C(80%)-4C,1226.0,1167.7519991720083
S238,1,b1c4,1,4C(80%)-4C,1227.0,1312.2654295059413
S238,1,b1c20,1,5.4C(80%)-5.4C,534.0,592.5473786264614
S238,1,b1c21,1,5.4C(80%)-5.4C,559.0,595.2101717718416
S238,1,b1c32,1,6C(60%)-3C,731.0,717.6787755219289
S238,1,b1c33,1,6C(60%)-3C,757.0,723.4087028461096
S238,1,b1c44,1,8C(35%)-3.6C,616.0,629.733569607451
S238,1,b1c45,1,8C(35%)-3.6C,599.0,631.4293206167572
S238,2,b1c6,1,4.8C(80%)-4.8C,636.0,793.522742721162
S238,2,b1c7,1,4.8C(80%)-4.8C,870.0,806.3342847484053
S238,2,b1c16,1,5.4C(60%)-3.6C,862.0,949.5704344263692
S238,2,b1c17,1,5.4C(60%)-3.6C,857.0,891.7099008541202
S238,2,b1c30,1,6C(50%)-3.6C,709.0,776.6760822604576
S238,2,b1c31,1,6C(50%)-3.6C,876.0,791.174901215406
S238,2,b1c42,1,8C(25%)-3.6C,702.0,738.399938864922
S238,2,b1c43,1,8C(25%)-3.6C,651.0,739.398230437252
S238,3,b1c5,1,4.4C(80%)-4.4C,1074.0,977.8227270364896
S238,3,b1c10,1,5.4C(50%)-3C,906.0,904.9003575124748
S238,3,b1c11,1,5.4C(50%)-3C,788.0,966.5509683933442
S238,3,b1c24,1,6C(40%)-3C,1017.0,853.4474989272622
S238,3,b1c25,1,6C(40%)-3C,854.0,891.7798820422486
S238,3,b1c40,1,8C(15%)-3.6C,966.0,904.0436549950979
S238,3,b1c41,1,8C(15%)-3.6C,1051.0,914.025959677333
S238,4,b1c12,1,5.4C(50%)-3.6C,902.0,918.9586313320976
S238,4,b1c13,1,5.4C(50%)-3.6C,897.0,904.3608036576934
S238,4,b1c26,1,6C(40%)-3.6C,870.0,785.2166242150898
S238,4,b1c27,1,6C(40%)-3.6C,842.0,803.5260631564796
S238,4,b1c36,1,7C(40%)-3C,704.0,758.9092044545073
S238,4,b1c37,1,7C(40%)-3C,648.0,749.3005241080832
S238,5,b1c8,1,5.4C(40%)-3.6C,879.0,877.809085098022
S238,5,b1c9,1,5.4C(40%)-3.6C,1054.0,900.6612742087527
S238,5,b1c22,1,6C(30%)-3.6C,891.0,850.9019249120736
S238,5,b1c23,1,6C(30%)-3.6C,1014.0,894.4251199191242
S238,5,b1c38,1,7C(40%)-3.6C,617.0,632.3782541293729
S238,5,b1c39,1,7C(40%)-3.6C,625.0,660.0216171321958
S239,1,b1c3,1,4C(80%)-4C,1226.0,1092.440827966164
S239,1,b1c4,1,4C(80%)-4C,1227.0,1200.4199830153461
S239,1,b1c20,1,5.4C(80%)-5.4C,534.0,603.1823647964073
S239,1,b1c21,1,5.4C(80%)-5.4C,559.0,595.7566503454567
S239,1,b1c32,1,6C(60%)-3C,731.0,725.2664881829702
S239,1,b1c33,1,6C(60%)-3C,757.0,732.438758657013
S239,1,b1c44,1,8C(35%)-3.6C,616.0,628.8181442026835
S239,1,b1c45,1,8C(35%)-3.6C,599.0,627.6834465994624
S239,2,b1c6,1,4.8C(80%)-4.8C,636.0,791.147205817549
S239,2,b1c7,1,4.8C(80%)-4.8C,870.0,799.1736525302157
S239,2,b1c16,1,5.4C(60%)-3.6C,862.0,927.8691804042663
S239,2,b1c17,1,5.4C(60%)-3.6C,857.0,875.383346270672
S239,2,b1c30,1,6C(50%)-3.6C,709.0,771.6696776105033
S239,2,b1c31,1,6C(50%)-3.6C,876.0,785.5980942803553
S239,2,b1c42,1,8C(25%)-3.6C,702.0,744.3910170994507
S239,2,b1c43,1,8C(25%)-3.6C,651.0,745.2888991238752
S239,3,b1c5,1,4.4C(80%)-4.4C,1074.0,968.9355864787899
S239,3,b1c10,1,5.4C(50%)-3C,906.0,901.2419309098459
S239,3,b1c11,1,5.4C(50%)-3C,788.0,957.465127038644
S239,3,b1c24,1,6C(40%)-3C,1017.0,853.7798006558487
S239,3,b1c25,1,6C(40%)-3C,854.0,885.8540618203042
S239,3,b1c40,1,8C(15%)-3.6C,966.0,897.5690833013015
S239,3,b1c41,1,8C(15%)-3.6C,1051.0,908.1907080614568
S239,4,b1c12,1,5.4C(50%)-3.6C,902.0,898.658802871485
S239,4,b1c13,1,5.4C(50%)-3.6C,897.0,896.1727959102384
S239,4,b1c26,1,6C(40%)-3.6C,870.0,787.5290345632083
S239,4,b1c27,1,6C(40%)-3.6C,842.0,799.4789383398482
S239,4,b1c36,1,7C(40%)-3C,704.0,773.951479027048
S239,4,b1c37,1,7C(40%)-3C,648.0,761.4108331009452
S239,5,b1c8,1,5.4C(40%)-3.6C,879.0,877.8557979369219
S239,5,b1c9,1,5.4C(40%)-3.6C,1054.0,897.4601373177632
S239,5,b1c22,1,6C(30%)-3.6C,891.0,853.9763940594705
S239,5,b1c23,1,6C(30%)-3.6C,1014.0,893.057935320243
S239,5,b1c38,1,7C(40%)-3.6C,617.0,636.3209105189268
S239,5,b1c39,1,7C(40%)-3.6C,625.0,662.8852442154484
S240,1,b1c3,1,4C(80%)-4C,1226.0,885.4533232255677
S240,1,b1c4,1,4C(80%)-4C,1227.0,906.4929992714428
S240,1,b1c20,1,5.4C(80%)-5.4C,534.0,782.8878151091269
S240,1,b1c21,1,5.4C(80%)-5.4C,559.0,781.374658402479
S240,1,b1c32,1,6C(60%)-3C,731.0,808.3180025740672
S240,1,b1c33,1,6C(60%)-3C,757.0,810.2259716134427
S240,1,b1c44,1,8C(35%)-3.6C,616.0,787.6941438605204
S240,1,b1c45,1,8C(35%)-3.6C,599.0,788.1083625455573
S240,2,b1c6,1,4.8C(80%)-4.8C,636.0,811.1746658378593
S240,2,b1c7,1,4.8C(80%)-4.8C,870.0,815.2988506144549
S240,2,b1c16,1,5.4C(60%)-3.6C,862.0,885.0238617499558
S240,2,b1c17,1,5.4C(60%)-3.6C,857.0,857.2205736136182
S240,2,b1c30,1,6C(50%)-3.6C,709.0,799.2829229667789
S240,2,b1c31,1,6C(50%)-3.6C,876.0,807.2371179530103
S240,2,b1c42,1,8C(25%)-3.6C,702.0,778.5013608710532
S240,2,b1c43,1,8C(25%)-3.6C,651.0,779.0281233965678
S240,3,b1c5,1,4.4C(80%)-4.4C,1074.0,865.062842430964
S240,3,b1c10,1,5.4C(50%)-3C,906.0,837.9942928931243
S240,3,b1c11,1,5.4C(50%)-3C,788.0,863.7935061323525
S240,3,b1c24,1,6C(40%)-3C,1017.0,815.2076868717016
S240,3,b1c25,1,6C(40%)-3C,854.0,833.2141442514674
S240,3,b1c40,1,8C(15%)-3.6C,966.0,837.9218723543929
S240,3,b1c41,1,8C(15%)-3.6C,1051.0,841.6169166290526
S240,4,b1c12,1,5.4C(50%)-3.6C,902.0,876.1522881636912
S240,4,b1c13,1,5.4C(50%)-3.6C,897.0,859.5158048812267
S240,4,b1c26,1,6C(40%)-3.6C,870.0,800.3710491830656
S240,4,b1c27,1,6C(40%)-3.6C,842.0,814.4205353379557
S240,4,b1c36,1,7C(40%)-3C,704.0,769.4702168914453
S240,4,b1c37,1,7C(40%)-3C,648.0,770.28110796531
S240,5,b1c8,1,5.4C(40%)-3.6C,879.0,836.97405352872
S240,5,b1c9,1,5.4C(40%)-3.6C,1054.0,849.1236599147568
S240,5,b1c22,1,6C(30%)-3.6C,891.0,827.5278117609689
S240,5,b1c23,1,6C(30%)-3.6C,1014.0,844.3162840184222
S240,5,b1c38,1,7C(40%)-3.6C,617.0,719.8514041049623
S240,5,b1c39,1,7C(40%)-3.6C,625.0,733.7048192667431
S241,1,b1c3,1,4C(80%)-4C,1226.0,831.4402759105707
S241,1,b1c4,1,4C(80%)-4C,1227.0,831.4402759105707
S241,1,b1c20,1,5.4C(80%)-5.4C,534.0,831.4402759105707
S241,1,b1c21,1,5.4C(80%)-5.4C,559.0,831.4402759105707
S241,1,b1c32,1,6C(60%)-3C,731.0,831.4402759105707
S241,1,b1c33,1,6C(60%)-3C,757.0,831.4402759105707
S241,1,b1c44,1,8C(35%)-3.6C,616.0,831.4402759105707
S241,1,b1c45,1,8C(35%)-3.6C,599.0,831.4402759105707
S241,2,b1c6,1,4.8C(80%)-4.8C,636.0,824.0766086979658
S241,2,b1c7,1,4.8C(80%)-4.8C,870.0,823.8844170286176
S241,2,b1c16,1,5.4C(60%)-3.6C,862.0,829.7846544566969
S241,2,b1c17,1,5.4C(60%)-3.6C,857.0,827.8582260242
S241,2,b1c30,1,6C(50%)-3.6C,709.0,822.4571683215497
S241,2,b1c31,1,6C(50%)-3.6C,876.0,823.1960102142057
S241,2,b1c42,1,8C(25%)-3.6C,702.0,820.3092171092568
S241,2,b1c43,1,8C(25%)-3.6C,651.0,820.3663726045805
S241,3,b1c5,1,4.4C(80%)-4.4C,1074.0,779.299946698614
S241,3,b1c10,1,5.4C(50%)-3C,906.0,779.299946698614
S241,3,b1c11,1,5.4C(50%)-3C,788.0,779.299946698614
S241,3,b1c24,1,6C(40%)-3C,1017.0,779.299946698614
S241,3,b1c25,1,6C(40%)-3C,854.0,779.299946698614
S241,3,b1c40,1,8C(15%)-3.6C,966.0,779.299946698614
S241,3,b1c41,1,8C(15%)-3.6C,1051.0,779.299946698614
S241,4,b1c12,1,5.4C(50%)-3.6C,902.0,813.2221224796995
S241,4,b1c13,1,5.4C(50%)-3.6C,897.0,812.6552945678133
S241,4,b1c26,1,6C(40%)-3.6C,870.0,810.8016371190456
S241,4,b1c27,1,6C(40%)-3.6C,842.0,811.2301122110023
S241,4,b1c36,1,7C(40%)-3C,704.0,809.8813298921511
S241,4,b1c37,1,7C(40%)-3C,648.0,809.913796618895
S241,5,b1c8,1,5.4C(40%)-3.6C,879.0,806.3277853958002
S241,5,b1c9,1,5.4C(40%)-3.6C,1054.0,806.3277853958002
S241,5,b1c22,1,6C(30%)-3.6C,891.0,806.3277853958002
S241,5,b1c23,1,6C(30%)-3.6C,1014.0,806.3277853958002
S241,5,b1c38,1,7C(40%)-3.6C,617.0,806.3277853958002
S241,5,b1c39,1,7C(40%)-3.6C,625.0,806.3277853958002
S242,1,b1c3,1,4C(80%)-4C,1226.0,831.4402759105707
S242,1,b1c4,1,4C(80%)-4C,1227.0,831.4402759105707
S242,1,b1c20,1,5.4C(80%)-5.4C,534.0,831.4402759105707
S242,1,b1c21,1,5.4C(80%)-5.4C,559.0,831.4402759105707
S242,1,b1c32,1,6C(60%)-3C,731.0,831.4402759105707
S242,1,b1c33,1,6C(60%)-3C,757.0,831.4402759105707
S242,1,b1c44,1,8C(35%)-3.6C,616.0,831.4402759105707
S242,1,b1c45,1,8C(35%)-3.6C,599.0,831.4402759105707
S242,2,b1c6,1,4.8C(80%)-4.8C,636.0,824.2234832028455
S242,2,b1c7,1,4.8C(80%)-4.8C,870.0,824.2234832028455
S242,2,b1c16,1,5.4C(60%)-3.6C,862.0,824.2234832028455
S242,2,b1c17,1,5.4C(60%)-3.6C,857.0,824.2234832028455
S242,2,b1c30,1,6C(50%)-3.6C,709.0,824.2234832028455
S242,2,b1c31,1,6C(50%)-3.6C,876.0,824.2234832028455
S242,2,b1c42,1,8C(25%)-3.6C,702.0,824.2234832028455
S242,2,b1c43,1,8C(25%)-3.6C,651.0,824.2234832028455
S242,3,b1c5,1,4.4C(80%)-4.4C,1074.0,779.299946698614
S242,3,b1c10,1,5.4C(50%)-3C,906.0,779.299946698614
S242,3,b1c11,1,5.4C(50%)-3C,788.0,779.299946698614
S242,3,b1c24,1,6C(40%)-3C,1017.0,779.299946698614
S242,3,b1c25,1,6C(40%)-3C,854.0,779.299946698614
S242,3,b1c40,1,8C(15%)-3.6C,966.0,779.299946698614
S242,3,b1c41,1,8C(15%)-3.6C,1051.0,779.299946698614
S242,4,b1c12,1,5.4C(50%)-3.6C,902.0,811.2682220413403
S242,4,b1c13,1,5.4C(50%)-3.6C,897.0,811.2682220413403
S242,4,b1c26,1,6C(40%)-3.6C,870.0,811.2682220413403
S242,4,b1c27,1,6C(40%)-3.6C,842.0,811.2682220413403
S242,4,b1c36,1,7C(40%)-3C,704.0,811.2682220413403
S242,4,b1c37,1,7C(40%)-3C,648.0,811.2682220413403
S242,5,b1c8,1,5.4C(40%)-3.6C,879.0,806.3277853958002
S242,5,b1c9,1,5.4C(40%)-3.6C,1054.0,806.3277853958002
S242,5,b1c22,1,6C(30%)-3.6C,891.0,806.3277853958002
S242,5,b1c23,1,6C(30%)-3.6C,1014.0,806.3277853958002
S242,5,b1c38,1,7C(40%)-3.6C,617.0,806.3277853958002
S242,5,b1c39,1,7C(40%)-3.6C,625.0,806.3277853958002
S243,1,b1c3,1,4C(80%)-4C,1226.0,831.4402759105707
S243,1,b1c4,1,4C(80%)-4C,1227.0,831.4402759105707
S243,1,b1c20,1,5.4C(80%)-5.4C,534.0,831.4402759105707
S243,1,b1c21,1,5.4C(80%)-5.4C,559.0,831.4402759105707
S243,1,b1c32,1,6C(60%)-3C,731.0,831.4402759105707
S243,1,b1c33,1,6C(60%)-3C,757.0,831.4402759105707
S243,1,b1c44,1,8C(35%)-3.6C,616.0,831.4402759105707
S243,1,b1c45,1,8C(35%)-3.6C,599.0,831.4402759105707
S243,2,b1c6,1,4.8C(80%)-4.8C,636.0,824.2234832028455
S243,2,b1c7,1,4.8C(80%)-4.8C,870.0,824.2234832028455
S243,2,b1c16,1,5.4C(60%)-3.6C,862.0,824.2234832028455
S243,2,b1c17,1,5.4C(60%)-3.6C,857.0,824.2234832028455
S243,2,b1c30,1,6C(50%)-3.6C,709.0,824.2234832028455
S243,2,b1c31,1,6C(50%)-3.6C,876.0,824.2234832028455
S243,2,b1c42,1,8C(25%)-3.6C,702.0,824.2234832028455
S243,2,b1c43,1,8C(25%)-3.6C,651.0,824.2234832028455
S243,3,b1c5,1,4.4C(80%)-4.4C,1074.0,779.299946698614
S243,3,b1c10,1,5.4C(50%)-3C,906.0,779.299946698614
S243,3,b1c11,1,5.4C(50%)-3C,788.0,779.299946698614
S243,3,b1c24,1,6C(40%)-3C,1017.0,779.299946698614
S243,3,b1c25,1,6C(40%)-3C,854.0,779.299946698614
S243,3,b1c40,1,8C(15%)-3.6C,966.0,779.299946698614
S243,3,b1c41,1,8C(15%)-3.6C,1051.0,779.299946698614
S243,4,b1c12,1,5.4C(50%)-3.6C,902.0,811.2682220413403
S243,4,b1c13,1,5.4C(50%)-3.6C,897.0,811.2682220413403
S243,4,b1c26,1,6C(40%)-3.6C,870.0,811.2682220413403
S243,4,b1c27,1,6C(40%)-3.6C,842.0,811.2682220413403
S243,4,b1c36,1,7C(40%)-3C,704.0,811.2682220413403
S243,4,b1c37,1,7C(40%)-3C,648.0,811.2682220413403
S243,5,b1c8,1,5.4C(40%)-3.6C,879.0,806.3277853958002
S243,5,b1c9,1,5.4C(40%)-3.6C,1054.0,806.3277853958002
S243,5,b1c22,1,6C(30%)-3.6C,891.0,806.3277853958002
S243,5,b1c23,1,6C(30%)-3.6C,1014.0,806.3277853958002
S243,5,b1c38,1,7C(40%)-3.6C,617.0,806.3277853958002
S243,5,b1c39,1,7C(40%)-3.6C,625.0,806.3277853958002
S244,1,b1c3,1,4C(80%)-4C,1226.0,831.4402759105707
S244,1,b1c4,1,4C(80%)-4C,1227.0,831.4402759105707
S244,1,b1c20,1,5.4C(80%)-5.4C,534.0,831.4402759105707
S244,1,b1c21,1,5.4C(80%)-5.4C,559.0,831.4402759105707
S244,1,b1c32,1,6C(60%)-3C,731.0,831.4402759105707
S244,1,b1c33,1,6C(60%)-3C,757.0,831.4402759105707
S244,1,b1c44,1,8C(35%)-3.6C,616.0,831.4402759105707
S244,1,b1c45,1,8C(35%)-3.6C,599.0,831.4402759105707
S244,2,b1c6,1,4.8C(80%)-4.8C,636.0,824.2234832028455
S244,2,b1c7,1,4.8C(80%)-4.8C,870.0,824.2234832028455
S244,2,b1c16,1,5.4C(60%)-3.6C,862.0,824.2234832028455
S244,2,b1c17,1,5.4C(60%)-3.6C,857.0,824.2234832028455
S244,2,b1c30,1,6C(50%)-3.6C,709.0,824.2234832028455
S244,2,b1c31,1,6C(50%)-3.6C,876.0,824.2234832028455
S244,2,b1c42,1,8C(25%)-3.6C,702.0,824.2234832028455
S244,2,b1c43,1,8C(25%)-3.6C,651.0,824.2234832028455
S244,3,b1c5,1,4.4C(80%)-4.4C,1074.0,779.299946698614
S244,3,b1c10,1,5.4C(50%)-3C,906.0,779.299946698614
S244,3,b1c11,1,5.4C(50%)-3C,788.0,779.299946698614
S244,3,b1c24,1,6C(40%)-3C,1017.0,779.299946698614
S244,3,b1c25,1,6C(40%)-3C,854.0,779.299946698614
S244,3,b1c40,1,8C(15%)-3.6C,966.0,779.299946698614
S244,3,b1c41,1,8C(15%)-3.6C,1051.0,779.299946698614
S244,4,b1c12,1,5.4C(50%)-3.6C,902.0,811.2682220413403
S244,4,b1c13,1,5.4C(50%)-3.6C,897.0,811.2682220413403
S244,4,b1c26,1,6C(40%)-3.6C,870.0,811.2682220413403
S244,4,b1c27,1,6C(40%)-3.6C,842.0,811.2682220413403
S244,4,b1c36,1,7C(40%)-3C,704.0,811.2682220413403
S244,4,b1c37,1,7C(40%)-3C,648.0,811.2682220413403
S244,5,b1c8,1,5.4C(40%)-3.6C,879.0,806.3277853958002
S244,5,b1c9,1,5.4C(40%)-3.6C,1054.0,806.3277853958002
S244,5,b1c22,1,6C(30%)-3.6C,891.0,806.3277853958002
S244,5,b1c23,1,6C(30%)-3.6C,1014.0,806.3277853958002
S244,5,b1c38,1,7C(40%)-3.6C,617.0,806.3277853958002
S244,5,b1c39,1,7C(40%)-3.6C,625.0,806.3277853958002
S245,1,b1c3,1,4C(80%)-4C,1226.0,1377.4399812819747
S245,1,b1c4,1,4C(80%)-4C,1227.0,1386.7746671027119
S245,1,b1c20,1,5.4C(80%)-5.4C,534.0,433.33270370549064
S245,1,b1c21,1,5.4C(80%)-5.4C,559.0,538.9822760439006
S245,1,b1c32,1,6C(60%)-3C,731.0,654.217881930221
S245,1,b1c33,1,6C(60%)-3C,757.0,622.3685960863131
S245,1,b1c44,1,8C(35%)-3.6C,616.0,583.9911521825095
S245,1,b1c45,1,8C(35%)-3.6C,599.0,562.5688618905283
S245,2,b1c6,1,4.8C(80%)-4.8C,636.0,774.7806043407423
S245,2,b1c7,1,4.8C(80%)-4.8C,870.0,892.4832299537431
S245,2,b1c16,1,5.4C(60%)-3.6C,862.0,904.1044461108668
S245,2,b1c17,1,5.4C(60%)-3.6C,857.0,878.6233710824005
S245,2,b1c30,1,6C(50%)-3.6C,709.0,788.7579334747799
S245,2,b1c31,1,6C(50%)-3.6C,876.0,804.5889190719497
S245,2,b1c42,1,8C(25%)-3.6C,702.0,755.8551424769311
S245,2,b1c43,1,8C(25%)-3.6C,651.0,787.7599964203919
S245,3,b1c5,1,4.4C(80%)-4.4C,1074.0,1023.939397566777
S245,3,b1c10,1,5.4C(50%)-3C,906.0,917.2799919336777
S245,3,b1c11,1,5.4C(50%)-3C,788.0,858.1208866411891
S245,3,b1c24,1,6C(40%)-3C,1017.0,860.1674020655977
S245,3,b1c25,1,6C(40%)-3C,854.0,884.1092010718351
S245,3,b1c40,1,8C(15%)-3.6C,966.0,946.7660030127302
S245,3,b1c41,1,8C(15%)-3.6C,1051.0,933.5713545283064
S245,4,b1c12,1,5.4C(50%)-3.6C,902.0,893.0575413001498
S245,4,b1c13,1,5.4C(50%)-3.6C,897.0,922.1277170925201
S245,4,b1c26,1,6C(40%)-3.6C,870.0,815.3840554393344
S245,4,b1c27,1,6C(40%)-3.6C,842.0,821.6507111172804
S245,4,b1c36,1,7C(40%)-3C,704.0,794.1054590132392
S245,4,b1c37,1,7C(40%)-3C,648.0,758.7238334402443
S245,5,b1c8,1,5.4C(40%)-3.6C,879.0,930.7449120679892
S245,5,b1c9,1,5.4C(40%)-3.6C,1054.0,890.1379543130232
S245,5,b1c22,1,6C(30%)-3.6C,891.0,894.8550461171781
S245,5,b1c23,1,6C(30%)-3.6C,1014.0,958.8054142859321
S245,5,b1c38,1,7C(40%)-3.6C,617.0,562.0992281855367
S245,5,b1c39,1,7C(40%)-3.6C,625.0,593.2390904416214
S246,1,b1c3,1,4C(80%)-4C,1226.0,1389.5357917037766
S246,1,b1c4,1,4C(80%)-4C,1227.0,1404.333716909301
S246,1,b1c20,1,5.4C(80%)-5.4C,534.0,445.59187874627474
S246,1,b1c21,1,5.4C(80%)-5.4C,559.0,550.906144382905
S246,1,b1c32,1,6C(60%)-3C,731.0,653.3160258169712
S246,1,b1c33,1,6C(60%)-3C,757.0,622.0464626501107
S246,1,b1c44,1,8C(35%)-3.6C,616.0,588.6313068941463
S246,1,b1c45,1,8C(35%)-3.6C,599.0,568.0398338265553
S246,2,b1c6,1,4.8C(80%)-4.8C,636.0,773.2722273954959
S246,2,b1c7,1,4.8C(80%)-4.8C,870.0,894.6658543336127
S246,2,b1c16,1,5.4C(60%)-3.6C,862.0,904.8659854829739
S246,2,b1c17,1,5.4C(60%)-3.6C,857.0,880.4066778866279
S246,2,b1c30,1,6C(50%)-3.6C,709.0,791.4931622389413
S246,2,b1c31,1,6C(50%)-3.6C,876.0,808.6217627404307
S246,2,b1c42,1,8C(25%)-3.6C,702.0,755.3167412569862
S246,2,b1c43,1,8C(25%)-3.6C,651.0,790.0402472818406
S246,3,b1c5,1,4.4C(80%)-4.4C,1074.0,1022.8909257712611
S246,3,b1c10,1,5.4C(50%)-3C,906.0,916.453031915692
S246,3,b1c11,1,5.4C(50%)-3C,788.0,855.4443408110543
S246,3,b1c24,1,6C(40%)-3C,1017.0,859.342885952283
S246,3,b1c25,1,6C(40%)-3C,854.0,884.3659892078197
S246,3,b1c40,1,8C(15%)-3.6C,966.0,948.1702506850231
S246,3,b1c41,1,8C(15%)-3.6C,1051.0,934.0129228059242
S246,4,b1c12,1,5.4C(50%)-3.6C,902.0,893.9736224288545
S246,4,b1c13,1,5.4C(50%)-3.6C,897.0,922.541500907883
S246,4,b1c26,1,6C(40%)-3.6C,870.0,815.723685493651
S246,4,b1c27,1,6C(40%)-3.6C,842.0,822.6389710583818
S246,4,b1c36,1,7C(40%)-3C,704.0,793.1688615579761
S246,4,b1c37,1,7C(40%)-3C,648.0,758.0290227570389
S246,5,b1c8,1,5.4C(40%)-3.6C,879.0,930.9600734107029
S246,5,b1c9,1,5.4C(40%)-3.6C,1054.0,888.4036904728582
S246,5,b1c22,1,6C(30%)-3.6C,891.0,895.5395334640738
S246,5,b1c23,1,6C(30%)-3.6C,1014.0,960.2354434462603
S246,5,b1c38,1,7C(40%)-3.6C,617.0,558.3199221890015
S246,5,b1c39,1,7C(40%)-3.6C,625.0,589.8502903698599
S247,1,b1c3,1,4C(80%)-4C,1226.0,1409.0323153533109
S247,1,b1c4,1,4C(80%)-4C,1227.0,1434.0431515826874
S247,1,b1c20,1,5.4C(80%)-5.4C,534.0,468.9195991127685
S247,1,b1c21,1,5.4C(80%)-5.4C,559.0,572.2449786233017
S247,1,b1c32,1,6C(60%)-3C,731.0,652.2492269917316
S247,1,b1c33,1,6C(60%)-3C,757.0,622.2873550062577
S247,1,b1c44,1,8C(35%)-3.6C,616.0,597.3900511402207
S247,1,b1c45,1,8C(35%)-3.6C,599.0,578.3899998387408
S247,2,b1c6,1,4.8C(80%)-4.8C,636.0,773.1399787930746
S247,2,b1c7,1,4.8C(80%)-4.8C,870.0,898.9224448460254
S247,2,b1c16,1,5.4C(60%)-3.6C,862.0,906.5541048542823
S247,2,b1c17,1,5.4C(60%)-3.6C,857.0,884.0717135191901
S247,2,b1c30,1,6C(50%)-3.6C,709.0,795.6521959017376
S247,2,b1c31,1,6C(50%)-3.6C,876.0,815.7631141335422
S247,2,b1c42,1,8C(25%)-3.6C,702.0,754.5164595418686
S247,2,b1c43,1,8C(25%)-3.6C,651.0,793.0148249058603
S247,3,b1c5,1,4.4C(80%)-4.4C,1074.0,1021.6639848984155
S247,3,b1c10,1,5.4C(50%)-3C,906.0,915.313506863703
S247,3,b1c11,1,5.4C(50%)-3C,788.0,853.0338786512493
S247,3,b1c24,1,6C(40%)-3C,1017.0,858.3423118614401
S247,3,b1c25,1,6C(40%)-3C,854.0,884.669244152964
S247,3,b1c40,1,8C(15%)-3.6C,966.0,949.5193218875655
S247,3,b1c41,1,8C(15%)-3.6C,1051.0,934.4783714243734
S247,4,b1c12,1,5.4C(50%)-3.6C,902.0,895.0599714567763
S247,4,b1c13,1,5.4C(50%)-3.6C,897.0,923.0071341287437
S247,4,b1c26,1,6C(40%)-3.6C,870.0,816.042135817444
S247,4,b1c27,1,6C(40%)-3.6C,842.0,823.6797303246382
S247,4,b1c36,1,7C(40%)-3C,704.0,792.1155619718235
S247,4,b1c37,1,7C(40%)-3C,648.0,757.2635168989727
S247,5,b1c8,1,5.4C(40%)-3.6C,879.0,931.4058274706404
S247,5,b1c9,1,5.4C(40%)-3.6C,1054.0,886.3562152535955
S247,5,b1c22,1,6C(30%)-3.6C,891.0,896.5682414902145
S247,5,b1c23,1,6C(30%)-3.6C,1014.0,962.0173650763043
S247,5,b1c38,1,7C(40%)-3.6C,617.0,553.6310441636167
S247,5,b1c39,1,7C(40%)-3.6C,625.0,585.6367223301462
S248,1,b1c3,1,4C(80%)-4C,1226.0,1303.861029853557
S248,1,b1c4,1,4C(80%)-4C,1227.0,1304.1521505779442
S248,1,b1c20,1,5.4C(80%)-5.4C,534.0,420.3771941988361
S248,1,b1c21,1,5.4C(80%)-5.4C,559.0,505.61943415502765
S248,1,b1c32,1,6C(60%)-3C,731.0,666.3358397483983
S248,1,b1c33,1,6C(60%)-3C,757.0,637.2343038245616
S248,1,b1c44,1,8C(35%)-3.6C,616.0,578.4000140902792
S248,1,b1c45,1,8C(35%)-3.6C,599.0,557.5626442131422
S248,2,b1c6,1,4.8C(80%)-4.8C,636.0,809.5066680113584
S248,2,b1c7,1,4.8C(80%)-4.8C,870.0,888.4200266324706
S248,2,b1c16,1,5.4C(60%)-3.6C,862.0,911.5422251864687
S248,2,b1c17,1,5.4C(60%)-3.6C,857.0,884.4538129742574
S248,2,b1c30,1,6C(50%)-3.6C,709.0,774.6220035317743
S248,2,b1c31,1,6C(50%)-3.6C,876.0,802.0649974702338
S248,2,b1c42,1,8C(25%)-3.6C,702.0,758.110720408982
S248,2,b1c43,1,8C(25%)-3.6C,651.0,767.9786881083519
S248,3,b1c5,1,4.4C(80%)-4.4C,1074.0,1031.5888133931849
S248,3,b1c10,1,5.4C(50%)-3C,906.0,921.0604219991167
S248,3,b1c11,1,5.4C(50%)-3C,788.0,898.0634050507366
S248,3,b1c24,1,6C(40%)-3C,1017.0,866.5423739958994
S248,3,b1c25,1,6C(40%)-3C,854.0,881.0754100527777
S248,3,b1c40,1,8C(15%)-3.6C,966.0,926.3097304997868
S248,3,b1c41,1,8C(15%)-3.6C,1051.0,927.1296741924582
S248,4,b1c12,1,5.4C(50%)-3.6C,902.0,887.4790470678349
S248,4,b1c13,1,5.4C(50%)-3.6C,897.0,918.7136008526854
S248,4,b1c26,1,6C(40%)-3.6C,870.0,810.3222018291864
S248,4,b1c27,1,6C(40%)-3.6C,842.0,810.5580800435603
S248,4,b1c36,1,7C(40%)-3C,704.0,802.0105846393839
S248,4,b1c37,1,7C(40%)-3C,648.0,765.4896680964408
S248,5,b1c8,1,5.4C(40%)-3.6C,879.0,930.022134445505
S248,5,b1c9,1,5.4C(40%)-3.6C,1054.0,906.4453462534594
S248,5,b1c22,1,6C(30%)-3.6C,891.0,890.4066903417697
S248,5,b1c23,1,6C(30%)-3.6C,1014.0,945.2584234856623
S248,5,b1c38,1,7C(40%)-3.6C,617.0,594.6958277651727
S248,5,b1c39,1,7C(40%)-3.6C,625.0,623.2436089186974
S249,1,b1c3,1,4C(80%)-4C,1226.0,1327.8855828798823
S249,1,b1c4,1,4C(80%)-4C,1227.0,1327.3589262445666
S249,1,b1c20,1,5.4C(80%)-5.4C,534.0,414.2322548541221
S249,1,b1c21,1,5.4C(80%)-5.4C,559.0,509.4904558036431
S249,1,b1c32,1,6C(60%)-3C,731.0,661.2969868255601
S249,1,b1c33,1,6C(60%)-3C,757.0,630.3110575355411
S249,1,b1c44,1,8C(35%)-3.6C,616.0,576.4178340358549
S249,1,b1c45,1,8C(35%)-3.6C,599.0,554.3511144663082
S249,2,b1c6,1,4.8C(80%)-4.8C,636.0,796.3286686778814
S249,2,b1c7,1,4.8C(80%)-4.8C,870.0,888.9673467164118
S249,2,b1c16,1,5.4C(60%)-3.6C,862.0,907.2834051237564
S249,2,b1c17,1,5.4C(60%)-3.6C,857.0,880.0893950558734
S249,2,b1c30,1,6C(50%)-3.6C,709.0,778.2035360719051
S249,2,b1c31,1,6C(50%)-3.6C,876.0,798.3801261199495
S249,2,b1c42,1,8C(25%)-3.6C,702.0,757.6935992605313
S249,2,b1c43,1,8C(25%)-3.6C,651.0,774.3978081419049
S249,3,b1c5,1,4.4C(80%)-4.4C,1074.0,1029.7852321670837
S249,3,b1c10,1,5.4C(50%)-3C,906.0,920.459550583592
S249,3,b1c11,1,5.4C(50%)-3C,788.0,883.7540642808945
S249,3,b1c24,1,6C(40%)-3C,1017.0,864.80194934032
S249,3,b1c25,1,6C(40%)-3C,854.0,882.3993850075326
S249,3,b1c40,1,8C(15%)-3.6C,966.0,934.0858715271542
S249,3,b1c41,1,8C(15%)-3.6C,1051.0,929.8217094697756
S249,4,b1c12,1,5.4C(50%)-3.6C,902.0,888.515097859823
S249,4,b1c13,1,5.4C(50%)-3.6C,897.0,919.6803383753421
S249,4,b1c26,1,6C(40%)-3.6C,870.0,812.1865207736846
S249,4,b1c27,1,6C(40%)-3.6C,842.0,814.2283083856731
S249,4,b1c36,1,7C(40%)-3C,704.0,799.9277119042397
S249,4,b1c37,1,7C(40%)-3C,648.0,763.4389700705473
S249,5,b1c8,1,5.4C(40%)-3.6C,879.0,930.4842227156712
S249,5,b1c9,1,5.4C(40%)-3.6C,1054.0,901.0939302123465
S249,5,b1c22,1,6C(30%)-3.6C,891.0,891.9872094441167
S249,5,b1c23,1,6C(30%)-3.6C,1014.0,950.096671181749
S249,5,b1c38,1,7C(40%)-3.6C,617.0,583.9174258270527
S249,5,b1c39,1,7C(40%)-3.6C,625.0,613.0941651388536
S250,1,b1c3,1,4C(80%)-4C,1226.0,1372.5622537877002
S250,1,b1c4,1,4C(80%)-4C,1227.0,1380.5703228944317
S250,1,b1c20,1,5.4C(80%)-5.4C,534.0,429.5656041075291
S250,1,b1c21,1,5.4C(80%)-5.4C,559.0,535.0000003273612
S250,1,b1c32,1,6C(60%)-3C,731.0,654.7584738728093
S250,1,b1c33,1,6C(60%)-3C,757.0,622.8581751084075
S250,1,b1c44,1,8C(35%)-3.6C,616.0,582.6694746665048
S250,1,b1c45,1,8C(35%)-3.6C,599.0,561.1783067527826
S250,2,b1c6,1,4.8C(80%)-4.8C,636.0,776.7849199683958
S250,2,b1c7,1,4.8C(80%)-4.8C,870.0,892.1888248136447
S250,2,b1c16,1,5.4C(60%)-3.6C,862.0,904.0153017602615
S250,2,b1c17,1,5.4C(60%)-3.6C,857.0,878.3135977756713
S250,2,b1c30,1,6C(50%)-3.6C,709.0,787.6873389437029
S250,2,b1c31,1,6C(50%)-3.6C,876.0,802.9161861024347
S250,2,b1c42,1,8C(25%)-3.6C,702.0,756.1824671938573
S250,2,b1c43,1,8C(25%)-3.6C,651.0,786.5186197463454
S250,3,b1c5,1,4.4C(80%)-4.4C,1074.0,1024.2050452962378
S250,3,b1c10,1,5.4C(50%)-3C,906.0,917.2893379134872
S250,3,b1c11,1,5.4C(50%)-3C,788.0,861.2440972679699
S250,3,b1c24,1,6C(40%)-3C,1017.0,860.4482035514908
S250,3,b1c25,1,6C(40%)-3C,854.0,884.1749599814056
S250,3,b1c40,1,8C(15%)-3.6C,966.0,945.5829744295758
S250,3,b1c41,1,8C(15%)-3.6C,1051.0,933.3496661972554
S250,4,b1c12,1,5.4C(50%)-3.6C,902.0,892.8463144608247
S250,4,b1c13,1,5.4C(50%)-3.6C,897.0,921.8941858580754
S250,4,b1c26,1,6C(40%)-3.6C,870.0,814.9451673892222
S250,4,b1c27,1,6C(40%)-3.6C,842.0,820.8797329171882
S250,4,b1c36,1,7C(40%)-3C,704.0,794.6510038426311
S250,4,b1c37,1,7C(40%)-3C,648.0,759.2294466741947
S250,5,b1c8,1,5.4C(40%)-3.6C,879.0,930.5579725065367
S250,5,b1c9,1,5.4C(40%)-3.6C,1054.0,890.9661394907148
S250,5,b1c22,1,6C(30%)-3.6C,891.0,894.4950276252792
S250,5,b1c23,1,6C(30%)-3.6C,1014.0,958.0740705979404
S250,5,b1c38,1,7C(40%)-3.6C,617.0,563.789679417066
S250,5,b1c39,1,7C(40%)-3.6C,625.0,594.811547974965
S251,1,b1c3,1,4C(80%)-4C,1226.0,1130.174037114601
S251,1,b1c4,1,4C(80%)-4C,1227.0,1146.8541744773609
S251,1,b1c20,1,5.4C(80%)-5.4C,534.0,530.3090821177402
S251,1,b1c21,1,5.4C(80%)-5.4C,559.0,560.0806071636363
S251,1,b1c32,1,6C(60%)-3C,731.0,714.074197524118
S251,1,b1c33,1,6C(60%)-3C,757.0,700.7372764513664
S251,1,b1c44,1,8C(35%)-3.6C,616.0,626.5076865783542
S251,1,b1c45,1,8C(35%)-3.6C,599.0,623.5619295071473
S251,2,b1c6,1,4.8C(80%)-4.8C,636.0,851.5375057405722
S251,2,b1c7,1,4.8C(80%)-4.8C,870.0,875.1921504951134
S251,2,b1c16,1,5.4C(60%)-3.6C,862.0,915.5390300509556
S251,2,b1c17,1,5.4C(60%)-3.6C,857.0,893.5700915550176
S251,2,b1c30,1,6C(50%)-3.6C,709.0,773.3504000322673
S251,2,b1c31,1,6C(50%)-3.6C,876.0,830.3005195187544
S251,2,b1c42,1,8C(25%)-3.6C,702.0,771.295086821326
S251,2,b1c43,1,8C(25%)-3.6C,651.0,761.6173596342046
S251,3,b1c5,1,4.4C(80%)-4.4C,1074.0,999.3629451022043
S251,3,b1c10,1,5.4C(50%)-3C,906.0,904.328193070294
S251,3,b1c11,1,5.4C(50%)-3C,788.0,925.3190193487583
S251,3,b1c24,1,6C(40%)-3C,1017.0,859.9393291252728
S251,3,b1c25,1,6C(40%)-3C,854.0,865.9065700447056
S251,3,b1c40,1,8C(15%)-3.6C,966.0,885.5189464672652
S251,3,b1c41,1,8C(15%)-3.6C,1051.0,900.3753626350688
S251,4,b1c12,1,5.4C(50%)-3.6C,902.0,888.314565337411
S251,4,b1c13,1,5.4C(50%)-3.6C,897.0,906.1382314541506
S251,4,b1c26,1,6C(40%)-3.6C,870.0,807.6679808334226
S251,4,b1c27,1,6C(40%)-3.6C,842.0,807.0030310962973
S251,4,b1c36,1,7C(40%)-3C,704.0,802.418345192652
S251,4,b1c37,1,7C(40%)-3C,648.0,775.9950469948635
S251,5,b1c8,1,5.4C(40%)-3.6C,879.0,909.7382481637865
S251,5,b1c9,1,5.4C(40%)-3.6C,1054.0,911.0545059471655
S251,5,b1c22,1,6C(30%)-3.6C,891.0,874.3735519974881
S251,5,b1c23,1,6C(30%)-3.6C,1014.0,911.2034033160909
S251,5,b1c38,1,7C(40%)-3.6C,617.0,657.7450652365278
S251,5,b1c39,1,7C(40%)-3.6C,625.0,682.590260125158
S252,1,b1c3,1,4C(80%)-4C,1226.0,1182.2170914688782
S252,1,b1c4,1,4C(80%)-4C,1227.0,1195.2270726142121
S252,1,b1c20,1,5.4C(80%)-5.4C,534.0,485.49667948121044
S252,1,b1c21,1,5.4C(80%)-5.4C,559.0,528.8634215580711
S252,1,b1c32,1,6C(60%)-3C,731.0,697.2067641816764
S252,1,b1c33,1,6C(60%)-3C,757.0,679.2800187721688
S252,1,b1c44,1,8C(35%)-3.6C,616.0,605.6716321286958
S252,1,b1c45,1,8C(35%)-3.6C,599.0,598.1539167070757
S252,2,b1c6,1,4.8C(80%)-4.8C,636.0,846.2962744463274
S252,2,b1c7,1,4.8C(80%)-4.8C,870.0,879.7298315591058
S252,2,b1c16,1,5.4C(60%)-3.6C,862.0,919.2018788309189
S252,2,b1c17,1,5.4C(60%)-3.6C,857.0,894.8936423471689
S252,2,b1c30,1,6C(50%)-3.6C,709.0,769.6047267142894
S252,2,b1c31,1,6C(50%)-3.6C,876.0,823.6051242773017
S252,2,b1c42,1,8C(25%)-3.6C,702.0,764.518027077449
S252,2,b1c43,1,8C(25%)-3.6C,651.0,757.1604193362377
S252,3,b1c5,1,4.4C(80%)-4.4C,1074.0,1016.532413292258
S252,3,b1c10,1,5.4C(50%)-3C,906.0,913.0321570371625
S252,3,b1c11,1,5.4C(50%)-3C,788.0,930.2795929882157
S252,3,b1c24,1,6C(40%)-3C,1017.0,865.1979569995038
S252,3,b1c25,1,6C(40%)-3C,854.0,872.755049429343
S252,3,b1c40,1,8C(15%)-3.6C,966.0,897.1015869465214
S252,3,b1c41,1,8C(15%)-3.6C,1051.0,911.0048510657504
S252,4,b1c12,1,5.4C(50%)-3.6C,902.0,889.564911258975
S252,4,b1c13,1,5.4C(50%)-3.6C,897.0,912.2158713815816
S252,4,b1c26,1,6C(40%)-3.6C,870.0,806.5328206076612
S252,4,b1c27,1,6C(40%)-3.6C,842.0,805.1001009159976
S252,4,b1c36,1,7C(40%)-3C,704.0,802.6107477641032
S252,4,b1c37,1,7C(40%)-3C,648.0,772.146035114565
S252,5,b1c8,1,5.4C(40%)-3.6C,879.0,918.4872517712848
S252,5,b1c9,1,5.4C(40%)-3.6C,1054.0,915.2313507608739
S252,5,b1c22,1,6C(30%)-3.6C,891.0,880.1121505668016
S252,5,b1c23,1,6C(30%)-3.6C,1014.0,922.3502828554076
S252,5,b1c38,1,7C(40%)-3.6C,617.0,637.2383690893143
S252,5,b1c39,1,7C(40%)-3.6C,625.0,663.9575532265555
S253,1,b1c3,1,4C(80%)-4C,1226.0,1288.570855198184
S253,1,b1c4,1,4C(80%)-4C,1227.0,1291.240616159811
S253,1,b1c20,1,5.4C(80%)-5.4C,534.0,420.61213487913375
S253,1,b1c21,1,5.4C(80%)-5.4C,559.0,502.72381416012087
S253,1,b1c32,1,6C(60%)-3C,731.0,669.5922439862654
S253,1,b1c33,1,6C(60%)-3C,757.0,641.6335111730973
S253,1,b1c44,1,8C(35%)-3.6C,616.0,580.1894836837935
S253,1,b1c45,1,8C(35%)-3.6C,599.0,562.1290617715326
S253,2,b1c6,1,4.8C(80%)-4.8C,636.0,820.7295770253925
S253,2,b1c7,1,4.8C(80%)-4.8C,870.0,888.7852308779376
S253,2,b1c16,1,5.4C(60%)-3.6C,862.0,914.6080791449187
S253,2,b1c17,1,5.4C(60%)-3.6C,857.0,887.2944270722597
S253,2,b1c30,1,6C(50%)-3.6C,709.0,772.736938109732
S253,2,b1c31,1,6C(50%)-3.6C,876.0,800.6424364105717
S253,2,b1c42,1,8C(25%)-3.6C,702.0,759.0705207217106
S253,2,b1c43,1,8C(25%)-3.6C,651.0,763.0331313788816
S253,3,b1c5,1,4.4C(80%)-4.4C,1074.0,1031.338439607957
S253,3,b1c10,1,5.4C(50%)-3C,906.0,921.1078649772113
S253,3,b1c11,1,5.4C(50%)-3C,788.0,913.1331176413233
S253,3,b1c24,1,6C(40%)-3C,1017.0,867.6989415914184
S253,3,b1c25,1,6C(40%)-3C,854.0,881.5642468506563
S253,3,b1c40,1,8C(15%)-3.6C,966.0,920.5205360722002
S253,3,b1c41,1,8C(15%)-3.6C,1051.0,925.7410226517832
S253,4,b1c12,1,5.4C(50%)-3.6C,902.0,887.6788427880193
S253,4,b1c13,1,5.4C(50%)-3.6C,897.0,918.1062139968342
S253,4,b1c26,1,6C(40%)-3.6C,870.0,808.653635483101
S253,4,b1c27,1,6C(40%)-3.6C,842.0,807.8387751505636
S253,4,b1c36,1,7C(40%)-3C,704.0,803.8381299825089
S253,4,b1c37,1,7C(40%)-3C,648.0,767.676840730808
S253,5,b1c8,1,5.4C(40%)-3.6C,879.0,928.9094603016921
S253,5,b1c9,1,5.4C(40%)-3.6C,1054.0,909.6358893691917
S253,5,b1c22,1,6C(30%)-3.6C,891.0,889.0610459580844
S253,5,b1c23,1,6C(30%)-3.6C,1014.0,941.8975062308996
S253,5,b1c38,1,7C(40%)-3.6C,617.0,600.9378966449633
S253,5,b1c39,1,7C(40%)-3.6C,625.0,629.4012646980042
S254,1,b1c3,1,4C(80%)-4C,1226.0,925.3385145555937
S254,1,b1c4,1,4C(80%)-4C,1227.0,935.3922983516659
S254,1,b1c20,1,5.4C(80%)-5.4C,534.0,745.4129447509292
S254,1,b1c21,1,5.4C(80%)-5.4C,559.0,750.1064376677331
S254,1,b1c32,1,6C(60%)-3C,731.0,801.7920245471122
S254,1,b1c33,1,6C(60%)-3C,757.0,799.5229993568344
S254,1,b1c44,1,8C(35%)-3.6C,616.0,767.2827268612753
S254,1,b1c45,1,8C(35%)-3.6C,599.0,770.0675815118389
S254,2,b1c6,1,4.8C(80%)-4.8C,636.0,849.6443797893896
S254,2,b1c7,1,4.8C(80%)-4.8C,870.0,854.2696331040399
S254,2,b1c16,1,5.4C(60%)-3.6C,862.0,872.0208070452873
S254,2,b1c17,1,5.4C(60%)-3.6C,857.0,864.1455312384263
S254,2,b1c30,1,6C(50%)-3.6C,709.0,818.3761625248799
S254,2,b1c31,1,6C(50%)-3.6C,876.0,842.4037177016284
S254,2,b1c42,1,8C(25%)-3.6C,702.0,819.7721170827808
S254,2,b1c43,1,8C(25%)-3.6C,651.0,814.6993931738792
S254,3,b1c5,1,4.4C(80%)-4.4C,1074.0,870.5260642240369
S254,3,b1c10,1,5.4C(50%)-3C,906.0,837.6425536951772
S254,3,b1c11,1,5.4C(50%)-3C,788.0,847.854772307078
S254,3,b1c24,1,6C(40%)-3C,1017.0,821.4306271929983
S254,3,b1c25,1,6C(40%)-3C,854.0,823.3373061527608
S254,3,b1c40,1,8C(15%)-3.6C,966.0,828.767252806669
S254,3,b1c41,1,8C(15%)-3.6C,1051.0,835.1134952560906
S254,4,b1c12,1,5.4C(50%)-3.6C,902.0,855.3750237992091
S254,4,b1c13,1,5.4C(50%)-3.6C,897.0,859.1271213925128
S254,4,b1c26,1,6C(40%)-3.6C,870.0,823.4242933536805
S254,4,b1c27,1,6C(40%)-3.6C,842.0,824.031899484536
S254,4,b1c36,1,7C(40%)-3C,704.0,819.7776557256047
S254,4,b1c37,1,7C(40%)-3C,648.0,811.8523359228243
S254,5,b1c8,1,5.4C(40%)-3.6C,879.0,854.172943428949
S254,5,b1c9,1,5.4C(40%)-3.6C,1054.0,857.5308886739374
S254,5,b1c22,1,6C(30%)-3.6C,891.0,842.3336396658647
S254,5,b1c23,1,6C(30%)-3.6C,1014.0,853.7695659085182
S254,5,b1c38,1,7C(40%)-3.6C,617.0,769.1210342154516
S254,5,b1c39,1,7C(40%)-3.6C,625.0,778.0795614198139
S255,1,b1c3,1,4C(80%)-4C,1226.0,960.6643416921022
S255,1,b1c4,1,4C(80%)-4C,1227.0,974.6262386168303
S255,1,b1c20,1,5.4C(80%)-5.4C,534.0,701.9380160698628
S255,1,b1c21,1,5.4C(80%)-5.4C,559.0,710.366725231657
S255,1,b1c32,1,6C(60%)-3C,731.0,784.6596320412601
S255,1,b1c33,1,6C(60%)-3C,757.0,781.2081633960769
S255,1,b1c44,1,8C(35%)-3.6C,616.0,737.3427037660147
S255,1,b1c45,1,8C(35%)-3.6C,599.0,740.3609950581885
S255,2,b1c6,1,4.8C(80%)-4.8C,636.0,851.6409465214704
S255,2,b1c7,1,4.8C(80%)-4.8C,870.0,857.2052640764076
S255,2,b1c16,1,5.4C(60%)-3.6C,862.0,882.315669096989
S255,2,b1c17,1,5.4C(60%)-3.6C,857.0,870.8787226044009
S255,2,b1c30,1,6C(50%)-3.6C,709.0,806.6500827458144
S255,2,b1c31,1,6C(50%)-3.6C,876.0,839.7447462288955
S255,2,b1c42,1,8C(25%)-3.6C,702.0,808.133207175997
S255,2,b1c43,1,8C(25%)-3.6C,651.0,801.219948647713
S255,3,b1c5,1,4.4C(80%)-4.4C,1074.0,900.5810939315459
S255,3,b1c10,1,5.4C(50%)-3C,906.0,853.7984797902134
S255,3,b1c11,1,5.4C(50%)-3C,788.0,870.0910289107968
S255,3,b1c24,1,6C(40%)-3C,1017.0,831.5604243547657
S255,3,b1c25,1,6C(40%)-3C,854.0,834.6006080658055
S255,3,b1c40,1,8C(15%)-3.6C,966.0,841.9864639323994
S255,3,b1c41,1,8C(15%)-3.6C,1051.0,851.0714695545014
S255,4,b1c12,1,5.4C(50%)-3.6C,902.0,864.7529433064542
S255,4,b1c13,1,5.4C(50%)-3.6C,897.0,870.1942598713032
S255,4,b1c26,1,6C(40%)-3.6C,870.0,819.6154528355426
S255,4,b1c27,1,6C(40%)-3.6C,842.0,820.3839177065272
S255,4,b1c36,1,7C(40%)-3C,704.0,814.6595701155566
S255,4,b1c37,1,7C(40%)-3C,648.0,803.4878701210599
S255,5,b1c8,1,5.4C(40%)-3.6C,879.0,866.3687372663927
S255,5,b1c9,1,5.4C(40%)-3.6C,1054.0,871.1411151158082
S255,5,b1c22,1,6C(30%)-3.6C,891.0,849.9150629915663
S255,5,b1c23,1,6C(30%)-3.6C,1014.0,866.2258168298588
S255,5,b1c38,1,7C(40%)-3.6C,617.0,744.3535319725114
S255,5,b1c39,1,7C(40%)-3.6C,625.0,757.0787681087592
S256,1,b1c3,1,4C(80%)-4C,1226.0,1070.4366400259587
S256,1,b1c4,1,4C(80%)-4C,1227.0,1098.5290127812373
S256,1,b1c20,1,5.4C(80%)-5.4C,534.0,620.2834703961076
S256,1,b1c21,1,5.4C(80%)-5.4C,559.0,610.4342536312379
S256,1,b1c32,1,6C(60%)-3C,731.0,731.635726906706
S256,1,b1c33,1,6C(60%)-3C,757.0,729.176474588622
S256,1,b1c44,1,8C(35%)-3.6C,616.0,649.8864756494913
S256,1,b1c45,1,8C(35%)-3.6C,599.0,644.4004724085273
S256,2,b1c6,1,4.8C(80%)-4.8C,636.0,854.4801563968574
S256,2,b1c7,1,4.8C(80%)-4.8C,870.0,864.4245144968952
S256,2,b1c16,1,5.4C(60%)-3.6C,862.0,907.0531068009004
S256,2,b1c17,1,5.4C(60%)-3.6C,857.0,884.9651984408252
S256,2,b1c30,1,6C(50%)-3.6C,709.0,776.6352997896072
S256,2,b1c31,1,6C(50%)-3.6C,876.0,826.5240467769337
S256,2,b1c42,1,8C(25%)-3.6C,702.0,775.3729638678841
S256,2,b1c43,1,8C(25%)-3.6C,651.0,766.2825780253002
S256,3,b1c5,1,4.4C(80%)-4.4C,1074.0,979.582228020799
S256,3,b1c10,1,5.4C(50%)-3C,906.0,897.1651325624243
S256,3,b1c11,1,5.4C(50%)-3C,788.0,929.3447103999463
S256,3,b1c24,1,6C(40%)-3C,1017.0,861.022804753498
S256,3,b1c25,1,6C(40%)-3C,854.0,868.6936652887989
S256,3,b1c40,1,8C(15%)-3.6C,966.0,882.7608018949448
S256,3,b1c41,1,8C(15%)-3.6C,1051.0,897.6883173439315
S256,4,b1c12,1,5.4C(50%)-3.6C,902.0,886.2773279680164
S256,4,b1c13,1,5.4C(50%)-3.6C,897.0,899.8010183313802
S256,4,b1c26,1,6C(40%)-3.6C,870.0,810.0143948492007
S256,4,b1c27,1,6C(40%)-3.6C,842.0,809.8623285410815
S256,4,b1c36,1,7C(40%)-3C,704.0,805.3006111954826
S256,4,b1c37,1,7C(40%)-3C,648.0,783.827687446821
S256,5,b1c8,1,5.4C(40%)-3.6C,879.0,900.4673978401161
S256,5,b1c9,1,5.4C(40%)-3.6C,1054.0,905.7486175366811
S256,5,b1c22,1,6C(30%)-3.6C,891.0,872.2904688630257
S256,5,b1c23,1,6C(30%)-3.6C,1014.0,904.0539991753519
S256,5,b1c38,1,7C(40%)-3.6C,617.0,669.499476779493
S256,5,b1c39,1,7C(40%)-3.6C,625.0,692.3931150806404
S257,1,b1c3,1,4C(80%)-4C,1226.0,852.3747679353274
S257,1,b1c4,1,4C(80%)-4C,1227.0,853.7255985680594
S257,1,b1c20,1,5.4C(80%)-5.4C,534.0,831.4906412349951
S257,1,b1c21,1,5.4C(80%)-5.4C,559.0,832.0613435611284
S257,1,b1c32,1,6C(60%)-3C,731.0,838.2373370246822
S257,1,b1c33,1,6C(60%)-3C,757.0,838.0325938999396
S257,1,b1c44,1,8C(35%)-3.6C,616.0,834.0952779729895
S257,1,b1c45,1,8C(35%)-3.6C,599.0,834.4765727197415
S257,2,b1c6,1,4.8C(80%)-4.8C,636.0,846.6464410346539
S257,2,b1c7,1,4.8C(80%)-4.8C,870.0,847.0602897532706
S257,2,b1c16,1,5.4C(60%)-3.6C,862.0,849.4630192607572
S257,2,b1c17,1,5.4C(60%)-3.6C,857.0,848.4289973602473
S257,2,b1c30,1,6C(50%)-3.6C,709.0,842.639832207563
S257,2,b1c31,1,6C(50%)-3.6C,876.0,845.6310503440283
S257,2,b1c42,1,8C(25%)-3.6C,702.0,842.8783515303164
S257,2,b1c43,1,8C(25%)-3.6C,651.0,842.2073498371046
S257,3,b1c5,1,4.4C(80%)-4.4C,1074.0,807.4615622342191
S257,3,b1c10,1,5.4C(50%)-3C,906.0,803.4167772111228
S257,3,b1c11,1,5.4C(50%)-3C,788.0,804.8856561721766
S257,3,b1c24,1,6C(40%)-3C,1017.0,801.4200667809181
S257,3,b1c25,1,6C(40%)-3C,854.0,801.6932930575193
S257,3,b1c40,1,8C(15%)-3.6C,966.0,802.3095296905567
S257,3,b1c41,1,8C(15%)-3.6C,1051.0,803.1335113028606
S257,4,b1c12,1,5.4C(50%)-3.6C,902.0,835.6497974524015
S257,4,b1c13,1,5.4C(50%)-3.6C,897.0,836.0145284281798
S257,4,b1c26,1,6C(40%)-3.6C,870.0,831.5328384226465
S257,4,b1c27,1,6C(40%)-3.6C,842.0,831.6441341930133
S257,4,b1c36,1,7C(40%)-3C,704.0,831.0134877201822
S257,4,b1c37,1,7C(40%)-3C,648.0,830.0985262656607
S257,5,b1c8,1,5.4C(40%)-3.6C,879.0,828.7725661950498
S257,5,b1c9,1,5.4C(40%)-3.6C,1054.0,829.3059926369315
S257,5,b1c22,1,6C(30%)-3.6C,891.0,827.3944758406773
S257,5,b1c23,1,6C(30%)-3.6C,1014.0,828.7453817170125
S257,5,b1c38,1,7C(40%)-3.6C,617.0,818.2344449522845
S257,5,b1c39,1,7C(40%)-3.6C,625.0,819.3521166201848
S258,1,b1c3,1,4C(80%)-4C,1226.0,849.9875608802549
S258,1,b1c4,1,4C(80%)-4C,1227.0,851.8587109900501
S258,1,b1c20,1,5.4C(80%)-5.4C,534.0,834.0301439396475
S258,1,b1c21,1,5.4C(80%)-5.4C,559.0,833.7606497464359
S258,1,b1c32,1,6C(60%)-3C,731.0,839.0533076880947
S258,1,b1c33,1,6C(60%)-3C,757.0,839.2607532717357
S258,1,b1c44,1,8C(35%)-3.6C,616.0,835.7079627492199
S258,1,b1c45,1,8C(35%)-3.6C,599.0,835.6574126172054
S258,2,b1c6,1,4.8C(80%)-4.8C,636.0,845.7057258182313
S258,2,b1c7,1,4.8C(80%)-4.8C,870.0,846.1458572356132
S258,2,b1c16,1,5.4C(60%)-3.6C,862.0,849.8724257737747
S258,2,b1c17,1,5.4C(60%)-3.6C,857.0,848.3921616836819
S258,2,b1c30,1,6C(50%)-3.6C,709.0,841.8969933045402
S258,2,b1c31,1,6C(50%)-3.6C,876.0,844.5543361264296
S258,2,b1c42,1,8C(25%)-3.6C,702.0,842.5188922357385
S258,2,b1c43,1,8C(25%)-3.6C,651.0,841.740276869244
S258,3,b1c5,1,4.4C(80%)-4.4C,1074.0,808.5742005015587
S258,3,b1c10,1,5.4C(50%)-3C,906.0,804.8803993184479
S258,3,b1c11,1,5.4C(50%)-3C,788.0,806.6766931992182
S258,3,b1c24,1,6C(40%)-3C,1017.0,802.765638543064
S258,3,b1c25,1,6C(40%)-3C,854.0,803.3056956902511
S258,3,b1c40,1,8C(15%)-3.6C,966.0,803.9318942204945
S258,3,b1c41,1,8C(15%)-3.6C,1051.0,804.7932088906867
S258,4,b1c12,1,5.4C(50%)-3.6C,902.0,836.5703934059268
S258,4,b1c13,1,5.4C(50%)-3.6C,897.0,836.6089226588298
S258,4,b1c26,1,6C(40%)-3.6C,870.0,831.5252391003374
S258,4,b1c27,1,6C(40%)-3.6C,842.0,831.8958000126013
S258,4,b1c36,1,7C(40%)-3C,704.0,831.0889250888307
S258,4,b1c37,1,7C(40%)-3C,648.0,830.2616745169812
S258,5,b1c8,1,5.4C(40%)-3.6C,879.0,829.181907236703
S258,5,b1c9,1,5.4C(40%)-3.6C,1054.0,830.1004387161183
S258,5,b1c22,1,6C(30%)-3.6C,891.0,828.0840699397523
S258,5,b1c23,1,6C(30%)-3.6C,1014.0,829.407313252327
S258,5,b1c38,1,7C(40%)-3.6C,617.0,817.0477178939068
S258,5,b1c39,1,7C(40%)-3.6C,625.0,818.343475485436
S259,1,b1c3,1,4C(80%)-4C,1226.0,850.8985102240472
S259,1,b1c4,1,4C(80%)-4C,1227.0,853.6427278366262
S259,1,b1c20,1,5.4C(80%)-5.4C,534.0,833.2167935737427
S259,1,b1c21,1,5.4C(80%)-5.4C,559.0,832.8603446850207
S259,1,b1c32,1,6C(60%)-3C,731.0,838.9595891469469
S259,1,b1c33,1,6C(60%)-3C,757.0,839.2641669293043
S259,1,b1c44,1,8C(35%)-3.6C,616.0,834.5553817742267
S259,1,b1c45,1,8C(35%)-3.6C,599.0,834.4881080678747
S259,2,b1c6,1,4.8C(80%)-4.8C,636.0,841.1556294862842
S259,2,b1c7,1,4.8C(80%)-4.8C,870.0,841.8695005774537
S259,2,b1c16,1,5.4C(60%)-3.6C,862.0,853.1639887277832
S259,2,b1c17,1,5.4C(60%)-3.6C,857.0,848.5614950427367
S259,2,b1c30,1,6C(50%)-3.6C,709.0,836.5925700530665
S259,2,b1c31,1,6C(50%)-3.6C,876.0,837.4918817774859
S259,2,b1c42,1,8C(25%)-3.6C,702.0,838.3263196231147
S259,2,b1c43,1,8C(25%)-3.6C,651.0,837.263172244036
S259,3,b1c5,1,4.4C(80%)-4.4C,1074.0,818.1138719894483
S259,3,b1c10,1,5.4C(50%)-3C,906.0,814.6183829871532
S259,3,b1c11,1,5.4C(50%)-3C,788.0,818.7523024371815
S259,3,b1c24,1,6C(40%)-3C,1017.0,811.3036532967217
S259,3,b1c25,1,6C(40%)-3C,854.0,814.0657505973917
S259,3,b1c40,1,8C(15%)-3.6C,966.0,815.1307281391237
S259,3,b1c41,1,8C(15%)-3.6C,1051.0,815.9782617893029
S259,4,b1c12,1,5.4C(50%)-3.6C,902.0,843.9714321124351
S259,4,b1c13,1,5.4C(50%)-3.6C,897.0,841.3562872223105
S259,4,b1c26,1,6C(40%)-3.6C,870.0,831.1623259431119
S259,4,b1c27,1,6C(40%)-3.6C,842.0,833.6491956008027
S259,4,b1c36,1,7C(40%)-3C,704.0,826.813639885667
S259,4,b1c37,1,7C(40%)-3C,648.0,826.8681319625848
S259,5,b1c8,1,5.4C(40%)-3.6C,879.0,833.6072289291153
S259,5,b1c9,1,5.4C(40%)-3.6C,1054.0,835.846746975075
S259,5,b1c22,1,6C(30%)-3.6C,891.0,832.3188670702526
S259,5,b1c23,1,6C(30%)-3.6C,1014.0,834.9058411721845
S259,5,b1c38,1,7C(40%)-3.6C,617.0,805.5275917753554
S259,5,b1c39,1,7C(40%)-3.6C,625.0,808.3503950514765
S260,1,b1c3,1,4C(80%)-4C,1226.0,1602.5538682843664
S260,1,b1c4,1,4C(80%)-4C,1227.0,1648.2965980375534
S260,1,b1c20,1,5.4C(80%)-5.4C,534.0,511.27286886694577
S260,1,b1c21,1,5.4C(80%)-5.4C,559.0,575.5523603456012
S260,1,b1c32,1,6C(60%)-3C,731.0,662.3722897236094
S260,1,b1c33,1,6C(60%)-3C,757.0,639.8923803094137
S260,1,b1c44,1,8C(35%)-3.6C,616.0,605.7308225195461
S260,1,b1c45,1,8C(35%)-3.6C,599.0,587.2157805594912
S260,2,b1c6,1,4.8C(80%)-4.8C,636.0,763.2772137949313
S260,2,b1c7,1,4.8C(80%)-4.8C,870.0,883.4075702402772
S260,2,b1c16,1,5.4C(60%)-3.6C,862.0,918.1339956025681
S260,2,b1c17,1,5.4C(60%)-3.6C,857.0,897.8190513564336
S260,2,b1c30,1,6C(50%)-3.6C,709.0,802.9867832171356
S260,2,b1c31,1,6C(50%)-3.6C,876.0,819.4543856070663
S260,2,b1c42,1,8C(25%)-3.6C,702.0,743.27976322225
S260,2,b1c43,1,8C(25%)-3.6C,651.0,783.6433625617758
S260,3,b1c5,1,4.4C(80%)-4.4C,1074.0,1007.2028445247169
S260,3,b1c10,1,5.4C(50%)-3C,906.0,928.9354972104392
S260,3,b1c11,1,5.4C(50%)-3C,788.0,833.6585094347738
S260,3,b1c24,1,6C(40%)-3C,1017.0,850.7548842187853
S260,3,b1c25,1,6C(40%)-3C,854.0,875.0557378744137
S260,3,b1c40,1,8C(15%)-3.6C,966.0,946.3071395996573
S260,3,b1c41,1,8C(15%)-3.6C,1051.0,922.6210861454466
S260,4,b1c12,1,5.4C(50%)-3.6C,902.0,884.9925336152853
S260,4,b1c13,1,5.4C(50%)-3.6C,897.0,919.2649428365443
S260,4,b1c26,1,6C(40%)-3.6C,870.0,809.037451113522
S260,4,b1c27,1,6C(40%)-3.6C,842.0,822.6954906786211
S260,4,b1c36,1,7C(40%)-3C,704.0,774.4548495263031
S260,4,b1c37,1,7C(40%)-3C,648.0,743.4449632796927
S260,5,b1c8,1,5.4C(40%)-3.6C,879.0,916.7775291664612
S260,5,b1c9,1,5.4C(40%)-3.6C,1054.0,868.8158704030075
S260,5,b1c22,1,6C(30%)-3.6C,891.0,882.8290486801529
S260,5,b1c23,1,6C(30%)-3.6C,1014.0,949.0911433214176
S260,5,b1c38,1,7C(40%)-3.6C,617.0,574.9468442653705
S260,5,b1c39,1,7C(40%)-3.6C,625.0,601.7898882900362
S261,1,b1c3,1,4C(80%)-4C,1226.0,1594.8119415301621
S261,1,b1c4,1,4C(80%)-4C,1227.0,1637.4723363198468
S261,1,b1c20,1,5.4C(80%)-5.4C,534.0,508.7567498579146
S261,1,b1c21,1,5.4C(80%)-5.4C,559.0,572.8533223991673
S261,1,b1c32,1,6C(60%)-3C,731.0,662.644980252737
S261,1,b1c33,1,6C(60%)-3C,757.0,640.0542224245835
S261,1,b1c44,1,8C(35%)-3.6C,616.0,604.6525610069975
S261,1,b1c45,1,8C(35%)-3.6C,599.0,586.055908875802
S261,2,b1c6,1,4.8C(80%)-4.8C,636.0,761.0665570269433
S261,2,b1c7,1,4.8C(80%)-4.8C,870.0,879.8581421220903
S261,2,b1c16,1,5.4C(60%)-3.6C,862.0,918.6041213062427
S261,2,b1c17,1,5.4C(60%)-3.6C,857.0,896.3557469266148
S261,2,b1c30,1,6C(50%)-3.6C,709.0,801.7693991908801
S261,2,b1c31,1,6C(50%)-3.6C,876.0,816.5973061438146
S261,2,b1c42,1,8C(25%)-3.6C,702.0,743.2208557739515
S261,2,b1c43,1,8C(25%)-3.6C,651.0,782.5601119806788
S261,3,b1c5,1,4.4C(80%)-4.4C,1074.0,1007.2043871742228
S261,3,b1c10,1,5.4C(50%)-3C,906.0,928.6499729984422
S261,3,b1c11,1,5.4C(50%)-3C,788.0,836.083766023465
S261,3,b1c24,1,6C(40%)-3C,1017.0,850.7966214240791
S261,3,b1c25,1,6C(40%)-3C,854.0,875.190273645261
S261,3,b1c40,1,8C(15%)-3.6C,966.0,945.3795314972579
S261,3,b1c41,1,8C(15%)-3.6C,1051.0,922.5119413140209
S261,4,b1c12,1,5.4C(50%)-3.6C,902.0,885.0270727991474
S261,4,b1c13,1,5.4C(50%)-3.6C,897.0,919.1051859791598
S261,4,b1c26,1,6C(40%)-3.6C,870.0,808.6648449006434
S261,4,b1c27,1,6C(40%)-3.6C,842.0,822.1547301597021
S261,4,b1c36,1,7C(40%)-3C,704.0,774.7333657412477
S261,4,b1c37,1,7C(40%)-3C,648.0,743.7329883006325
S261,5,b1c8,1,5.4C(40%)-3.6C,879.0,916.5956294865704
S261,5,b1c9,1,5.4C(40%)-3.6C,1054.0,869.2358085679853
S261,5,b1c22,1,6C(30%)-3.6C,891.0,882.5773181296132
S261,5,b1c23,1,6C(30%)-3.6C,1014.0,948.6436442437184
S261,5,b1c38,1,7C(40%)-3.6C,617.0,575.5127990881152
S261,5,b1c39,1,7C(40%)-3.6C,625.0,602.3594179750272
S262,1,b1c3,1,4C(80%)-4C,1226.0,1592.6685028573809
S262,1,b1c4,1,4C(80%)-4C,1227.0,1635.688382956391
S262,1,b1c20,1,5.4C(80%)-5.4C,534.0,508.67352145158196
S262,1,b1c21,1,5.4C(80%)-5.4C,559.0,572.6055498783627
S262,1,b1c32,1,6C(60%)-3C,731.0,662.8313832285521
S262,1,b1c33,1,6C(60%)-3C,757.0,640.2991413709781
S262,1,b1c44,1,8C(35%)-3.6C,616.0,604.7245369234462
S262,1,b1c45,1,8C(35%)-3.6C,599.0,586.2711687401754
S262,2,b1c6,1,4.8C(80%)-4.8C,636.0,758.8424658961846
S262,2,b1c7,1,4.8C(80%)-4.8C,870.0,876.2965272834329
S262,2,b1c16,1,5.4C(60%)-3.6C,862.0,919.0690473090096
S262,2,b1c17,1,5.4C(60%)-3.6C,857.0,894.8766298142709
S262,2,b1c30,1,6C(50%)-3.6C,709.0,800.5422704037466
S262,2,b1c31,1,6C(50%)-3.6C,876.0,813.7236850743548
S262,2,b1c42,1,8C(25%)-3.6C,702.0,743.1628168681933
S262,2,b1c43,1,8C(25%)-3.6C,651.0,781.472682621567
S262,3,b1c5,1,4.4C(80%)-4.4C,1074.0,1007.205487386014
S262,3,b1c10,1,5.4C(50%)-3C,906.0,928.3626640818254
S262,3,b1c11,1,5.4C(50%)-3C,788.0,838.5205980735634
S262,3,b1c24,1,6C(40%)-3C,1017.0,850.8377488794638
S262,3,b1c25,1,6C(40%)-3C,854.0,875.3251117605477
S262,3,b1c40,1,8C(15%)-3.6C,966.0,944.4511580997081
S262,3,b1c41,1,8C(15%)-3.6C,1051.0,922.4027663843868
S262,4,b1c12,1,5.4C(50%)-3.6C,902.0,885.062350582318
S262,4,b1c13,1,5.4C(50%)-3.6C,897.0,918.9450530281695
S262,4,b1c26,1,6C(40%)-3.6C,870.0,808.2912407804165
S262,4,b1c27,1,6C(40%)-3.6C,842.0,821.6130670875473
S262,4,b1c36,1,7C(40%)-3C,704.0,775.0121167530518
S262,4,b1c37,1,7C(40%)-3C,648.0,744.0214524234866
S262,5,b1c8,1,5.4C(40%)-3.6C,879.0,916.413061921558
S262,5,b1c9,1,5.4C(40%)-3.6C,1054.0,869.6565729737443
S262,5,b1c22,1,6C(30%)-3.6C,891.0,882.3247304985231
S262,5,b1c23,1,6C(30%)-3.6C,1014.0,948.1954666972182
S262,5,b1c38,1,7C(40%)-3.6C,617.0,576.0805778899088
S262,5,b1c39,1,7C(40%)-3.6C,625.0,602.9307323095788
S263,1,b1c3,1,4C(80%)-4C,1226.0,1591.1092003071092
S263,1,b1c4,1,4C(80%)-4C,1227.0,1633.8675094237765
S263,1,b1c20,1,5.4C(80%)-5.4C,534.0,508.5502081063607
S263,1,b1c21,1,5.4C(80%)-5.4C,559.0,572.4109369630586
S263,1,b1c32,1,6C(60%)-3C,731.0,662.9345511825538
S263,1,b1c33,1,6C(60%)-3C,757.0,640.3922109231137
S263,1,b1c44,1,8C(35%)-3.6C,616.0,604.7963605396463
S263,1,b1c45,1,8C(35%)-3.6C,599.0,586.4812446226044
S263,2,b1c6,1,4.8C(80%)-4.8C,636.0,756.6889618486881
S263,2,b1c7,1,4.8C(80%)-4.8C,870.0,871.8439974408182
S263,2,b1c16,1,5.4C(60%)-3.6C,862.0,917.2956978828357
S263,2,b1c17,1,5.4C(60%)-3.6C,857.0,891.0308185375716
S263,2,b1c30,1,6C(50%)-3.6C,709.0,797.702686893129
S263,2,b1c31,1,6C(50%)-3.6C,876.0,807.7327991912205
S263,2,b1c42,1,8C(25%)-3.6C,702.0,743.6215981951831
S263,2,b1c43,1,8C(25%)-3.6C,651.0,779.9202013026725
S263,3,b1c5,1,4.4C(80%)-4.4C,1074.0,1007.3023978285731
S263,3,b1c10,1,5.4C(50%)-3C,906.0,927.5713582058003
S263,3,b1c11,1,5.4C(50%)-3C,788.0,841.3378865285067
S263,3,b1c24,1,6C(40%)-3C,1017.0,850.7151651566219
S263,3,b1c25,1,6C(40%)-3C,854.0,875.4043807906556
S263,3,b1c40,1,8C(15%)-3.6C,966.0,943.2426421304984
S263,3,b1c41,1,8C(15%)-3.6C,1051.0,922.2728627638855
S263,4,b1c12,1,5.4C(50%)-3.6C,902.0,885.295189984942
S263,4,b1c13,1,5.4C(50%)-3.6C,897.0,918.4081482514665
S263,4,b1c26,1,6C(40%)-3.6C,870.0,807.3224558642678
S263,4,b1c27,1,6C(40%)-3.6C,842.0,820.4102234487607
S263,4,b1c36,1,7C(40%)-3C,704.0,775.3332345087607
S263,4,b1c37,1,7C(40%)-3C,648.0,744.4413673244022
S263,5,b1c8,1,5.4C(40%)-3.6C,879.0,915.7964120035592
S263,5,b1c9,1,5.4C(40%)-3.6C,1054.0,870.5956867895245
S263,5,b1c22,1,6C(30%)-3.6C,891.0,881.425421654587
S263,5,b1c23,1,6C(30%)-3.6C,1014.0,947.0908510390608
S263,5,b1c38,1,7C(40%)-3.6C,617.0,577.7841044733668
S263,5,b1c39,1,7C(40%)-3.6C,625.0,604.5543402078416
S264,1,b1c3,1,4C(80%)-4C,1226.0,1569.8762668454617
S264,1,b1c4,1,4C(80%)-4C,1227.0,1616.1706599004153
S264,1,b1c20,1,5.4C(80%)-5.4C,534.0,507.7153712061655
S264,1,b1c21,1,5.4C(80%)-5.4C,559.0,569.9421732130979
S264,1,b1c32,1,6C(60%)-3C,731.0,664.7991046998702
S264,1,b1c33,1,6C(60%)-3C,757.0,642.8431214881559
S264,1,b1c44,1,8C(35%)-3.6C,616.0,605.5146238539703
S264,1,b1c45,1,8C(35%)-3.6C,599.0,588.6366498103241
S264,2,b1c6,1,4.8C(80%)-4.8C,636.0,760.813085492898
S264,2,b1c7,1,4.8C(80%)-4.8C,870.0,863.8672784219351
S264,2,b1c16,1,5.4C(60%)-3.6C,862.0,918.5822749617495
S264,2,b1c17,1,5.4C(60%)-3.6C,857.0,887.6736464441846
S264,2,b1c30,1,6C(50%)-3.6C,709.0,790.7065557575365
S264,2,b1c31,1,6C(50%)-3.6C,876.0,796.8734488725145
S264,2,b1c42,1,8C(25%)-3.6C,702.0,744.5090896620745
S264,2,b1c43,1,8C(25%)-3.6C,651.0,772.4406859260284
S264,3,b1c5,1,4.4C(80%)-4.4C,1074.0,1007.3286087105631
S264,3,b1c10,1,5.4C(50%)-3C,906.0,924.7945977855229
S264,3,b1c11,1,5.4C(50%)-3C,788.0,865.9482655799088
S264,3,b1c24,1,6C(40%)-3C,1017.0,851.1542749777243
S264,3,b1c25,1,6C(40%)-3C,854.0,876.7405138199853
S264,3,b1c40,1,8C(15%)-3.6C,966.0,934.1047246424143
S264,3,b1c41,1,8C(15%)-3.6C,1051.0,921.1840930951934
S264,4,b1c12,1,5.4C(50%)-3.6C,902.0,885.624976197293
S264,4,b1c13,1,5.4C(50%)-3.6C,897.0,916.8320319959383
S264,4,b1c26,1,6C(40%)-3.6C,870.0,803.6535982118376
S264,4,b1c27,1,6C(40%)-3.6C,842.0,815.0826139625303
S264,4,b1c36,1,7C(40%)-3C,704.0,778.1146640275169
S264,4,b1c37,1,7C(40%)-3C,648.0,747.314839220173
S264,5,b1c8,1,5.4C(40%)-3.6C,879.0,913.9957680069155
S264,5,b1c9,1,5.4C(40%)-3.6C,1054.0,874.7917167164773
S264,5,b1c22,1,6C(30%)-3.6C,891.0,878.9370869174408
S264,5,b1c23,1,6C(30%)-3.6C,1014.0,942.65882423307
S264,5,b1c38,1,7C(40%)-3.6C,617.0,583.4597551458539
S264,5,b1c39,1,7C(40%)-3.6C,625.0,610.2644516327459
S265,1,b1c3,1,4C(80%)-4C,1226.0,1548.8845369483279
S265,1,b1c4,1,4C(80%)-4C,1227.0,1598.6338810006862
S265,1,b1c20,1,5.4C(80%)-5.4C,534.0,506.88756284467786
S265,1,b1c21,1,5.4C(80%)-5.4C,559.0,567.4791594023391
S265,1,b1c32,1,6C(60%)-3C,731.0,666.6736924564075
S265,1,b1c33,1,6C(60%)-3C,757.0,645.3101785010876
S265,1,b1c44,1,8C(35%)-3.6C,616.0,606.2373909358691
S265,1,b1c45,1,8C(35%)-3.6C,599.0,590.8043697382428
S265,2,b1c6,1,4.8C(80%)-4.8C,636.0,775.1073421347772
S265,2,b1c7,1,4.8C(80%)-4.8C,870.0,865.7324672267836
S265,2,b1c16,1,5.4C(60%)-3.6C,862.0,917.5975940603832
S265,2,b1c17,1,5.4C(60%)-3.6C,857.0,887.2261942022021
S265,2,b1c30,1,6C(50%)-3.6C,709.0,785.3786575592811
S265,2,b1c31,1,6C(50%)-3.6C,876.0,789.6199043834746
S265,2,b1c42,1,8C(25%)-3.6C,702.0,746.3871179981866
S265,2,b1c43,1,8C(25%)-3.6C,651.0,766.0876536612705
S265,3,b1c5,1,4.4C(80%)-4.4C,1074.0,1007.3183645226327
S265,3,b1c10,1,5.4C(50%)-3C,906.0,921.8272567607811
S265,3,b1c11,1,5.4C(50%)-3C,788.0,891.7985183465232
S265,3,b1c24,1,6C(40%)-3C,1017.0,851.5297556618822
S265,3,b1c25,1,6C(40%)-3C,854.0,878.1081903212139
S265,3,b1c40,1,8C(15%)-3.6C,966.0,924.8763607015088
S265,3,b1c41,1,8C(15%)-3.6C,1051.0,920.0925989840615
S265,4,b1c12,1,5.4C(50%)-3.6C,902.0,886.023281083036
S265,4,b1c13,1,5.4C(50%)-3.6C,897.0,915.2021404471869
S265,4,b1c26,1,6C(40%)-3.6C,870.0,799.866311394538
S265,4,b1c27,1,6C(40%)-3.6C,842.0,809.6386542686021
S265,4,b1c36,1,7C(40%)-3C,704.0,780.9307707457152
S265,4,b1c37,1,7C(40%)-3C,648.0,750.2431991576263
S265,5,b1c8,1,5.4C(40%)-3.6C,879.0,912.1266679751626
S265,5,b1c9,1,5.4C(40%)-3.6C,1054.0,879.0834109815864
S265,5,b1c22,1,6C(30%)-3.6C,891.0,876.357811542292
S265,5,b1c23,1,6C(30%)-3.6C,1014.0,938.1503785822126
S265,5,b1c38,1,7C(40%)-3.6C,617.0,589.339724413562
S265,5,b1c39,1,7C(40%)-3.6C,625.0,616.1726958578969
S266,1,b1c3,1,4C(80%)-4C,1226.0,1512.5520952513034
S266,1,b1c4,1,4C(80%)-4C,1227.0,1547.3979330501047
S266,1,b1c20,1,5.4C(80%)-5.4C,534.0,496.5456706933924
S266,1,b1c21,1,5.4C(80%)-5.4C,559.0,556.1329325463206
S266,1,b1c32,1,6C(60%)-3C,731.0,668.1129052947239
S266,1,b1c33,1,6C(60%)-3C,757.0,646.115794298875
S266,1,b1c44,1,8C(35%)-3.6C,616.0,602.1945268133867
S266,1,b1c45,1,8C(35%)-3.6C,599.0,586.9447220110162
S266,2,b1c6,1,4.8C(80%)-4.8C,636.0,785.6922236548124
S266,2,b1c7,1,4.8C(80%)-4.8C,870.0,863.2607593722573
S266,2,b1c16,1,5.4C(60%)-3.6C,862.0,907.9956658868169
S266,2,b1c17,1,5.4C(60%)-3.6C,857.0,878.1672826935954
S266,2,b1c30,1,6C(50%)-3.6C,709.0,774.4563693349986
S266,2,b1c31,1,6C(50%)-3.6C,876.0,776.0834866507797
S266,2,b1c42,1,8C(25%)-3.6C,702.0,749.4360047548942
S266,2,b1c43,1,8C(25%)-3.6C,651.0,759.7136413300025
S266,3,b1c5,1,4.4C(80%)-4.4C,1074.0,1009.2568708758482
S266,3,b1c10,1,5.4C(50%)-3C,906.0,920.0691634604404
S266,3,b1c11,1,5.4C(50%)-3C,788.0,905.9636414285742
S266,3,b1c24,1,6C(40%)-3C,1017.0,852.2227057124587
S266,3,b1c25,1,6C(40%)-3C,854.0,878.034580125276
S266,3,b1c40,1,8C(15%)-3.6C,966.0,918.5893192104047
S266,3,b1c41,1,8C(15%)-3.6C,1051.0,918.937266867243
S266,4,b1c12,1,5.4C(50%)-3.6C,902.0,885.606752349876
S266,4,b1c13,1,5.4C(50%)-3.6C,897.0,912.1245201494559
S266,4,b1c26,1,6C(40%)-3.6C,870.0,795.5492946273539
S266,4,b1c27,1,6C(40%)-3.6C,842.0,803.6068612235889
S266,4,b1c36,1,7C(40%)-3C,704.0,783.3399552656607
S266,4,b1c37,1,7C(40%)-3C,648.0,752.84697224397
S266,5,b1c8,1,5.4C(40%)-3.6C,879.0,909.597234495543
S266,5,b1c9,1,5.4C(40%)-3.6C,1054.0,885.096744938436
S266,5,b1c22,1,6C(30%)-3.6C,891.0,872.2591027505504
S266,5,b1c23,1,6C(30%)-3.6C,1014.0,931.9123584951091
S266,5,b1c38,1,7C(40%)-3.6C,617.0,599.6365935702158
S266,5,b1c39,1,7C(40%)-3.6C,625.0,625.8557619064557
S267,1,b1c3,1,4C(80%)-4C,1226.0,1342.7324901053107
S267,1,b1c4,1,4C(80%)-4C,1227.0,1421.1957508252463
S267,1,b1c20,1,5.4C(80%)-5.4C,534.0,503.08882418040906
S267,1,b1c21,1,5.4C(80%)-5.4C,559.0,545.3661720212733
S267,1,b1c32,1,6C(60%)-3C,731.0,686.7997469048133
S267,1,b1c33,1,6C(60%)-3C,757.0,672.1768789940539
S267,1,b1c44,1,8C(35%)-3.6C,616.0,614.7583101780824
S267,1,b1c45,1,8C(35%)-3.6C,599.0,614.4034134234355
S267,2,b1c6,1,4.8C(80%)-4.8C,636.0,793.4246481402913
S267,2,b1c7,1,4.8C(80%)-4.8C,870.0,827.51291171681
S267,2,b1c16,1,5.4C(60%)-3.6C,862.0,913.2836449622056
S267,2,b1c17,1,5.4C(60%)-3.6C,857.0,872.224831087136
S267,2,b1c30,1,6C(50%)-3.6C,709.0,765.7305605660395
S267,2,b1c31,1,6C(50%)-3.6C,876.0,772.5051734040891
S267,2,b1c42,1,8C(25%)-3.6C,702.0,747.5754843999811
S267,2,b1c43,1,8C(25%)-3.6C,651.0,748.4586262941409
S267,3,b1c5,1,4.4C(80%)-4.4C,1074.0,994.2805434748631
S267,3,b1c10,1,5.4C(50%)-3C,906.0,913.1160821301947
S267,3,b1c11,1,5.4C(50%)-3C,788.0,959.2910330115077
S267,3,b1c24,1,6C(40%)-3C,1017.0,858.3022845581418
S267,3,b1c25,1,6C(40%)-3C,854.0,890.4944679303296
S267,3,b1c40,1,8C(15%)-3.6C,966.0,909.8115875578923
S267,3,b1c41,1,8C(15%)-3.6C,1051.0,920.4387300590342
S267,4,b1c12,1,5.4C(50%)-3.6C,902.0,894.1636491259914
S267,4,b1c13,1,5.4C(50%)-3.6C,897.0,903.5854738858397
S267,4,b1c26,1,6C(40%)-3.6C,870.0,787.7486017816977
S267,4,b1c27,1,6C(40%)-3.6C,842.0,795.7498098457504
S267,4,b1c36,1,7C(40%)-3C,704.0,778.8928916062815
S267,4,b1c37,1,7C(40%)-3C,648.0,756.7153918792155
S267,5,b1c8,1,5.4C(40%)-3.6C,879.0,892.60201442887
S267,5,b1c9,1,5.4C(40%)-3.6C,1054.0,903.6548686818135
S267,5,b1c22,1,6C(30%)-3.6C,891.0,857.9586473874571
S267,5,b1c23,1,6C(30%)-3.6C,1014.0,909.3609931167903
S267,5,b1c38,1,7C(40%)-3.6C,617.0,626.4359025996417
S267,5,b1c39,1,7C(40%)-3.6C,625.0,654.094138073012
S268,1,b1c3,1,4C(80%)-4C,1226.0,1189.9881694884748
S268,1,b1c4,1,4C(80%)-4C,1227.0,1311.3355259321722
S268,1,b1c20,1,5.4C(80%)-5.4C,534.0,585.0153282010823
S268,1,b1c21,1,5.4C(80%)-5.4C,559.0,583.289181282862
S268,1,b1c32,1,6C(60%)-3C,731.0,707.0330553201155
S268,1,b1c33,1,6C(60%)-3C,757.0,709.9389372467665
S268,1,b1c44,1,8C(35%)-3.6C,616.0,626.1926306701083
S268,1,b1c45,1,8C(35%)-3.6C,599.0,626.1802113065593
S268,2,b1c6,1,4.8C(80%)-4.8C,636.0,788.3108265675417
S268,2,b1c7,1,4.8C(80%)-4.8C,870.0,796.7040911992507
S268,2,b1c16,1,5.4C(60%)-3.6C,862.0,914.6653804407036
S268,2,b1c17,1,5.4C(60%)-3.6C,857.0,864.1422907139527
S268,2,b1c30,1,6C(50%)-3.6C,709.0,761.9149329897296
S268,2,b1c31,1,6C(50%)-3.6C,876.0,775.1333985973052
S268,2,b1c42,1,8C(25%)-3.6C,702.0,743.4505208920947
S268,2,b1c43,1,8C(25%)-3.6C,651.0,744.3260828142573
S268,3,b1c5,1,4.4C(80%)-4.4C,1074.0,977.856134415342
S268,3,b1c10,1,5.4C(50%)-3C,906.0,907.7319972604611
S268,3,b1c11,1,5.4C(50%)-3C,788.0,967.77858712515
S268,3,b1c24,1,6C(40%)-3C,1017.0,859.0069684396879
S268,3,b1c25,1,6C(40%)-3C,854.0,896.2877626887874
S268,3,b1c40,1,8C(15%)-3.6C,966.0,908.8567461861634
S268,3,b1c41,1,8C(15%)-3.6C,1051.0,918.6810655240115
S268,4,b1c12,1,5.4C(50%)-3.6C,902.0,907.6942731281337
S268,4,b1c13,1,5.4C(50%)-3.6C,897.0,898.2870302579655
S268,4,b1c26,1,6C(40%)-3.6C,870.0,789.0189485353043
S268,4,b1c27,1,6C(40%)-3.6C,842.0,803.5870778196809
S268,4,b1c36,1,7C(40%)-3C,704.0,763.0544345588571
S268,4,b1c37,1,7C(40%)-3C,648.0,752.2800363087632
S268,5,b1c8,1,5.4C(40%)-3.6C,879.0,881.0364167635126
S268,5,b1c9,1,5.4C(40%)-3.6C,1054.0,902.2030537692934
S268,5,b1c22,1,6C(30%)-3.6C,891.0,855.8452210062226
S268,5,b1c23,1,6C(30%)-3.6C,1014.0,898.2643223869526
S268,5,b1c38,1,7C(40%)-3.6C,617.0,633.1032757093091
S268,5,b1c39,1,7C(40%)-3.6C,625.0,659.2629203883859
S269,1,b1c3,1,4C(80%)-4C,1226.0,1122.448559125529
S269,1,b1c4,1,4C(80%)-4C,1227.0,1212.5492847594135
S269,1,b1c20,1,5.4C(80%)-5.4C,534.0,593.9936292991738
S269,1,b1c21,1,5.4C(80%)-5.4C,559.0,584.2302530719005
S269,1,b1c32,1,6C(60%)-3C,731.0,713.4023053580754
S269,1,b1c33,1,6C(60%)-3C,757.0,717.473474723964
S269,1,b1c44,1,8C(35%)-3.6C,616.0,626.2884638604793
S269,1,b1c45,1,8C(35%)-3.6C,599.0,623.9978331118378
S269,2,b1c6,1,4.8C(80%)-4.8C,636.0,787.2765951507338
S269,2,b1c7,1,4.8C(80%)-4.8C,870.0,794.2132046597325
S269,2,b1c16,1,5.4C(60%)-3.6C,862.0,890.0768427152223
S269,2,b1c17,1,5.4C(60%)-3.6C,857.0,847.8418753120518
S269,2,b1c30,1,6C(50%)-3.6C,709.0,757.5413412567713
S269,2,b1c31,1,6C(50%)-3.6C,876.0,768.8532488062302
S269,2,b1c42,1,8C(25%)-3.6C,702.0,752.0171209487467
S269,2,b1c43,1,8C(25%)-3.6C,651.0,752.79506871249
S269,3,b1c5,1,4.4C(80%)-4.4C,1074.0,970.4102044092107
S269,3,b1c10,1,5.4C(50%)-3C,906.0,908.3262729130439
S269,3,b1c11,1,5.4C(50%)-3C,788.0,960.3218676977561
S269,3,b1c24,1,6C(40%)-3C,1017.0,866.8312132599085
S269,3,b1c25,1,6C(40%)-3C,854.0,896.4105163661759
S269,3,b1c40,1,8C(15%)-3.6C,966.0,909.2137139750322
S269,3,b1c41,1,8C(15%)-3.6C,1051.0,919.1965890530511
S269,4,b1c12,1,5.4C(50%)-3.6C,902.0,893.72125234898
S269,4,b1c13,1,5.4C(50%)-3.6C,897.0,892.6285229948753
S269,4,b1c26,1,6C(40%)-3.6C,870.0,792.578524520362
S269,4,b1c27,1,6C(40%)-3.6C,842.0,802.8496424250999
S269,4,b1c36,1,7C(40%)-3C,704.0,771.4786543606072
S269,4,b1c37,1,7C(40%)-3C,648.0,759.309126529849
S269,5,b1c8,1,5.4C(40%)-3.6C,879.0,884.1236942834253
S269,5,b1c9,1,5.4C(40%)-3.6C,1054.0,901.074748398654
S269,5,b1c22,1,6C(30%)-3.6C,891.0,863.0380603796863
S269,5,b1c23,1,6C(30%)-3.6C,1014.0,899.7413293815005
S269,5,b1c38,1,7C(40%)-3.6C,617.0,637.7127132328746
S269,5,b1c39,1,7C(40%)-3.6C,625.0,661.5678797684051
S270,1,b1c3,1,4C(80%)-4C,1226.0,885.4533232255677
S270,1,b1c4,1,4C(80%)-4C,1227.0,906.4929992714428
S270,1,b1c20,1,5.4C(80%)-5.4C,534.0,782.8878151091269
S270,1,b1c21,1,5.4C(80%)-5.4C,559.0,781.374658402479
S270,1,b1c32,1,6C(60%)-3C,731.0,808.3180025740672
S270,1,b1c33,1,6C(60%)-3C,757.0,810.2259716134427
S270,1,b1c44,1,8C(35%)-3.6C,616.0,787.6941438605204
S270,1,b1c45,1,8C(35%)-3.6C,599.0,788.1083625455573
S270,2,b1c6,1,4.8C(80%)-4.8C,636.0,811.1746580213568
S270,2,b1c7,1,4.8C(80%)-4.8C,870.0,815.2988469363195
S270,2,b1c16,1,5.4C(60%)-3.6C,862.0,885.0238624471365
S270,2,b1c17,1,5.4C(60%)-3.6C,857.0,857.2205697687768
S270,2,b1c30,1,6C(50%)-3.6C,709.0,799.2829183855968
S270,2,b1c31,1,6C(50%)-3.6C,876.0,807.2371136310425
S270,2,b1c42,1,8C(25%)-3.6C,702.0,778.5013568799156
S270,2,b1c43,1,8C(25%)-3.6C,651.0,779.0281193766069
S270,3,b1c5,1,4.4C(80%)-4.4C,1074.0,865.062842430964
S270,3,b1c10,1,5.4C(50%)-3C,906.0,837.9942928931243
S270,3,b1c11,1,5.4C(50%)-3C,788.0,863.7935061323525
S270,3,b1c24,1,6C(40%)-3C,1017.0,815.2076868717016
S270,3,b1c25,1,6C(40%)-3C,854.0,833.2141442514674
S270,3,b1c40,1,8C(15%)-3.6C,966.0,837.9218723543929
S270,3,b1c41,1,8C(15%)-3.6C,1051.0,841.6169166290526
S270,4,b1c12,1,5.4C(50%)-3.6C,902.0,876.1522904781472
S270,4,b1c13,1,5.4C(50%)-3.6C,897.0,859.5158046988433
S270,4,b1c26,1,6C(40%)-3.6C,870.0,800.3710460738945
S270,4,b1c27,1,6C(40%)-3.6C,842.0,814.42053237335
S270,4,b1c36,1,7C(40%)-3C,704.0,769.4702145068424
S270,4,b1c37,1,7C(40%)-3C,648.0,770.2811057297022
S270,5,b1c8,1,5.4C(40%)-3.6C,879.0,836.97405352872
S270,5,b1c9,1,5.4C(40%)-3.6C,1054.0,849.1236599147568
S270,5,b1c22,1,6C(30%)-3.6C,891.0,827.5278117609689
S270,5,b1c23,1,6C(30%)-3.6C,1014.0,844.3162840184222
S270,5,b1c38,1,7C(40%)-3.6C,617.0,719.8514041049623
S270,5,b1c39,1,7C(40%)-3.6C,625.0,733.7048192667431
S271,1,b1c3,1,4C(80%)-4C,1226.0,831.4402759105707
S271,1,b1c4,1,4C(80%)-4C,1227.0,831.4402759105707
S271,1,b1c20,1,5.4C(80%)-5.4C,534.0,831.4402759105707
S271,1,b1c21,1,5.4C(80%)-5.4C,559.0,831.4402759105707
S271,1,b1c32,1,6C(60%)-3C,731.0,831.4402759105707
S271,1,b1c33,1,6C(60%)-3C,757.0,831.4402759105707
S271,1,b1c44,1,8C(35%)-3.6C,616.0,831.4402759105707
S271,1,b1c45,1,8C(35%)-3.6C,599.0,831.4402759105707
S271,2,b1c6,1,4.8C(80%)-4.8C,636.0,824.0766086979658
S271,2,b1c7,1,4.8C(80%)-4.8C,870.0,823.8844170286176
S271,2,b1c16,1,5.4C(60%)-3.6C,862.0,829.7846544566969
S271,2,b1c17,1,5.4C(60%)-3.6C,857.0,827.8582260242
S271,2,b1c30,1,6C(50%)-3.6C,709.0,822.4571683215497
S271,2,b1c31,1,6C(50%)-3.6C,876.0,823.1960102142057
S271,2,b1c42,1,8C(25%)-3.6C,702.0,820.3092171092568
S271,2,b1c43,1,8C(25%)-3.6C,651.0,820.3663726045805
S271,3,b1c5,1,4.4C(80%)-4.4C,1074.0,779.299946698614
S271,3,b1c10,1,5.4C(50%)-3C,906.0,779.299946698614
S271,3,b1c11,1,5.4C(50%)-3C,788.0,779.299946698614
S271,3,b1c24,1,6C(40%)-3C,1017.0,779.299946698614
S271,3,b1c25,1,6C(40%)-3C,854.0,779.299946698614
S271,3,b1c40,1,8C(15%)-3.6C,966.0,779.299946698614
S271,3,b1c41,1,8C(15%)-3.6C,1051.0,779.299946698614
S271,4,b1c12,1,5.4C(50%)-3.6C,902.0,813.2221224796995
S271,4,b1c13,1,5.4C(50%)-3.6C,897.0,812.6552945678133
S271,4,b1c26,1,6C(40%)-3.6C,870.0,810.8016371190456
S271,4,b1c27,1,6C(40%)-3.6C,842.0,811.2301122110023
S271,4,b1c36,1,7C(40%)-3C,704.0,809.8813298921511
S271,4,b1c37,1,7C(40%)-3C,648.0,809.913796618895
S271,5,b1c8,1,5.4C(40%)-3.6C,879.0,806.3277853958002
S271,5,b1c9,1,5.4C(40%)-3.6C,1054.0,806.3277853958002
S271,5,b1c22,1,6C(30%)-3.6C,891.0,806.3277853958002
S271,5,b1c23,1,6C(30%)-3.6C,1014.0,806.3277853958002
S271,5,b1c38,1,7C(40%)-3.6C,617.0,806.3277853958002
S271,5,b1c39,1,7C(40%)-3.6C,625.0,806.3277853958002
S272,1,b1c3,1,4C(80%)-4C,1226.0,831.4402759105707
S272,1,b1c4,1,4C(80%)-4C,1227.0,831.4402759105707
S272,1,b1c20,1,5.4C(80%)-5.4C,534.0,831.4402759105707
S272,1,b1c21,1,5.4C(80%)-5.4C,559.0,831.4402759105707
S272,1,b1c32,1,6C(60%)-3C,731.0,831.4402759105707
S272,1,b1c33,1,6C(60%)-3C,757.0,831.4402759105707
S272,1,b1c44,1,8C(35%)-3.6C,616.0,831.4402759105707
S272,1,b1c45,1,8C(35%)-3.6C,599.0,831.4402759105707
S272,2,b1c6,1,4.8C(80%)-4.8C,636.0,824.2234832028455
S272,2,b1c7,1,4.8C(80%)-4.8C,870.0,824.2234832028455
S272,2,b1c16,1,5.4C(60%)-3.6C,862.0,824.2234832028455
S272,2,b1c17,1,5.4C(60%)-3.6C,857.0,824.2234832028455
S272,2,b1c30,1,6C(50%)-3.6C,709.0,824.2234832028455
S272,2,b1c31,1,6C(50%)-3.6C,876.0,824.2234832028455
S272,2,b1c42,1,8C(25%)-3.6C,702.0,824.2234832028455
S272,2,b1c43,1,8C(25%)-3.6C,651.0,824.2234832028455
S272,3,b1c5,1,4.4C(80%)-4.4C,1074.0,779.299946698614
S272,3,b1c10,1,5.4C(50%)-3C,906.0,779.299946698614
S272,3,b1c11,1,5.4C(50%)-3C,788.0,779.299946698614
S272,3,b1c24,1,6C(40%)-3C,1017.0,779.299946698614
S272,3,b1c25,1,6C(40%)-3C,854.0,779.299946698614
S272,3,b1c40,1,8C(15%)-3.6C,966.0,779.299946698614
S272,3,b1c41,1,8C(15%)-3.6C,1051.0,779.299946698614
S272,4,b1c12,1,5.4C(50%)-3.6C,902.0,811.2682220413403
S272,4,b1c13,1,5.4C(50%)-3.6C,897.0,811.2682220413403
S272,4,b1c26,1,6C(40%)-3.6C,870.0,811.2682220413403
S272,4,b1c27,1,6C(40%)-3.6C,842.0,811.2682220413403
S272,4,b1c36,1,7C(40%)-3C,704.0,811.2682220413403
S272,4,b1c37,1,7C(40%)-3C,648.0,811.2682220413403
S272,5,b1c8,1,5.4C(40%)-3.6C,879.0,806.3277853958002
S272,5,b1c9,1,5.4C(40%)-3.6C,1054.0,806.3277853958002
S272,5,b1c22,1,6C(30%)-3.6C,891.0,806.3277853958002
S272,5,b1c23,1,6C(30%)-3.6C,1014.0,806.3277853958002
S272,5,b1c38,1,7C(40%)-3.6C,617.0,806.3277853958002
S272,5,b1c39,1,7C(40%)-3.6C,625.0,806.3277853958002
S273,1,b1c3,1,4C(80%)-4C,1226.0,831.4402759105707
S273,1,b1c4,1,4C(80%)-4C,1227.0,831.4402759105707
S273,1,b1c20,1,5.4C(80%)-5.4C,534.0,831.4402759105707
S273,1,b1c21,1,5.4C(80%)-5.4C,559.0,831.4402759105707
S273,1,b1c32,1,6C(60%)-3C,731.0,831.4402759105707
S273,1,b1c33,1,6C(60%)-3C,757.0,831.4402759105707
S273,1,b1c44,1,8C(35%)-3.6C,616.0,831.4402759105707
S273,1,b1c45,1,8C(35%)-3.6C,599.0,831.4402759105707
S273,2,b1c6,1,4.8C(80%)-4.8C,636.0,824.2234832028455
S273,2,b1c7,1,4.8C(80%)-4.8C,870.0,824.2234832028455
S273,2,b1c16,1,5.4C(60%)-3.6C,862.0,824.2234832028455
S273,2,b1c17,1,5.4C(60%)-3.6C,857.0,824.2234832028455
S273,2,b1c30,1,6C(50%)-3.6C,709.0,824.2234832028455
S273,2,b1c31,1,6C(50%)-3.6C,876.0,824.2234832028455
S273,2,b1c42,1,8C(25%)-3.6C,702.0,824.2234832028455
S273,2,b1c43,1,8C(25%)-3.6C,651.0,824.2234832028455
S273,3,b1c5,1,4.4C(80%)-4.4C,1074.0,779.299946698614
S273,3,b1c10,1,5.4C(50%)-3C,906.0,779.299946698614
S273,3,b1c11,1,5.4C(50%)-3C,788.0,779.299946698614
S273,3,b1c24,1,6C(40%)-3C,1017.0,779.299946698614
S273,3,b1c25,1,6C(40%)-3C,854.0,779.299946698614
S273,3,b1c40,1,8C(15%)-3.6C,966.0,779.299946698614
S273,3,b1c41,1,8C(15%)-3.6C,1051.0,779.299946698614
S273,4,b1c12,1,5.4C(50%)-3.6C,902.0,811.2682220413403
S273,4,b1c13,1,5.4C(50%)-3.6C,897.0,811.2682220413403
S273,4,b1c26,1,6C(40%)-3.6C,870.0,811.2682220413403
S273,4,b1c27,1,6C(40%)-3.6C,842.0,811.2682220413403
S273,4,b1c36,1,7C(40%)-3C,704.0,811.2682220413403
S273,4,b1c37,1,7C(40%)-3C,648.0,811.2682220413403
S273,5,b1c8,1,5.4C(40%)-3.6C,879.0,806.3277853958002
S273,5,b1c9,1,5.4C(40%)-3.6C,1054.0,806.3277853958002
S273,5,b1c22,1,6C(30%)-3.6C,891.0,806.3277853958002
S273,5,b1c23,1,6C(30%)-3.6C,1014.0,806.3277853958002
S273,5,b1c38,1,7C(40%)-3.6C,617.0,806.3277853958002
S273,5,b1c39,1,7C(40%)-3.6C,625.0,806.3277853958002
S274,1,b1c3,1,4C(80%)-4C,1226.0,831.4402759105707
S274,1,b1c4,1,4C(80%)-4C,1227.0,831.4402759105707
S274,1,b1c20,1,5.4C(80%)-5.4C,534.0,831.4402759105707
S274,1,b1c21,1,5.4C(80%)-5.4C,559.0,831.4402759105707
S274,1,b1c32,1,6C(60%)-3C,731.0,831.4402759105707
S274,1,b1c33,1,6C(60%)-3C,757.0,831.4402759105707
S274,1,b1c44,1,8C(35%)-3.6C,616.0,831.4402759105707
S274,1,b1c45,1,8C(35%)-3.6C,599.0,831.4402759105707
S274,2,b1c6,1,4.8C(80%)-4.8C,636.0,824.2234832028455
S274,2,b1c7,1,4.8C(80%)-4.8C,870.0,824.2234832028455
S274,2,b1c16,1,5.4C(60%)-3.6C,862.0,824.2234832028455
S274,2,b1c17,1,5.4C(60%)-3.6C,857.0,824.2234832028455
S274,2,b1c30,1,6C(50%)-3.6C,709.0,824.2234832028455
S274,2,b1c31,1,6C(50%)-3.6C,876.0,824.2234832028455
S274,2,b1c42,1,8C(25%)-3.6C,702.0,824.2234832028455
S274,2,b1c43,1,8C(25%)-3.6C,651.0,824.2234832028455
S274,3,b1c5,1,4.4C(80%)-4.4C,1074.0,779.299946698614
S274,3,b1c10,1,5.4C(50%)-3C,906.0,779.299946698614
S274,3,b1c11,1,5.4C(50%)-3C,788.0,779.299946698614
S274,3,b1c24,1,6C(40%)-3C,1017.0,779.299946698614
S274,3,b1c25,1,6C(40%)-3C,854.0,779.299946698614
S274,3,b1c40,1,8C(15%)-3.6C,966.0,779.299946698614
S274,3,b1c41,1,8C(15%)-3.6C,1051.0,779.299946698614
S274,4,b1c12,1,5.4C(50%)-3.6C,902.0,811.2682220413403
S274,4,b1c13,1,5.4C(50%)-3.6C,897.0,811.2682220413403
S274,4,b1c26,1,6C(40%)-3.6C,870.0,811.2682220413403
S274,4,b1c27,1,6C(40%)-3.6C,842.0,811.2682220413403
S274,4,b1c36,1,7C(40%)-3C,704.0,811.2682220413403
S274,4,b1c37,1,7C(40%)-3C,648.0,811.2682220413403
S274,5,b1c8,1,5.4C(40%)-3.6C,879.0,806.3277853958002
S274,5,b1c9,1,5.4C(40%)-3.6C,1054.0,806.3277853958002
S274,5,b1c22,1,6C(30%)-3.6C,891.0,806.3277853958002
S274,5,b1c23,1,6C(30%)-3.6C,1014.0,806.3277853958002
S274,5,b1c38,1,7C(40%)-3.6C,617.0,806.3277853958002
S274,5,b1c39,1,7C(40%)-3.6C,625.0,806.3277853958002
